Date,ClientID,CA_Client,Courses_Client
2025-01-01,CL0001,17.11,1
2025-02-01,CL0001,12.42,1
2025-03-01,CL0001,34.34,1
2025-04-01,CL0001,27.41,1
2025-05-01,CL0001,41.32,2
2025-06-01,CL0001,22.51,1
2025-07-01,CL0001,39.98,2
2025-08-01,CL0001,50.3,2
2025-09-01,CL0001,23.41,1
2025-10-01,CL0001,17.15,1
2025-11-01,CL0001,27.15,1
2025-12-01,CL0001,48.18,2
2026-01-01,CL0001,21.04,1
2026-02-01,CL0001,28.2,1
2026-03-01,CL0001,29.4,1
2026-04-01,CL0001,22.03,1
2026-05-01,CL0001,31.82,1
2026-06-01,CL0001,48.31,2
2026-07-01,CL0001,57.19,2
2025-01-01,CL0002,3.94,0
2025-02-01,CL0002,7.66,0
2025-03-01,CL0002,5.82,0
2025-04-01,CL0002,4.3,0
2025-05-01,CL0002,7.58,0
2025-06-01,CL0002,12.57,1
2025-07-01,CL0002,8.44,0
2025-08-01,CL0002,12.7,1
2025-09-01,CL0002,8.57,0
2025-10-01,CL0002,5.96,0
2025-11-01,CL0002,6.63,0
2025-12-01,CL0002,10.25,0
2026-01-01,CL0002,7.62,0
2026-02-01,CL0002,8.37,0
2026-03-01,CL0002,9.95,0
2026-04-01,CL0002,6.61,0
2026-05-01,CL0002,11.65,0
2026-06-01,CL0002,5.04,0
2026-07-01,CL0002,16.67,1
2025-01-01,CL0003,6.24,0
2025-02-01,CL0003,6.93,0
2025-03-01,CL0003,4.39,0
2025-04-01,CL0003,5.16,0
2025-05-01,CL0003,8.49,0
2025-06-01,CL0003,10.74,0
2025-07-01,CL0003,14.31,1
2025-08-01,CL0003,9.9,0
2025-09-01,CL0003,6.37,0
2025-10-01,CL0003,10.42,0
2025-11-01,CL0003,8.79,0
2025-12-01,CL0003,5.67,0
2026-01-01,CL0003,9.72,0
2026-02-01,CL0003,5.52,0
2026-03-01,CL0003,6.19,0
2026-04-01,CL0003,11.79,1
2026-05-01,CL0003,5.18,0
2026-06-01,CL0003,9.26,0
2026-07-01,CL0003,9.44,0
2025-11-01,CL0004,10.39,0
2025-12-01,CL0004,14.56,1
2026-01-01,CL0004,8.97,0
2026-02-01,CL0004,9.77,0
2026-03-01,CL0004,21.31,1
2026-04-01,CL0004,11.67,1
2026-05-01,CL0004,15.78,1
2026-06-01,CL0004,26.43,1
2026-07-01,CL0004,14.25,1
2025-02-01,CL0005,8.7,0
2025-03-01,CL0005,9.49,0
2025-04-01,CL0005,15.2,1
2025-05-01,CL0005,10.43,0
2025-06-01,CL0005,16.99,1
2025-07-01,CL0005,14.52,1
2025-08-01,CL0005,17.47,1
2025-09-01,CL0005,12.67,1
2025-10-01,CL0005,10.17,0
2025-11-01,CL0005,10.36,0
2025-12-01,CL0005,17.94,1
2026-01-01,CL0005,18.84,1
2026-02-01,CL0005,12.69,1
2026-03-01,CL0005,18.41,1
2026-04-01,CL0005,19.44,1
2026-05-01,CL0005,21.52,1
2026-06-01,CL0005,17.9,1
2026-07-01,CL0005,24.57,1
2025-01-01,CL0006,8.14,0
2025-02-01,CL0006,4.47,0
2025-03-01,CL0006,5.55,0
2025-04-01,CL0006,11.37,0
2025-05-01,CL0006,8.6,0
2025-06-01,CL0006,8.18,0
2025-07-01,CL0006,16.59,1
2025-08-01,CL0006,12.55,1
2025-09-01,CL0006,9.85,0
2025-10-01,CL0006,5.19,0
2025-11-01,CL0006,10.78,0
2025-12-01,CL0006,13.34,1
2026-01-01,CL0006,12.15,1
2026-02-01,CL0006,11.18,0
2026-03-01,CL0006,11.3,1
2026-04-01,CL0006,6.31,0
2026-05-01,CL0006,12.55,1
2026-06-01,CL0006,8.75,0
2026-07-01,CL0006,16.83,1
2026-04-01,CL0007,4.73,0
2026-05-01,CL0007,8.95,0
2026-06-01,CL0007,7.69,0
2026-07-01,CL0007,12.29,1
2025-01-01,CL0008,7.39,0
2025-02-01,CL0008,8.0,0
2025-03-01,CL0008,8.78,0
2025-04-01,CL0008,5.65,0
2025-05-01,CL0008,9.5,0
2025-06-01,CL0008,13.22,1
2025-07-01,CL0008,6.1,0
2025-08-01,CL0008,12.97,1
2025-09-01,CL0008,8.1,0
2025-10-01,CL0008,10.21,0
2025-11-01,CL0008,4.74,0
2025-12-01,CL0008,8.9,0
2026-01-01,CL0008,11.06,0
2026-02-01,CL0008,10.94,0
2026-03-01,CL0008,5.77,0
2026-04-01,CL0008,5.94,0
2026-05-01,CL0008,11.55,0
2026-06-01,CL0008,10.05,0
2026-07-01,CL0008,10.46,0
2025-01-01,CL0009,2.98,0
2025-02-01,CL0009,6.11,0
2025-03-01,CL0009,4.97,0
2025-04-01,CL0009,5.82,0
2025-05-01,CL0009,6.53,0
2025-06-01,CL0009,9.41,0
2025-07-01,CL0009,8.19,0
2025-08-01,CL0009,5.99,0
2025-09-01,CL0009,5.98,0
2025-10-01,CL0009,4.78,0
2025-11-01,CL0009,4.07,0
2025-12-01,CL0009,6.58,0
2026-01-01,CL0009,4.81,0
2026-02-01,CL0009,3.35,0
2026-03-01,CL0009,6.8,0
2026-04-01,CL0009,6.88,0
2026-05-01,CL0009,6.16,0
2026-06-01,CL0009,10.83,0
2026-07-01,CL0009,9.23,0
2025-01-01,CL0010,11.52,0
2025-02-01,CL0010,5.82,0
2025-03-01,CL0010,13.25,1
2025-04-01,CL0010,7.08,0
2025-05-01,CL0010,14.41,1
2025-06-01,CL0010,16.0,1
2025-07-01,CL0010,10.8,0
2025-08-01,CL0010,17.4,1
2025-09-01,CL0010,5.75,0
2025-10-01,CL0010,7.98,0
2025-11-01,CL0010,5.66,0
2025-12-01,CL0010,9.25,0
2026-01-01,CL0010,12.21,1
2026-02-01,CL0010,5.19,0
2026-03-01,CL0010,13.6,1
2026-04-01,CL0010,6.09,0
2026-05-01,CL0010,14.04,1
2026-06-01,CL0010,9.92,0
2026-07-01,CL0010,10.51,0
2025-01-01,CL0011,8.07,0
2025-02-01,CL0011,5.52,0
2025-03-01,CL0011,13.73,1
2025-04-01,CL0011,7.12,0
2025-05-01,CL0011,18.7,1
2025-06-01,CL0011,18.99,1
2025-07-01,CL0011,16.7,1
2025-08-01,CL0011,21.37,1
2025-09-01,CL0011,15.1,1
2025-10-01,CL0011,7.15,0
2025-11-01,CL0011,12.59,1
2025-12-01,CL0011,19.32,1
2026-01-01,CL0011,8.87,0
2026-02-01,CL0011,5.82,0
2026-03-01,CL0011,7.86,0
2026-04-01,CL0011,14.33,1
2026-05-01,CL0011,8.2,0
2026-06-01,CL0011,8.92,0
2026-07-01,CL0011,19.19,1
2025-07-01,CL0012,65.42,3
2025-08-01,CL0012,61.61,3
2025-09-01,CL0012,40.41,2
2025-10-01,CL0012,40.2,2
2025-11-01,CL0012,17.17,1
2025-12-01,CL0012,30.73,1
2026-01-01,CL0012,39.58,2
2026-02-01,CL0012,48.17,2
2026-03-01,CL0012,41.97,2
2026-04-01,CL0012,35.7,2
2026-05-01,CL0012,24.02,1
2026-06-01,CL0012,52.4,2
2026-07-01,CL0012,36.94,2
2025-01-01,CL0013,42.05,2
2025-02-01,CL0013,77.05,3
2025-03-01,CL0013,70.82,3
2025-04-01,CL0013,58.38,3
2025-05-01,CL0013,120.57,5
2025-06-01,CL0013,68.14,3
2025-07-01,CL0013,95.9,4
2025-08-01,CL0013,137.44,6
2025-09-01,CL0013,48.78,2
2025-10-01,CL0013,96.98,4
2025-11-01,CL0013,78.99,3
2025-12-01,CL0013,97.23,4
2026-01-01,CL0013,115.17,5
2026-02-01,CL0013,97.85,4
2026-03-01,CL0013,87.01,4
2026-04-01,CL0013,60.99,3
2026-05-01,CL0013,85.05,4
2026-06-01,CL0013,85.66,4
2026-07-01,CL0013,156.27,7
2025-04-01,CL0014,17.42,1
2025-05-01,CL0014,43.98,2
2025-06-01,CL0014,32.25,1
2025-07-01,CL0014,36.33,2
2025-08-01,CL0014,29.18,1
2025-09-01,CL0014,17.22,1
2025-10-01,CL0014,28.67,1
2025-11-01,CL0014,29.32,1
2025-12-01,CL0014,44.96,2
2025-02-01,CL0015,7.51,0
2025-03-01,CL0015,5.67,0
2025-04-01,CL0015,11.02,0
2025-05-01,CL0015,9.41,0
2025-06-01,CL0015,14.82,1
2025-07-01,CL0015,13.72,1
2025-08-01,CL0015,15.98,1
2025-09-01,CL0015,11.94,1
2025-10-01,CL0015,6.17,0
2025-11-01,CL0015,9.0,0
2025-12-01,CL0015,14.2,1
2026-01-01,CL0015,7.26,0
2026-02-01,CL0015,5.45,0
2026-03-01,CL0015,8.69,0
2026-04-01,CL0015,6.84,0
2026-05-01,CL0015,8.76,0
2026-06-01,CL0015,7.8,0
2026-07-01,CL0015,21.0,1
2025-01-01,CL0016,10.89,0
2025-02-01,CL0016,13.09,1
2025-03-01,CL0016,12.28,1
2025-04-01,CL0016,10.86,0
2025-05-01,CL0016,6.61,0
2025-06-01,CL0016,16.17,1
2025-07-01,CL0016,20.66,1
2025-08-01,CL0016,22.12,1
2025-09-01,CL0016,9.46,0
2025-10-01,CL0016,14.82,1
2025-11-01,CL0016,10.49,0
2025-12-01,CL0016,10.33,0
2026-01-01,CL0016,6.65,0
2026-02-01,CL0016,8.57,0
2026-03-01,CL0016,14.6,1
2026-04-01,CL0016,17.32,1
2026-05-01,CL0016,16.98,1
2026-06-01,CL0016,14.41,1
2026-07-01,CL0016,24.43,1
2025-01-01,CL0017,4.98,0
2025-02-01,CL0017,7.29,0
2025-03-01,CL0017,7.5,0
2025-04-01,CL0017,6.37,0
2025-05-01,CL0017,9.66,0
2025-06-01,CL0017,10.31,0
2025-07-01,CL0017,5.86,0
2025-08-01,CL0017,6.24,0
2025-09-01,CL0017,5.92,0
2025-10-01,CL0017,7.73,0
2025-11-01,CL0017,7.51,0
2025-12-01,CL0017,4.99,0
2026-01-01,CL0017,4.33,0
2026-02-01,CL0017,3.85,0
2026-03-01,CL0017,7.99,0
2026-04-01,CL0017,9.37,0
2026-02-01,CL0019,8.16,0
2026-03-01,CL0019,11.23,1
2026-04-01,CL0019,14.89,1
2026-05-01,CL0019,15.05,1
2026-06-01,CL0019,14.27,1
2026-07-01,CL0019,13.86,1
2025-03-01,CL0020,9.17,0
2025-04-01,CL0020,16.02,1
2025-05-01,CL0020,8.42,0
2025-06-01,CL0020,18.15,1
2025-07-01,CL0020,15.57,1
2025-08-01,CL0020,22.84,1
2025-09-01,CL0020,11.6,0
2025-10-01,CL0020,12.39,1
2025-11-01,CL0020,11.97,1
2025-12-01,CL0020,16.73,1
2025-01-01,CL0021,5.54,0
2025-02-01,CL0021,5.83,0
2025-03-01,CL0021,5.52,0
2025-04-01,CL0021,4.92,0
2025-05-01,CL0021,11.01,0
2025-06-01,CL0021,11.37,0
2025-07-01,CL0021,9.07,0
2025-08-01,CL0021,9.11,0
2025-09-01,CL0021,5.89,0
2025-10-01,CL0021,5.79,0
2025-11-01,CL0021,8.67,0
2025-12-01,CL0021,9.63,0
2026-01-01,CL0021,4.2,0
2026-02-01,CL0021,7.42,0
2026-03-01,CL0021,8.53,0
2026-03-01,CL0022,12.73,1
2026-04-01,CL0022,11.84,1
2026-05-01,CL0022,9.03,0
2026-06-01,CL0022,7.91,0
2026-07-01,CL0022,18.57,1
2025-07-01,CL0023,9.16,0
2025-08-01,CL0023,7.51,0
2025-09-01,CL0023,11.67,0
2025-10-01,CL0023,10.7,0
2025-11-01,CL0023,5.98,0
2025-12-01,CL0023,9.95,0
2026-01-01,CL0023,7.89,0
2026-02-01,CL0023,11.06,0
2026-03-01,CL0023,9.84,0
2026-04-01,CL0023,10.78,0
2026-05-01,CL0023,13.63,1
2026-06-01,CL0023,7.78,0
2026-07-01,CL0023,13.3,1
2025-04-01,CL0024,57.76,3
2025-05-01,CL0024,70.14,3
2025-06-01,CL0024,46.59,2
2025-07-01,CL0024,66.62,3
2025-08-01,CL0024,48.46,2
2025-09-01,CL0024,50.77,2
2025-10-01,CL0024,59.8,3
2025-11-01,CL0024,54.76,2
2025-12-01,CL0024,65.47,3
2026-01-01,CL0024,28.12,1
2026-02-01,CL0024,43.57,2
2026-03-01,CL0024,69.25,3
2026-04-01,CL0024,67.09,3
2025-01-01,CL0025,5.18,0
2025-02-01,CL0025,6.36,0
2025-03-01,CL0025,7.91,0
2025-04-01,CL0025,5.88,0
2025-05-01,CL0025,8.76,0
2025-06-01,CL0025,10.57,0
2025-07-01,CL0025,8.34,0
2025-08-01,CL0025,10.45,0
2025-09-01,CL0025,3.65,0
2025-10-01,CL0025,8.46,0
2025-11-01,CL0025,8.23,0
2025-12-01,CL0025,9.73,0
2026-01-01,CL0025,8.39,0
2026-02-01,CL0025,6.13,0
2026-03-01,CL0025,8.35,0
2026-04-01,CL0025,9.25,0
2026-05-01,CL0025,9.46,0
2026-06-01,CL0025,5.68,0
2026-07-01,CL0025,11.49,0
2026-01-01,CL0026,5.72,0
2026-02-01,CL0026,9.07,0
2026-03-01,CL0026,5.3,0
2026-04-01,CL0026,4.86,0
2026-05-01,CL0026,4.55,0
2026-06-01,CL0026,6.63,0
2026-07-01,CL0026,11.02,0
2025-09-01,CL0027,12.57,1
2025-10-01,CL0027,11.63,0
2025-11-01,CL0027,12.01,1
2025-12-01,CL0027,13.28,1
2026-01-01,CL0027,10.21,0
2026-02-01,CL0027,9.56,0
2026-03-01,CL0027,7.22,0
2026-04-01,CL0027,15.04,1
2026-05-01,CL0027,8.18,0
2026-06-01,CL0027,17.26,1
2026-07-01,CL0027,9.72,0
2025-01-01,CL0028,6.36,0
2025-02-01,CL0028,4.68,0
2025-03-01,CL0028,5.0,0
2025-04-01,CL0028,3.87,0
2025-05-01,CL0028,8.18,0
2025-06-01,CL0028,7.9,0
2025-07-01,CL0028,8.36,0
2025-08-01,CL0028,7.01,0
2025-09-01,CL0028,7.59,0
2025-10-01,CL0028,4.86,0
2025-11-01,CL0028,6.69,0
2025-12-01,CL0028,9.2,0
2026-01-01,CL0028,4.79,0
2025-01-01,CL0029,8.39,0
2025-02-01,CL0029,8.6,0
2025-03-01,CL0029,9.91,0
2025-04-01,CL0029,13.68,1
2025-05-01,CL0029,21.86,1
2025-06-01,CL0029,18.37,1
2025-07-01,CL0029,19.16,1
2025-08-01,CL0029,25.63,1
2025-09-01,CL0029,13.77,1
2025-10-01,CL0029,12.05,1
2025-11-01,CL0029,15.84,1
2025-12-01,CL0029,20.31,1
2026-01-01,CL0029,11.01,0
2026-02-01,CL0029,7.98,0
2026-03-01,CL0029,23.1,1
2026-04-01,CL0029,17.96,1
2026-05-01,CL0029,11.07,0
2026-06-01,CL0029,21.8,1
2026-07-01,CL0029,18.14,1
2025-05-01,CL0030,68.8,3
2025-06-01,CL0030,34.62,1
2025-07-01,CL0030,89.97,4
2025-08-01,CL0030,39.52,2
2025-09-01,CL0030,29.32,1
2025-10-01,CL0030,58.82,3
2025-11-01,CL0030,30.01,1
2025-12-01,CL0030,83.35,4
2026-01-01,CL0030,59.7,3
2026-02-01,CL0030,45.76,2
2026-03-01,CL0030,55.12,3
2026-04-01,CL0030,70.55,3
2026-05-01,CL0030,59.61,3
2026-06-01,CL0030,86.6,4
2026-07-01,CL0030,48.33,2
2025-01-01,CL0031,5.08,0
2025-02-01,CL0031,2.73,0
2025-03-01,CL0031,8.64,0
2025-04-01,CL0031,3.72,0
2025-05-01,CL0031,6.83,0
2025-06-01,CL0031,8.29,0
2025-07-01,CL0031,5.36,0
2025-08-01,CL0031,4.78,0
2025-09-01,CL0031,7.58,0
2025-10-01,CL0031,7.14,0
2025-11-01,CL0031,7.23,0
2025-12-01,CL0031,7.25,0
2026-01-01,CL0031,7.64,0
2026-02-01,CL0031,3.66,0
2026-03-01,CL0031,6.06,0
2026-04-01,CL0031,3.68,0
2026-05-01,CL0031,5.81,0
2026-06-01,CL0031,10.51,0
2026-07-01,CL0031,6.13,0
2025-08-01,CL0032,21.04,1
2025-09-01,CL0032,11.7,0
2025-10-01,CL0032,19.35,1
2025-11-01,CL0032,13.17,1
2025-12-01,CL0032,16.66,1
2026-01-01,CL0032,18.21,1
2026-02-01,CL0032,15.52,1
2026-03-01,CL0032,15.21,1
2026-04-01,CL0032,17.3,1
2026-05-01,CL0032,13.87,1
2026-06-01,CL0032,22.62,1
2026-07-01,CL0032,17.25,1
2025-01-01,CL0033,15.01,1
2025-02-01,CL0033,21.61,1
2025-03-01,CL0033,16.85,1
2025-04-01,CL0033,27.18,1
2025-05-01,CL0033,30.78,1
2025-06-01,CL0033,24.27,1
2025-07-01,CL0033,16.81,1
2025-08-01,CL0033,29.69,1
2025-09-01,CL0033,27.85,1
2025-10-01,CL0033,14.27,1
2025-11-01,CL0033,12.29,1
2025-12-01,CL0033,31.41,1
2026-01-01,CL0033,24.67,1
2026-02-01,CL0033,23.01,1
2026-03-01,CL0033,20.5,1
2026-04-01,CL0033,26.87,1
2026-05-01,CL0033,28.05,1
2026-06-01,CL0033,26.03,1
2026-07-01,CL0033,42.31,2
2026-04-01,CL0034,32.32,1
2026-05-01,CL0034,32.28,1
2026-06-01,CL0034,65.39,3
2026-07-01,CL0034,50.46,2
2025-10-01,CL0035,33.84,1
2025-11-01,CL0035,40.58,2
2025-12-01,CL0035,67.89,3
2026-01-01,CL0035,29.62,1
2026-02-01,CL0035,57.0,3
2026-03-01,CL0035,38.68,2
2026-04-01,CL0035,39.74,2
2026-05-01,CL0035,37.26,2
2026-06-01,CL0035,38.15,2
2026-07-01,CL0035,103.79,4
2025-08-01,CL0036,15.41,1
2025-09-01,CL0036,11.92,1
2025-10-01,CL0036,9.26,0
2025-11-01,CL0036,16.84,1
2025-12-01,CL0036,24.68,1
2026-01-01,CL0036,15.0,1
2026-02-01,CL0036,15.52,1
2026-03-01,CL0036,24.03,1
2026-04-01,CL0036,10.86,0
2026-05-01,CL0036,13.35,1
2026-06-01,CL0036,14.95,1
2026-07-01,CL0036,19.13,1
2025-01-01,CL0037,5.43,0
2025-02-01,CL0037,7.24,0
2025-03-01,CL0037,6.67,0
2025-04-01,CL0037,9.99,0
2025-05-01,CL0037,10.77,0
2025-06-01,CL0037,9.4,0
2025-07-01,CL0037,6.51,0
2025-08-01,CL0037,9.18,0
2025-09-01,CL0037,5.01,0
2025-10-01,CL0037,7.5,0
2025-11-01,CL0037,4.99,0
2025-12-01,CL0037,6.36,0
2026-01-01,CL0037,5.07,0
2026-02-01,CL0037,9.21,0
2026-03-01,CL0037,3.91,0
2026-04-01,CL0037,6.3,0
2026-05-01,CL0037,11.69,1
2026-06-01,CL0037,5.11,0
2026-07-01,CL0037,14.22,1
2025-12-01,CL0039,12.39,1
2025-03-01,CL0040,7.72,0
2025-04-01,CL0040,3.57,0
2025-05-01,CL0040,7.66,0
2025-06-01,CL0040,4.3,0
2025-07-01,CL0040,7.02,0
2025-08-01,CL0040,8.1,0
2025-09-01,CL0040,4.86,0
2025-10-01,CL0040,6.95,0
2025-11-01,CL0040,5.31,0
2025-12-01,CL0040,9.51,0
2026-01-01,CL0040,6.8,0
2026-02-01,CL0040,7.49,0
2026-03-01,CL0040,8.71,0
2026-04-01,CL0040,7.39,0
2026-05-01,CL0040,7.55,0
2026-06-01,CL0040,5.43,0
2026-07-01,CL0040,9.2,0
2025-01-01,CL0041,8.76,0
2025-02-01,CL0041,5.07,0
2025-03-01,CL0041,11.66,0
2025-04-01,CL0041,10.78,0
2025-05-01,CL0041,6.89,0
2025-06-01,CL0041,11.78,0
2025-07-01,CL0041,16.52,1
2025-08-01,CL0041,7.18,0
2025-09-01,CL0041,6.07,0
2025-10-01,CL0041,10.85,0
2025-11-01,CL0041,9.8,0
2025-12-01,CL0041,14.53,1
2026-01-01,CL0041,11.37,1
2026-06-01,CL0042,15.01,1
2026-07-01,CL0042,23.33,1
2025-10-01,CL0043,9.43,0
2025-11-01,CL0043,17.31,1
2025-12-01,CL0043,22.79,1
2026-01-01,CL0043,20.14,1
2026-04-01,CL0044,8.96,0
2026-05-01,CL0044,11.65,0
2026-06-01,CL0044,9.63,0
2026-07-01,CL0044,14.23,1
2025-05-01,CL0045,4.99,0
2025-06-01,CL0045,5.31,0
2025-07-01,CL0045,11.38,1
2025-08-01,CL0045,5.85,0
2025-09-01,CL0045,6.93,0
2025-10-01,CL0045,6.88,0
2025-11-01,CL0045,6.2,0
2025-12-01,CL0045,12.11,1
2026-01-01,CL0045,10.88,0
2026-02-01,CL0045,8.42,0
2026-03-01,CL0045,11.01,1
2026-04-01,CL0045,12.02,1
2026-05-01,CL0045,4.81,0
2026-06-01,CL0045,6.13,0
2026-07-01,CL0045,10.49,0
2025-07-01,CL0047,36.71,2
2025-08-01,CL0047,19.37,1
2025-09-01,CL0047,11.7,0
2025-10-01,CL0047,11.19,0
2025-11-01,CL0047,23.37,1
2025-12-01,CL0047,12.89,1
2026-01-01,CL0047,11.16,1
2026-02-01,CL0047,20.94,1
2026-03-01,CL0047,13.12,1
2026-04-01,CL0047,27.63,1
2026-05-01,CL0047,33.1,1
2026-06-01,CL0047,22.65,1
2026-07-01,CL0047,20.01,1
2025-10-01,CL0048,7.57,0
2025-11-01,CL0048,9.17,0
2025-12-01,CL0048,6.62,0
2026-01-01,CL0048,11.41,1
2026-02-01,CL0048,7.36,0
2026-03-01,CL0048,12.86,1
2026-04-01,CL0048,7.38,0
2026-05-01,CL0048,11.93,1
2026-06-01,CL0048,11.58,0
2026-07-01,CL0048,17.28,1
2025-04-01,CL0049,4.5,0
2025-05-01,CL0049,8.64,0
2025-06-01,CL0049,9.51,0
2025-07-01,CL0049,5.82,0
2025-08-01,CL0049,7.27,0
2025-09-01,CL0049,8.46,0
2025-10-01,CL0049,3.57,0
2025-11-01,CL0049,6.82,0
2025-12-01,CL0049,8.53,0
2026-01-01,CL0049,7.63,0
2026-02-01,CL0049,9.16,0
2026-03-01,CL0049,7.43,0
2026-04-01,CL0049,4.44,0
2026-05-01,CL0049,8.09,0
2026-06-01,CL0049,11.84,0
2026-07-01,CL0049,16.02,1
2026-06-01,CL0050,24.36,1
2026-07-01,CL0050,29.73,1
2025-06-01,CL0051,27.82,1
2025-07-01,CL0051,25.56,1
2025-08-01,CL0051,37.21,2
2025-09-01,CL0051,30.8,1
2025-10-01,CL0051,18.93,1
2025-11-01,CL0051,33.67,1
2025-12-01,CL0051,42.13,2
2026-01-01,CL0051,29.73,1
2026-02-01,CL0051,14.12,1
2026-03-01,CL0051,24.67,1
2026-04-01,CL0051,38.34,2
2026-05-01,CL0051,30.86,1
2026-06-01,CL0051,52.26,2
2026-07-01,CL0051,51.83,2
2025-03-01,CL0052,20.43,1
2025-04-01,CL0052,32.03,1
2025-05-01,CL0052,33.49,1
2025-06-01,CL0052,39.07,2
2025-07-01,CL0052,22.83,1
2025-08-01,CL0052,40.96,2
2025-09-01,CL0052,33.24,1
2025-10-01,CL0052,20.05,1
2025-11-01,CL0052,27.26,1
2025-12-01,CL0052,17.27,1
2026-01-01,CL0052,15.98,1
2026-02-01,CL0052,17.51,1
2026-03-01,CL0052,16.6,1
2026-04-01,CL0052,21.21,1
2026-05-01,CL0052,20.64,1
2026-06-01,CL0052,17.0,1
2026-07-01,CL0052,46.76,2
2025-01-01,CL0053,4.83,0
2025-02-01,CL0053,8.11,0
2025-03-01,CL0053,7.22,0
2025-04-01,CL0053,10.28,0
2025-05-01,CL0053,12.76,1
2025-06-01,CL0053,8.77,0
2025-07-01,CL0053,13.04,1
2025-08-01,CL0053,9.95,0
2025-09-01,CL0053,9.21,0
2025-10-01,CL0053,10.87,0
2025-11-01,CL0053,8.44,0
2025-12-01,CL0053,8.15,0
2026-01-01,CL0053,11.45,1
2026-02-01,CL0053,10.99,0
2026-03-01,CL0053,8.48,0
2026-04-01,CL0053,13.07,1
2026-05-01,CL0053,13.02,1
2026-06-01,CL0053,7.7,0
2026-07-01,CL0053,9.0,0
2025-12-01,CL0054,58.39,2
2026-01-01,CL0054,46.9,2
2026-02-01,CL0054,65.75,3
2026-03-01,CL0054,46.11,2
2026-04-01,CL0054,53.44,2
2026-05-01,CL0054,66.08,3
2026-06-01,CL0054,71.52,3
2026-07-01,CL0054,79.25,3
2025-07-01,CL0055,10.79,0
2025-08-01,CL0055,10.52,0
2025-09-01,CL0055,5.77,0
2025-10-01,CL0055,7.75,0
2025-11-01,CL0055,4.61,0
2025-12-01,CL0055,11.04,0
2026-01-01,CL0055,6.05,0
2026-02-01,CL0055,8.41,0
2026-03-01,CL0055,7.09,0
2026-04-01,CL0055,7.54,0
2026-05-01,CL0055,9.82,0
2026-06-01,CL0055,4.64,0
2026-07-01,CL0055,13.05,1
2025-03-01,CL0056,6.97,0
2025-04-01,CL0056,8.37,0
2025-05-01,CL0056,14.72,1
2025-06-01,CL0056,10.95,0
2025-07-01,CL0056,18.79,1
2025-08-01,CL0056,21.72,1
2025-09-01,CL0056,8.62,0
2025-10-01,CL0056,6.49,0
2025-11-01,CL0056,12.25,1
2025-12-01,CL0056,16.69,1
2026-01-01,CL0056,6.57,0
2026-02-01,CL0056,6.03,0
2026-03-01,CL0056,9.59,0
2026-04-01,CL0056,17.46,1
2026-05-01,CL0056,10.92,0
2026-06-01,CL0056,18.56,1
2026-07-01,CL0056,17.18,1
2025-07-01,CL0057,11.62,1
2025-08-01,CL0057,18.97,1
2025-09-01,CL0057,11.92,1
2025-10-01,CL0057,9.29,0
2025-11-01,CL0057,9.88,0
2025-12-01,CL0057,16.07,1
2026-01-01,CL0057,17.1,1
2026-02-01,CL0057,13.02,1
2026-03-01,CL0057,17.25,1
2026-04-01,CL0057,18.49,1
2026-05-01,CL0057,20.46,1
2026-06-01,CL0057,21.23,1
2026-07-01,CL0057,16.99,1
2025-05-01,CL0058,10.06,0
2025-06-01,CL0058,13.07,1
2025-07-01,CL0058,19.43,1
2025-08-01,CL0058,7.71,0
2025-09-01,CL0058,14.09,1
2025-10-01,CL0058,13.09,1
2025-11-01,CL0058,10.48,0
2025-12-01,CL0058,17.25,1
2026-01-01,CL0058,9.96,0
2026-02-01,CL0058,11.77,1
2026-03-01,CL0058,9.95,0
2026-04-01,CL0058,10.53,0
2026-05-01,CL0058,9.92,0
2026-06-01,CL0058,13.31,1
2026-07-01,CL0058,13.72,1
2025-01-01,CL0059,20.24,1
2025-02-01,CL0059,8.91,0
2025-03-01,CL0059,22.54,1
2025-04-01,CL0059,9.27,0
2025-05-01,CL0059,22.8,1
2025-06-01,CL0059,11.84,0
2025-07-01,CL0059,26.81,1
2025-08-01,CL0059,29.01,1
2025-09-01,CL0059,21.55,1
2025-10-01,CL0059,10.58,0
2025-11-01,CL0059,12.0,1
2025-12-01,CL0059,20.96,1
2026-06-01,CL0060,12.82,1
2026-07-01,CL0060,14.97,1
2025-01-01,CL0061,4.52,0
2025-02-01,CL0061,7.61,0
2025-03-01,CL0061,6.56,0
2025-04-01,CL0061,4.73,0
2025-05-01,CL0061,11.81,1
2025-06-01,CL0061,11.81,0
2025-07-01,CL0061,10.41,0
2025-08-01,CL0061,10.14,0
2025-09-01,CL0061,5.04,0
2025-10-01,CL0061,4.32,0
2025-11-01,CL0061,5.93,0
2025-12-01,CL0061,12.92,1
2026-01-01,CL0061,5.91,0
2026-02-01,CL0061,5.29,0
2026-03-01,CL0061,10.23,0
2026-04-01,CL0061,4.89,0
2026-05-01,CL0061,8.94,0
2026-06-01,CL0061,5.69,0
2026-07-01,CL0061,11.12,0
2025-03-01,CL0062,20.86,1
2025-04-01,CL0062,16.76,1
2025-05-01,CL0062,26.19,1
2025-06-01,CL0062,13.96,1
2025-07-01,CL0062,21.51,1
2025-08-01,CL0062,24.31,1
2025-09-01,CL0062,12.76,1
2025-10-01,CL0062,21.66,1
2025-11-01,CL0062,20.16,1
2025-12-01,CL0062,11.27,0
2026-01-01,CL0062,16.0,1
2026-02-01,CL0062,17.52,1
2026-03-01,CL0062,24.11,1
2026-04-01,CL0062,23.18,1
2026-05-01,CL0062,15.69,1
2026-06-01,CL0062,14.47,1
2026-07-01,CL0062,26.77,1
2025-10-01,CL0063,11.96,1
2025-11-01,CL0063,6.56,0
2025-12-01,CL0063,10.55,0
2026-01-01,CL0063,11.87,1
2026-02-01,CL0063,10.27,0
2026-03-01,CL0063,5.9,0
2026-04-01,CL0063,11.77,1
2026-05-01,CL0063,12.92,1
2026-06-01,CL0063,6.65,0
2026-07-01,CL0063,18.12,1
2025-11-01,CL0064,13.7,1
2025-12-01,CL0064,11.72,0
2026-01-01,CL0064,20.34,1
2026-02-01,CL0064,14.68,1
2026-03-01,CL0064,17.5,1
2026-04-01,CL0064,17.97,1
2026-05-01,CL0064,22.3,1
2026-06-01,CL0064,25.69,1
2026-07-01,CL0064,20.68,1
2025-09-01,CL0065,14.42,1
2025-10-01,CL0065,12.46,1
2025-11-01,CL0065,7.46,0
2025-12-01,CL0065,15.84,1
2026-01-01,CL0065,14.83,1
2026-02-01,CL0065,6.07,0
2025-10-01,CL0066,7.34,0
2025-11-01,CL0066,5.7,0
2025-12-01,CL0066,7.65,0
2026-01-01,CL0066,3.31,0
2026-02-01,CL0066,3.89,0
2026-03-01,CL0066,6.22,0
2026-04-01,CL0066,3.35,0
2026-05-01,CL0066,5.85,0
2026-06-01,CL0066,6.56,0
2026-07-01,CL0066,7.76,0
2025-02-01,CL0067,14.76,1
2025-03-01,CL0067,16.0,1
2025-04-01,CL0067,15.71,1
2025-05-01,CL0067,15.63,1
2025-06-01,CL0067,25.16,1
2025-07-01,CL0067,35.82,2
2025-08-01,CL0067,20.33,1
2025-09-01,CL0067,35.48,2
2025-10-01,CL0067,32.64,1
2025-11-01,CL0067,19.3,1
2025-12-01,CL0067,18.78,1
2026-01-01,CL0067,15.76,1
2026-02-01,CL0067,28.38,1
2026-03-01,CL0067,36.83,2
2026-04-01,CL0067,25.86,1
2026-05-01,CL0067,42.5,2
2026-06-01,CL0067,47.11,2
2026-07-01,CL0067,51.64,2
2025-01-01,CL0068,7.24,0
2025-02-01,CL0068,7.6,0
2025-03-01,CL0068,14.56,1
2025-04-01,CL0068,8.45,0
2025-05-01,CL0068,7.71,0
2025-06-01,CL0068,13.9,1
2025-07-01,CL0068,22.56,1
2025-08-01,CL0068,11.44,0
2025-09-01,CL0068,12.78,1
2025-10-01,CL0068,13.66,1
2025-11-01,CL0068,14.65,1
2025-10-01,CL0069,6.47,0
2025-11-01,CL0069,7.94,0
2025-12-01,CL0069,10.04,0
2026-02-01,CL0070,9.16,0
2026-03-01,CL0070,14.62,1
2026-04-01,CL0070,10.17,0
2026-05-01,CL0070,12.49,1
2026-06-01,CL0070,15.34,1
2026-07-01,CL0070,10.1,0
2025-11-01,CL0071,15.93,1
2025-12-01,CL0071,15.35,1
2026-01-01,CL0071,14.23,1
2026-02-01,CL0071,12.69,1
2026-03-01,CL0071,22.34,1
2026-04-01,CL0071,16.04,1
2026-05-01,CL0071,11.73,1
2026-06-01,CL0071,15.98,1
2026-07-01,CL0071,33.87,1
2026-05-01,CL0072,27.91,1
2026-06-01,CL0072,23.67,1
2026-07-01,CL0072,31.27,1
2025-10-01,CL0073,13.17,1
2025-11-01,CL0073,11.57,0
2025-12-01,CL0073,15.04,1
2026-01-01,CL0073,16.98,1
2026-02-01,CL0073,6.95,0
2026-03-01,CL0073,17.29,1
2025-03-01,CL0075,92.2,4
2025-04-01,CL0075,133.89,6
2025-05-01,CL0075,74.96,3
2025-06-01,CL0075,129.51,5
2025-07-01,CL0075,128.31,6
2025-08-01,CL0075,141.18,6
2025-09-01,CL0075,80.07,3
2025-10-01,CL0075,69.88,3
2025-11-01,CL0075,69.93,3
2025-12-01,CL0075,89.37,4
2026-01-01,CL0075,95.48,4
2026-02-01,CL0075,73.56,3
2026-03-01,CL0075,86.1,4
2026-04-01,CL0075,63.56,3
2026-05-01,CL0075,91.93,4
2026-06-01,CL0075,139.59,6
2026-07-01,CL0075,119.32,5
2026-07-01,CL0076,14.67,1
2025-06-01,CL0077,8.16,0
2025-07-01,CL0077,8.89,0
2025-08-01,CL0077,10.86,0
2025-09-01,CL0077,5.27,0
2025-10-01,CL0077,6.03,0
2025-11-01,CL0077,6.95,0
2025-12-01,CL0077,10.13,0
2026-01-01,CL0077,4.22,0
2026-02-01,CL0077,8.57,0
2025-01-01,CL0078,7.54,0
2025-02-01,CL0078,9.93,0
2025-03-01,CL0078,5.26,0
2025-04-01,CL0078,13.51,1
2025-05-01,CL0078,10.4,0
2025-06-01,CL0078,15.74,1
2025-07-01,CL0078,18.42,1
2025-08-01,CL0078,12.36,1
2025-09-01,CL0078,10.18,0
2025-10-01,CL0078,6.9,0
2025-11-01,CL0078,5.98,0
2025-12-01,CL0078,14.62,1
2026-01-01,CL0078,12.08,1
2026-02-01,CL0078,6.64,0
2026-03-01,CL0078,5.61,0
2026-04-01,CL0078,7.78,0
2026-05-01,CL0078,10.64,0
2026-06-01,CL0078,14.98,1
2026-07-01,CL0078,10.4,0
2025-03-01,CL0079,10.52,0
2025-04-01,CL0079,7.03,0
2025-05-01,CL0079,13.17,1
2025-06-01,CL0079,13.06,1
2025-07-01,CL0079,15.93,1
2025-08-01,CL0079,15.53,1
2025-09-01,CL0079,6.89,0
2025-10-01,CL0079,12.94,1
2025-11-01,CL0079,5.14,0
2025-12-01,CL0079,9.86,0
2026-01-01,CL0079,12.53,1
2026-02-01,CL0079,13.0,1
2026-03-01,CL0079,9.17,0
2026-04-01,CL0079,14.55,1
2026-05-01,CL0079,15.79,1
2026-06-01,CL0079,10.32,0
2026-07-01,CL0079,13.23,1
2025-06-01,CL0080,11.7,0
2025-07-01,CL0080,18.8,1
2025-08-01,CL0080,18.83,1
2025-09-01,CL0080,12.61,1
2025-10-01,CL0080,12.13,1
2025-11-01,CL0080,12.04,1
2025-12-01,CL0080,8.87,0
2026-01-01,CL0080,17.28,1
2026-02-01,CL0080,11.32,1
2026-03-01,CL0080,15.3,1
2026-04-01,CL0080,13.06,1
2026-05-01,CL0080,14.12,1
2026-06-01,CL0080,11.67,0
2026-07-01,CL0080,21.79,1
2025-07-01,CL0081,15.11,1
2025-08-01,CL0081,23.37,1
2025-09-01,CL0081,17.47,1
2025-10-01,CL0081,14.15,1
2025-11-01,CL0081,7.82,0
2025-12-01,CL0081,8.39,0
2026-01-01,CL0081,13.15,1
2026-02-01,CL0081,13.94,1
2026-03-01,CL0081,14.66,1
2026-04-01,CL0081,14.89,1
2026-05-01,CL0081,15.64,1
2026-06-01,CL0081,23.12,1
2026-07-01,CL0081,25.89,1
2025-01-01,CL0082,38.69,2
2025-02-01,CL0082,22.9,1
2025-03-01,CL0082,23.58,1
2025-04-01,CL0082,33.29,1
2025-05-01,CL0082,46.54,2
2025-06-01,CL0082,52.04,2
2025-07-01,CL0082,29.76,1
2025-08-01,CL0082,46.01,2
2025-09-01,CL0082,31.33,1
2025-10-01,CL0082,21.46,1
2025-11-01,CL0082,36.41,2
2025-12-01,CL0082,49.99,2
2026-01-01,CL0082,24.65,1
2026-02-01,CL0082,16.69,1
2026-03-01,CL0082,20.92,1
2026-04-01,CL0082,47.68,2
2026-05-01,CL0082,21.22,1
2026-06-01,CL0082,46.84,2
2026-07-01,CL0082,28.95,1
2025-01-01,CL0083,13.56,1
2025-02-01,CL0083,12.68,1
2025-03-01,CL0083,11.95,1
2025-04-01,CL0083,14.17,1
2025-05-01,CL0083,8.53,0
2025-06-01,CL0083,14.02,1
2025-07-01,CL0083,10.8,0
2025-08-01,CL0083,20.89,1
2025-09-01,CL0083,7.99,0
2025-10-01,CL0083,15.0,1
2025-11-01,CL0083,7.39,0
2025-12-01,CL0083,10.93,0
2026-01-01,CL0083,17.8,1
2026-02-01,CL0083,15.82,1
2026-03-01,CL0083,19.89,1
2026-04-01,CL0083,15.88,1
2026-05-01,CL0083,15.51,1
2026-06-01,CL0083,15.13,1
2026-07-01,CL0083,14.75,1
2025-01-01,CL0084,15.64,1
2025-02-01,CL0084,14.55,1
2025-03-01,CL0084,10.99,0
2025-04-01,CL0084,19.22,1
2025-05-01,CL0084,14.26,1
2025-06-01,CL0084,36.0,1
2025-07-01,CL0084,16.14,1
2025-08-01,CL0084,23.71,1
2025-09-01,CL0084,26.24,1
2025-10-01,CL0084,22.99,1
2025-11-01,CL0084,22.34,1
2025-01-01,CL0085,20.57,1
2025-02-01,CL0085,14.76,1
2025-03-01,CL0085,14.36,1
2025-04-01,CL0085,25.48,1
2025-05-01,CL0085,39.81,2
2025-06-01,CL0085,19.4,1
2025-07-01,CL0085,19.61,1
2025-08-01,CL0085,31.38,1
2025-09-01,CL0085,27.48,1
2025-10-01,CL0085,29.21,1
2025-11-01,CL0085,24.43,1
2025-12-01,CL0085,42.67,2
2026-01-01,CL0085,32.66,1
2025-08-01,CL0086,14.19,1
2025-09-01,CL0086,6.57,0
2025-10-01,CL0086,6.61,0
2025-11-01,CL0086,4.49,0
2025-12-01,CL0086,9.49,0
2026-01-01,CL0086,9.59,0
2026-02-01,CL0086,4.17,0
2026-03-01,CL0086,5.84,0
2026-04-01,CL0086,7.06,0
2026-05-01,CL0086,8.18,0
2026-06-01,CL0086,7.22,0
2026-07-01,CL0086,11.17,0
2025-10-01,CL0087,12.31,1
2025-11-01,CL0087,15.39,1
2025-12-01,CL0087,29.99,1
2026-01-01,CL0087,10.32,0
2026-02-01,CL0087,20.82,1
2026-03-01,CL0087,14.34,1
2026-04-01,CL0087,17.18,1
2026-05-01,CL0087,21.18,1
2026-06-01,CL0087,13.78,1
2026-07-01,CL0087,40.44,2
2025-04-01,CL0088,23.42,1
2025-05-01,CL0088,21.96,1
2025-06-01,CL0088,40.51,2
2025-07-01,CL0088,45.63,2
2025-08-01,CL0088,38.22,2
2025-09-01,CL0088,23.5,1
2025-10-01,CL0088,23.33,1
2025-11-01,CL0088,12.52,1
2025-12-01,CL0088,22.51,1
2026-01-01,CL0088,25.0,1
2026-02-01,CL0088,31.17,1
2026-03-01,CL0088,21.07,1
2026-04-01,CL0088,22.53,1
2026-05-01,CL0088,36.72,2
2026-06-01,CL0088,43.31,2
2026-07-01,CL0088,62.82,3
2025-01-01,CL0089,5.78,0
2025-02-01,CL0089,4.94,0
2025-03-01,CL0089,5.4,0
2025-04-01,CL0089,7.0,0
2025-05-01,CL0089,8.74,0
2025-06-01,CL0089,10.76,0
2025-07-01,CL0089,9.95,0
2025-08-01,CL0089,12.27,1
2025-09-01,CL0089,8.68,0
2025-10-01,CL0089,6.89,0
2025-11-01,CL0089,3.57,0
2025-12-01,CL0089,9.18,0
2026-01-01,CL0089,9.22,0
2026-02-01,CL0089,8.47,0
2026-03-01,CL0089,10.72,0
2026-04-01,CL0089,10.86,0
2026-05-01,CL0089,4.7,0
2026-06-01,CL0089,13.22,1
2026-07-01,CL0089,10.8,0
2026-02-01,CL0090,9.96,0
2026-03-01,CL0090,10.44,0
2026-04-01,CL0090,8.38,0
2026-05-01,CL0090,12.92,1
2026-06-01,CL0090,7.35,0
2026-07-01,CL0090,11.24,0
2026-01-01,CL0091,38.17,2
2026-02-01,CL0091,18.81,1
2026-03-01,CL0091,43.95,2
2026-04-01,CL0091,50.48,2
2026-05-01,CL0091,45.83,2
2026-06-01,CL0091,58.6,2
2026-07-01,CL0091,64.73,3
2025-04-01,CL0092,10.86,0
2025-05-01,CL0092,9.01,0
2025-06-01,CL0092,7.22,0
2025-07-01,CL0092,6.6,0
2025-08-01,CL0092,10.63,0
2025-09-01,CL0092,9.55,0
2025-10-01,CL0092,5.86,0
2025-11-01,CL0092,4.76,0
2025-12-01,CL0092,8.99,0
2026-01-01,CL0092,5.17,0
2026-02-01,CL0092,11.22,0
2026-03-01,CL0092,4.79,0
2026-04-01,CL0092,9.62,0
2026-05-01,CL0092,8.54,0
2026-06-01,CL0092,7.9,0
2026-07-01,CL0092,13.62,1
2025-01-01,CL0093,6.5,0
2025-02-01,CL0093,7.72,0
2025-03-01,CL0093,4.34,0
2025-04-01,CL0093,8.77,0
2025-05-01,CL0093,4.73,0
2025-06-01,CL0093,8.28,0
2025-07-01,CL0093,12.19,1
2025-08-01,CL0093,8.72,0
2025-09-01,CL0093,9.54,0
2025-10-01,CL0093,5.26,0
2025-11-01,CL0093,4.3,0
2025-12-01,CL0093,6.61,0
2026-01-01,CL0093,6.67,0
2026-02-01,CL0093,7.84,0
2026-03-01,CL0093,9.76,0
2026-04-01,CL0093,7.04,0
2026-05-01,CL0093,10.45,0
2026-06-01,CL0093,9.66,0
2026-07-01,CL0093,6.92,0
2025-01-01,CL0094,12.46,1
2025-02-01,CL0094,6.48,0
2025-03-01,CL0094,6.65,0
2025-04-01,CL0094,6.17,0
2025-05-01,CL0094,10.97,0
2025-06-01,CL0094,8.14,0
2025-07-01,CL0094,10.9,1
2025-08-01,CL0094,17.48,1
2025-09-01,CL0094,6.51,0
2025-10-01,CL0094,5.9,0
2025-11-01,CL0094,5.37,0
2025-12-01,CL0094,15.6,1
2026-01-01,CL0094,13.87,1
2026-02-01,CL0094,12.01,1
2026-03-01,CL0094,14.48,1
2026-04-01,CL0094,11.88,1
2026-05-01,CL0094,7.83,0
2026-06-01,CL0094,13.4,1
2026-07-01,CL0094,14.77,1
2026-01-01,CL0095,32.17,1
2026-02-01,CL0095,28.91,1
2026-03-01,CL0095,44.99,2
2026-04-01,CL0095,25.45,1
2026-05-01,CL0095,52.52,2
2026-06-01,CL0095,23.26,1
2026-07-01,CL0095,74.01,3
2026-06-01,CL0096,25.75,1
2026-07-01,CL0096,28.2,1
2026-01-01,CL0097,6.23,0
2026-02-01,CL0097,3.94,0
2026-03-01,CL0097,8.34,0
2026-04-01,CL0097,6.25,0
2026-05-01,CL0097,8.35,0
2026-06-01,CL0097,8.86,0
2026-07-01,CL0097,8.87,0
2025-04-01,CL0098,6.33,0
2025-05-01,CL0098,12.4,1
2025-06-01,CL0098,7.27,0
2025-07-01,CL0098,11.23,1
2025-08-01,CL0098,13.08,1
2025-09-01,CL0098,10.67,0
2025-10-01,CL0098,11.19,0
2025-11-01,CL0098,4.77,0
2025-12-01,CL0098,9.33,0
2026-01-01,CL0098,7.74,0
2026-02-01,CL0098,8.85,0
2026-03-01,CL0098,6.62,0
2026-04-01,CL0098,14.09,1
2026-05-01,CL0098,14.81,1
2026-06-01,CL0098,9.43,0
2026-07-01,CL0098,8.62,0
2025-01-01,CL0099,33.62,1
2025-02-01,CL0099,42.34,2
2025-03-01,CL0099,39.86,2
2025-04-01,CL0099,43.79,2
2025-05-01,CL0099,50.05,2
2025-06-01,CL0099,54.62,2
2025-07-01,CL0099,51.49,2
2025-08-01,CL0099,59.97,3
2025-09-01,CL0099,33.58,1
2025-10-01,CL0099,42.75,2
2025-11-01,CL0099,43.92,2
2025-12-01,CL0099,30.28,1
2026-01-01,CL0099,41.76,2
2026-02-01,CL0099,42.4,2
2026-03-01,CL0099,23.57,1
2026-04-01,CL0099,36.19,2
2026-05-01,CL0099,39.73,2
2026-06-01,CL0099,42.2,2
2026-07-01,CL0099,75.44,3
2025-02-01,CL0100,6.36,0
2025-03-01,CL0100,8.71,0
2025-04-01,CL0100,9.8,0
2025-05-01,CL0100,10.82,0
2025-06-01,CL0100,12.02,0
2025-07-01,CL0100,14.8,1
2025-08-01,CL0100,14.05,1
2025-09-01,CL0100,4.78,0
2025-10-01,CL0100,4.11,0
2025-11-01,CL0100,3.95,0
2025-12-01,CL0100,9.82,0
2026-01-01,CL0100,11.49,1
2026-02-01,CL0100,10.66,0
2026-03-01,CL0100,11.12,1
2026-04-01,CL0100,11.7,1
2026-05-01,CL0100,6.34,0
2026-06-01,CL0100,10.28,0
2026-07-01,CL0100,8.4,0
2025-01-01,CL0101,21.28,1
2025-02-01,CL0101,14.57,1
2025-03-01,CL0101,31.21,1
2025-04-01,CL0101,16.43,1
2025-05-01,CL0101,15.99,1
2025-06-01,CL0101,45.87,2
2025-07-01,CL0101,39.74,2
2025-08-01,CL0101,34.93,2
2025-09-01,CL0101,32.4,1
2025-10-01,CL0101,34.94,1
2025-11-01,CL0101,12.82,1
2025-12-01,CL0101,17.54,1
2026-01-01,CL0101,27.28,1
2026-02-01,CL0101,28.9,1
2026-03-01,CL0101,16.68,1
2026-04-01,CL0101,40.7,2
2026-05-01,CL0101,36.84,2
2026-06-01,CL0101,29.24,1
2026-07-01,CL0101,38.91,2
2025-01-01,CL0102,17.96,1
2025-02-01,CL0102,22.46,1
2025-03-01,CL0102,23.36,1
2025-04-01,CL0102,19.14,1
2025-05-01,CL0102,20.41,1
2025-06-01,CL0102,27.69,1
2025-07-01,CL0102,22.72,1
2025-08-01,CL0102,33.87,1
2025-09-01,CL0102,28.0,1
2025-10-01,CL0102,35.01,1
2025-11-01,CL0102,14.55,1
2025-12-01,CL0102,24.89,1
2026-01-01,CL0102,21.32,1
2026-02-01,CL0102,17.6,1
2026-03-01,CL0102,31.53,1
2026-04-01,CL0102,31.78,1
2026-05-01,CL0102,24.68,1
2026-06-01,CL0102,41.92,2
2026-07-01,CL0102,44.85,2
2025-01-01,CL0103,4.57,0
2025-02-01,CL0103,7.66,0
2025-03-01,CL0103,4.8,0
2025-04-01,CL0103,5.93,0
2025-05-01,CL0103,6.41,0
2025-06-01,CL0103,7.69,0
2025-07-01,CL0103,5.72,0
2025-08-01,CL0103,6.41,0
2025-09-01,CL0103,7.75,0
2025-10-01,CL0103,7.09,0
2025-11-01,CL0103,6.84,0
2025-12-01,CL0103,7.88,0
2026-01-01,CL0103,9.62,0
2026-02-01,CL0103,5.51,0
2026-03-01,CL0103,6.01,0
2026-04-01,CL0103,3.82,0
2026-05-01,CL0103,5.18,0
2026-06-01,CL0103,10.33,0
2026-07-01,CL0103,9.76,0
2025-09-01,CL0104,22.64,1
2025-10-01,CL0104,18.33,1
2025-11-01,CL0104,28.62,1
2025-12-01,CL0104,50.9,2
2026-01-01,CL0104,36.25,2
2026-02-01,CL0104,24.79,1
2026-03-01,CL0104,36.18,2
2026-04-01,CL0104,35.55,2
2026-05-01,CL0104,30.49,1
2026-06-01,CL0104,54.0,2
2026-07-01,CL0104,61.66,3
2025-06-01,CL0105,12.56,1
2025-07-01,CL0105,6.17,0
2025-08-01,CL0105,10.27,0
2025-09-01,CL0105,5.21,0
2025-10-01,CL0105,8.1,0
2025-11-01,CL0105,4.76,0
2025-12-01,CL0105,5.09,0
2025-12-01,CL0106,10.36,0
2026-01-01,CL0106,15.39,1
2026-02-01,CL0106,9.01,0
2026-03-01,CL0106,18.44,1
2026-04-01,CL0106,23.64,1
2026-05-01,CL0106,25.26,1
2026-06-01,CL0106,13.2,1
2026-07-01,CL0106,28.34,1
2025-12-01,CL0107,12.09,1
2026-01-01,CL0107,8.89,0
2026-02-01,CL0107,6.99,0
2026-03-01,CL0107,7.48,0
2026-04-01,CL0107,9.64,0
2026-05-01,CL0107,7.21,0
2026-06-01,CL0107,12.52,1
2026-07-01,CL0107,11.31,0
2025-12-01,CL0108,21.82,1
2026-01-01,CL0108,20.55,1
2026-02-01,CL0108,10.01,0
2026-03-01,CL0108,11.0,1
2026-04-01,CL0108,26.22,1
2026-05-01,CL0108,19.61,1
2026-06-01,CL0108,28.95,1
2026-07-01,CL0108,26.73,1
2025-01-01,CL0109,6.0,0
2025-02-01,CL0109,6.5,0
2025-03-01,CL0109,8.69,0
2025-04-01,CL0109,9.52,0
2025-05-01,CL0109,13.64,1
2025-06-01,CL0109,14.21,1
2025-07-01,CL0109,13.89,1
2025-08-01,CL0109,16.66,1
2025-09-01,CL0109,5.19,0
2025-10-01,CL0109,11.15,0
2025-11-01,CL0109,5.14,0
2025-12-01,CL0109,11.8,0
2026-01-01,CL0109,7.8,0
2026-02-01,CL0109,9.48,0
2026-03-01,CL0109,8.53,0
2026-04-01,CL0109,14.16,1
2026-05-01,CL0109,5.74,0
2026-06-01,CL0109,14.69,1
2026-07-01,CL0109,16.51,1
2025-06-01,CL0111,16.86,1
2025-07-01,CL0111,15.16,1
2025-08-01,CL0111,18.13,1
2025-09-01,CL0111,11.13,0
2025-10-01,CL0111,11.51,0
2025-11-01,CL0111,8.44,0
2025-12-01,CL0111,15.66,1
2026-01-01,CL0111,6.0,0
2026-02-01,CL0111,11.61,1
2026-03-01,CL0111,11.83,1
2026-04-01,CL0111,7.32,0
2026-05-01,CL0111,7.59,0
2026-06-01,CL0111,12.84,1
2026-07-01,CL0111,22.39,1
2026-06-01,CL0112,52.45,2
2026-07-01,CL0112,65.23,3
2025-09-01,CL0113,10.28,0
2025-10-01,CL0113,8.81,0
2025-11-01,CL0113,8.65,0
2025-12-01,CL0113,13.36,1
2026-01-01,CL0113,6.4,0
2026-02-01,CL0113,12.78,1
2026-03-01,CL0113,14.77,1
2026-04-01,CL0113,6.63,0
2026-05-01,CL0113,13.46,1
2026-06-01,CL0113,12.44,1
2026-07-01,CL0113,17.51,1
2025-01-01,CL0114,5.91,0
2025-02-01,CL0114,3.03,0
2025-03-01,CL0114,8.48,0
2025-04-01,CL0114,5.28,0
2025-05-01,CL0114,7.11,0
2025-06-01,CL0114,8.74,0
2025-07-01,CL0114,10.63,0
2025-08-01,CL0114,9.72,0
2025-09-01,CL0114,6.47,0
2025-10-01,CL0114,3.6,0
2025-11-01,CL0114,5.76,0
2025-12-01,CL0114,4.92,0
2026-01-01,CL0114,4.72,0
2026-02-01,CL0114,7.27,0
2025-06-01,CL0115,13.91,1
2025-07-01,CL0115,19.96,1
2025-08-01,CL0115,23.68,1
2025-09-01,CL0115,11.18,0
2025-10-01,CL0115,14.28,1
2025-11-01,CL0115,13.19,1
2025-12-01,CL0115,19.22,1
2026-01-01,CL0115,20.07,1
2026-02-01,CL0115,12.15,1
2026-03-01,CL0115,9.92,0
2026-04-01,CL0115,17.85,1
2026-05-01,CL0115,18.51,1
2026-06-01,CL0115,21.66,1
2026-07-01,CL0115,15.78,1
2025-07-01,CL0116,13.33,1
2025-08-01,CL0116,16.77,1
2025-09-01,CL0116,14.34,1
2025-10-01,CL0116,15.83,1
2025-11-01,CL0116,12.1,1
2025-12-01,CL0116,15.4,1
2026-01-01,CL0116,7.89,0
2026-02-01,CL0116,15.57,1
2026-03-01,CL0116,7.01,0
2026-04-01,CL0116,11.93,1
2026-05-01,CL0116,9.36,0
2026-06-01,CL0116,21.55,1
2026-07-01,CL0116,11.77,1
2026-02-01,CL0117,3.65,0
2026-03-01,CL0117,6.47,0
2026-04-01,CL0117,4.0,0
2026-05-01,CL0117,6.19,0
2026-06-01,CL0117,6.87,0
2026-07-01,CL0117,9.94,0
2025-01-01,CL0118,14.98,1
2025-02-01,CL0118,16.56,1
2025-03-01,CL0118,20.12,1
2025-04-01,CL0118,15.15,1
2025-05-01,CL0118,15.14,1
2025-06-01,CL0118,10.63,0
2025-07-01,CL0118,12.97,1
2025-08-01,CL0118,11.18,0
2025-09-01,CL0118,15.16,1
2025-10-01,CL0118,7.95,0
2025-11-01,CL0118,17.99,1
2025-12-01,CL0118,17.4,1
2026-01-01,CL0118,13.68,1
2026-02-01,CL0118,13.73,1
2026-03-01,CL0118,16.06,1
2026-04-01,CL0118,10.45,0
2026-05-01,CL0118,15.83,1
2026-06-01,CL0118,16.9,1
2026-07-01,CL0118,30.04,1
2025-09-01,CL0119,5.94,0
2025-10-01,CL0119,8.6,0
2025-11-01,CL0119,8.04,0
2025-12-01,CL0119,12.55,1
2026-01-01,CL0119,8.05,0
2026-02-01,CL0119,8.3,0
2026-03-01,CL0119,6.69,0
2026-04-01,CL0119,7.21,0
2026-05-01,CL0119,9.11,0
2026-06-01,CL0119,13.68,1
2026-07-01,CL0119,10.5,0
2025-02-01,CL0120,6.24,0
2025-03-01,CL0120,13.12,1
2025-04-01,CL0120,11.91,1
2025-05-01,CL0120,9.45,0
2025-06-01,CL0120,15.03,1
2025-07-01,CL0120,20.33,1
2025-08-01,CL0120,10.43,0
2025-09-01,CL0120,11.75,0
2025-10-01,CL0120,15.15,1
2025-11-01,CL0120,10.22,0
2025-12-01,CL0120,10.96,0
2026-01-01,CL0120,14.3,1
2026-02-01,CL0120,15.28,1
2026-03-01,CL0120,15.11,1
2026-04-01,CL0120,15.82,1
2026-05-01,CL0120,18.95,1
2026-06-01,CL0120,14.44,1
2026-07-01,CL0120,20.27,1
2026-05-01,CL0121,12.21,1
2026-06-01,CL0121,12.55,1
2026-07-01,CL0121,17.35,1
2025-01-01,CL0122,3.11,0
2025-02-01,CL0122,6.54,0
2025-03-01,CL0122,6.49,0
2025-04-01,CL0122,5.15,0
2025-05-01,CL0122,10.0,0
2025-06-01,CL0122,10.64,0
2025-07-01,CL0122,5.75,0
2025-08-01,CL0122,10.42,0
2025-09-01,CL0122,8.11,0
2025-10-01,CL0122,7.72,0
2025-11-01,CL0122,4.3,0
2025-12-01,CL0122,11.34,0
2026-01-01,CL0122,4.22,0
2026-02-01,CL0122,4.51,0
2026-03-01,CL0122,8.42,0
2026-04-01,CL0122,4.15,0
2026-05-01,CL0122,10.63,0
2026-06-01,CL0122,9.17,0
2026-07-01,CL0122,6.16,0
2026-01-01,CL0123,21.5,1
2026-02-01,CL0123,20.51,1
2026-03-01,CL0123,29.9,1
2026-04-01,CL0123,21.31,1
2026-05-01,CL0123,24.84,1
2026-06-01,CL0123,15.57,1
2026-07-01,CL0123,50.55,2
2026-04-01,CL0124,8.8,0
2026-05-01,CL0124,5.16,0
2026-06-01,CL0124,6.37,0
2026-07-01,CL0124,7.82,0
2025-07-01,CL0125,4.22,0
2025-08-01,CL0125,5.87,0
2025-09-01,CL0125,6.29,0
2025-10-01,CL0125,5.57,0
2025-11-01,CL0125,6.18,0
2025-12-01,CL0125,9.38,0
2026-01-01,CL0125,7.54,0
2026-02-01,CL0125,4.67,0
2026-03-01,CL0125,7.89,0
2026-04-01,CL0125,8.78,0
2026-05-01,CL0125,10.49,0
2026-06-01,CL0125,4.38,0
2026-07-01,CL0125,14.14,1
2025-07-01,CL0126,12.32,1
2025-08-01,CL0126,23.09,1
2025-09-01,CL0126,10.19,0
2025-10-01,CL0126,13.64,1
2025-11-01,CL0126,7.11,0
2025-12-01,CL0126,12.24,1
2026-01-01,CL0126,12.12,1
2026-02-01,CL0126,14.59,1
2026-03-01,CL0126,8.75,0
2026-04-01,CL0126,12.66,1
2026-05-01,CL0126,7.74,0
2026-06-01,CL0126,11.29,0
2026-07-01,CL0126,28.01,1
2025-01-01,CL0127,4.91,0
2025-02-01,CL0127,4.7,0
2025-03-01,CL0127,6.53,0
2025-04-01,CL0127,3.87,0
2025-05-01,CL0127,4.66,0
2025-06-01,CL0127,5.6,0
2025-07-01,CL0127,8.66,0
2025-08-01,CL0127,7.51,0
2025-09-01,CL0127,5.04,0
2025-10-01,CL0127,3.83,0
2025-11-01,CL0127,6.33,0
2025-12-01,CL0127,7.03,0
2026-01-01,CL0127,8.71,0
2026-02-01,CL0127,5.79,0
2026-03-01,CL0127,7.91,0
2026-04-01,CL0127,7.69,0
2026-05-01,CL0127,4.71,0
2026-06-01,CL0127,6.71,0
2026-07-01,CL0127,15.7,1
2025-12-01,CL0128,51.51,2
2026-01-01,CL0128,31.7,1
2026-02-01,CL0128,21.56,1
2026-03-01,CL0128,49.16,2
2026-04-01,CL0128,42.65,2
2026-05-01,CL0128,30.78,1
2026-06-01,CL0128,36.13,2
2026-07-01,CL0128,55.03,2
2025-07-01,CL0129,10.58,0
2025-08-01,CL0129,7.73,0
2025-09-01,CL0129,7.76,0
2025-10-01,CL0129,3.32,0
2025-11-01,CL0129,7.26,0
2025-12-01,CL0129,4.62,0
2026-01-01,CL0129,4.26,0
2026-02-01,CL0129,4.02,0
2026-03-01,CL0129,8.93,0
2026-04-01,CL0129,7.25,0
2026-05-01,CL0129,8.02,0
2026-06-01,CL0129,7.01,0
2026-07-01,CL0129,13.33,1
2026-03-01,CL0130,9.54,0
2026-04-01,CL0130,14.57,1
2026-05-01,CL0130,10.48,0
2026-06-01,CL0130,15.57,1
2026-07-01,CL0130,12.32,1
2026-03-01,CL0131,36.04,2
2026-04-01,CL0131,38.94,2
2026-05-01,CL0131,31.92,1
2026-06-01,CL0131,43.82,2
2026-07-01,CL0131,46.91,2
2025-08-01,CL0132,13.66,1
2025-09-01,CL0132,9.78,0
2025-10-01,CL0132,7.91,0
2025-11-01,CL0132,10.09,0
2025-12-01,CL0132,5.6,0
2026-01-01,CL0132,6.85,0
2026-02-01,CL0132,7.46,0
2026-03-01,CL0132,10.5,0
2026-04-01,CL0132,4.91,0
2026-05-01,CL0132,12.11,1
2026-06-01,CL0132,15.49,1
2026-07-01,CL0132,9.73,0
2025-01-01,CL0133,7.06,0
2025-02-01,CL0133,6.25,0
2025-03-01,CL0133,9.71,0
2025-04-01,CL0133,10.54,0
2025-05-01,CL0133,5.7,0
2025-06-01,CL0133,5.55,0
2025-07-01,CL0133,7.84,0
2025-08-01,CL0133,14.72,1
2025-09-01,CL0133,5.3,0
2025-10-01,CL0133,8.65,0
2025-11-01,CL0133,9.12,0
2025-12-01,CL0133,6.28,0
2026-01-01,CL0133,6.29,0
2026-02-01,CL0133,6.51,0
2026-03-01,CL0133,8.72,0
2026-04-01,CL0133,4.46,0
2026-05-01,CL0133,8.54,0
2026-06-01,CL0133,14.01,1
2026-07-01,CL0133,17.23,1
2025-01-01,CL0134,16.76,1
2025-02-01,CL0134,22.86,1
2025-03-01,CL0134,36.43,2
2025-04-01,CL0134,15.93,1
2025-05-01,CL0134,42.67,2
2025-06-01,CL0134,36.39,2
2025-07-01,CL0134,34.79,2
2025-08-01,CL0134,46.12,2
2025-09-01,CL0134,19.0,1
2025-10-01,CL0134,19.56,1
2025-11-01,CL0134,13.34,1
2025-12-01,CL0134,44.91,2
2026-01-01,CL0134,34.0,2
2026-02-01,CL0134,22.56,1
2026-03-01,CL0134,37.9,2
2026-04-01,CL0134,22.9,1
2026-05-01,CL0134,44.12,2
2026-06-01,CL0134,25.45,1
2026-07-01,CL0134,27.03,1
2025-11-01,CL0135,3.77,0
2025-12-01,CL0135,5.56,0
2026-01-01,CL0135,6.42,0
2026-02-01,CL0135,9.5,0
2026-03-01,CL0135,8.3,0
2026-04-01,CL0135,8.72,0
2026-05-01,CL0135,7.5,0
2026-06-01,CL0135,9.29,0
2026-07-01,CL0135,11.78,1
2025-12-01,CL0136,6.4,0
2026-01-01,CL0136,8.15,0
2026-02-01,CL0136,8.52,0
2026-03-01,CL0136,5.62,0
2026-04-01,CL0136,7.55,0
2026-05-01,CL0136,9.35,0
2026-06-01,CL0136,7.81,0
2026-07-01,CL0136,7.79,0
2026-05-01,CL0137,17.33,1
2026-06-01,CL0137,20.78,1
2026-07-01,CL0137,25.56,1
2026-03-01,CL0138,30.66,1
2026-04-01,CL0138,23.0,1
2026-05-01,CL0138,21.67,1
2026-06-01,CL0138,16.12,1
2026-07-01,CL0138,38.54,2
2025-10-01,CL0139,29.42,1
2025-11-01,CL0139,32.5,1
2025-12-01,CL0139,45.31,2
2026-01-01,CL0139,37.5,2
2026-02-01,CL0139,29.41,1
2026-03-01,CL0139,36.01,2
2025-04-01,CL0140,6.9,0
2025-05-01,CL0140,12.78,1
2025-06-01,CL0140,9.04,0
2025-07-01,CL0140,18.58,1
2025-08-01,CL0140,9.6,0
2025-09-01,CL0140,14.0,1
2025-10-01,CL0140,13.83,1
2025-11-01,CL0140,12.07,1
2025-12-01,CL0140,15.34,1
2026-01-01,CL0140,14.15,1
2026-02-01,CL0140,6.84,0
2026-03-01,CL0140,19.43,1
2026-04-01,CL0140,9.46,0
2026-05-01,CL0140,16.59,1
2026-06-01,CL0140,16.32,1
2026-07-01,CL0140,19.25,1
2026-04-01,CL0141,10.0,0
2026-05-01,CL0141,12.34,1
2026-06-01,CL0141,12.11,1
2026-07-01,CL0141,19.76,1
2025-11-01,CL0142,22.8,1
2025-12-01,CL0142,29.78,1
2026-01-01,CL0142,41.39,2
2026-02-01,CL0142,47.77,2
2026-03-01,CL0142,43.8,2
2026-04-01,CL0142,61.49,3
2026-05-01,CL0142,51.89,2
2026-06-01,CL0142,72.12,3
2026-07-01,CL0142,71.37,3
2025-08-01,CL0143,10.97,0
2025-09-01,CL0143,12.23,1
2025-10-01,CL0143,7.77,0
2025-11-01,CL0143,12.6,1
2025-12-01,CL0143,15.88,1
2026-01-01,CL0143,9.32,0
2026-02-01,CL0143,12.7,1
2026-03-01,CL0143,14.44,1
2026-04-01,CL0143,15.81,1
2026-05-01,CL0143,18.87,1
2026-06-01,CL0143,16.39,1
2026-07-01,CL0143,19.85,1
2025-01-01,CL0144,9.01,0
2025-02-01,CL0144,7.55,0
2025-03-01,CL0144,18.6,1
2025-04-01,CL0144,17.42,1
2025-05-01,CL0144,13.44,1
2025-06-01,CL0144,12.65,1
2025-07-01,CL0144,9.64,0
2025-08-01,CL0144,18.67,1
2025-09-01,CL0144,19.75,1
2025-10-01,CL0144,12.2,1
2025-11-01,CL0144,8.97,0
2025-12-01,CL0144,15.48,1
2026-01-01,CL0144,18.82,1
2026-02-01,CL0144,12.65,1
2026-03-01,CL0144,11.13,1
2026-04-01,CL0144,11.8,1
2026-05-01,CL0144,21.57,1
2026-06-01,CL0144,11.67,0
2026-07-01,CL0144,33.12,1
2025-01-01,CL0145,6.31,0
2025-02-01,CL0145,4.58,0
2025-03-01,CL0145,8.52,0
2025-04-01,CL0145,8.33,0
2025-05-01,CL0145,5.99,0
2025-06-01,CL0145,9.83,0
2025-07-01,CL0145,11.13,1
2025-08-01,CL0145,5.01,0
2025-09-01,CL0145,4.59,0
2025-10-01,CL0145,5.29,0
2025-11-01,CL0145,7.43,0
2025-12-01,CL0145,8.69,0
2026-01-01,CL0145,8.13,0
2026-02-01,CL0145,7.63,0
2026-03-01,CL0145,5.77,0
2026-04-01,CL0145,4.67,0
2026-05-01,CL0145,9.19,0
2026-06-01,CL0145,11.3,0
2026-07-01,CL0145,7.66,0
2025-09-01,CL0146,16.19,1
2025-10-01,CL0146,10.88,0
2025-11-01,CL0146,12.78,1
2025-12-01,CL0146,28.08,1
2026-01-01,CL0146,19.05,1
2026-02-01,CL0146,14.93,1
2026-03-01,CL0146,11.14,1
2026-04-01,CL0146,17.26,1
2026-05-01,CL0146,12.41,1
2026-06-01,CL0146,23.8,1
2026-07-01,CL0146,17.38,1
2025-07-01,CL0147,15.23,1
2025-08-01,CL0147,20.41,1
2025-09-01,CL0147,12.78,1
2025-10-01,CL0147,13.26,1
2025-11-01,CL0147,5.71,0
2025-12-01,CL0147,16.89,1
2026-01-01,CL0147,10.05,0
2026-02-01,CL0147,13.37,1
2026-03-01,CL0147,6.82,0
2026-04-01,CL0147,14.48,1
2026-05-01,CL0147,15.94,1
2026-06-01,CL0147,14.71,1
2026-07-01,CL0147,11.07,0
2025-04-01,CL0148,15.69,1
2025-05-01,CL0148,11.24,0
2025-06-01,CL0148,25.06,1
2025-07-01,CL0148,19.4,1
2025-08-01,CL0148,26.72,1
2025-09-01,CL0148,10.47,0
2025-10-01,CL0148,19.71,1
2025-11-01,CL0148,10.97,0
2025-12-01,CL0148,16.72,1
2026-01-01,CL0148,19.15,1
2026-02-01,CL0148,23.93,1
2026-03-01,CL0148,23.21,1
2026-04-01,CL0148,14.86,1
2026-05-01,CL0148,16.01,1
2026-06-01,CL0148,29.35,1
2026-07-01,CL0148,25.54,1
2026-06-01,CL0149,10.6,0
2026-07-01,CL0149,14.73,1
2025-04-01,CL0150,11.28,0
2025-05-01,CL0150,9.78,0
2025-06-01,CL0150,17.07,1
2025-07-01,CL0150,8.91,0
2025-08-01,CL0150,12.04,1
2025-09-01,CL0150,13.58,1
2025-10-01,CL0150,9.21,0
2025-11-01,CL0150,8.47,0
2025-12-01,CL0150,11.97,1
2026-01-01,CL0150,7.71,0
2026-02-01,CL0150,8.42,0
2026-03-01,CL0150,15.55,1
2026-04-01,CL0150,11.67,1
2026-05-01,CL0150,12.57,1
2026-06-01,CL0150,16.26,1
2026-07-01,CL0150,23.16,1
2025-04-01,CL0151,13.1,1
2025-05-01,CL0151,9.61,0
2025-06-01,CL0151,15.93,1
2025-07-01,CL0151,12.66,1
2025-08-01,CL0151,9.64,0
2025-09-01,CL0151,5.92,0
2025-10-01,CL0151,6.98,0
2025-11-01,CL0151,9.64,0
2025-12-01,CL0151,15.16,1
2026-01-01,CL0151,8.68,0
2026-02-01,CL0151,8.5,0
2026-03-01,CL0151,9.52,0
2026-04-01,CL0151,13.78,1
2026-05-01,CL0151,6.81,0
2026-06-01,CL0151,15.34,1
2026-07-01,CL0151,13.38,1
2025-01-01,CL0152,4.42,0
2025-02-01,CL0152,4.98,0
2025-03-01,CL0152,5.96,0
2025-04-01,CL0152,6.11,0
2025-05-01,CL0152,8.94,0
2025-06-01,CL0152,13.37,1
2025-07-01,CL0152,7.03,0
2025-08-01,CL0152,12.27,1
2025-09-01,CL0152,7.88,0
2025-10-01,CL0152,5.54,0
2025-11-01,CL0152,8.9,0
2025-12-01,CL0152,6.36,0
2026-01-01,CL0152,11.55,1
2026-02-01,CL0152,4.1,0
2026-03-01,CL0152,9.71,0
2026-04-01,CL0152,10.33,0
2026-05-01,CL0152,11.36,0
2026-06-01,CL0152,5.58,0
2026-07-01,CL0152,13.03,1
2025-01-01,CL0153,8.17,0
2025-02-01,CL0153,4.41,0
2025-03-01,CL0153,6.69,0
2025-04-01,CL0153,6.38,0
2025-05-01,CL0153,8.82,0
2025-06-01,CL0153,8.71,0
2025-07-01,CL0153,12.4,1
2025-08-01,CL0153,8.59,0
2025-09-01,CL0153,8.82,0
2025-10-01,CL0153,8.1,0
2025-11-01,CL0153,4.41,0
2025-12-01,CL0153,10.51,0
2026-01-01,CL0153,8.76,0
2026-02-01,CL0153,5.77,0
2026-03-01,CL0153,10.32,0
2026-04-01,CL0153,9.39,0
2026-05-01,CL0153,8.73,0
2026-06-01,CL0153,11.76,0
2026-07-01,CL0153,15.04,1
2025-06-01,CL0154,97.35,4
2025-07-01,CL0154,103.86,5
2025-08-01,CL0154,94.43,4
2025-09-01,CL0154,48.68,2
2025-10-01,CL0154,34.87,1
2025-11-01,CL0154,31.93,1
2025-12-01,CL0154,39.88,2
2026-01-01,CL0154,82.71,4
2026-02-01,CL0154,39.28,2
2026-03-01,CL0154,47.36,2
2026-04-01,CL0154,78.51,4
2026-05-01,CL0154,88.52,4
2026-06-01,CL0154,57.29,2
2026-07-01,CL0154,87.79,4
2025-01-01,CL0155,17.67,1
2025-02-01,CL0155,17.24,1
2025-03-01,CL0155,19.94,1
2025-04-01,CL0155,8.62,0
2025-05-01,CL0155,25.94,1
2025-06-01,CL0155,25.52,1
2025-07-01,CL0155,15.42,1
2025-08-01,CL0155,31.67,1
2025-09-01,CL0155,22.08,1
2025-10-01,CL0155,21.92,1
2025-11-01,CL0155,12.57,1
2025-12-01,CL0155,15.76,1
2026-01-01,CL0155,15.93,1
2026-02-01,CL0155,19.4,1
2026-03-01,CL0155,19.33,1
2026-04-01,CL0155,19.53,1
2026-05-01,CL0155,19.79,1
2026-06-01,CL0155,12.03,1
2026-07-01,CL0155,35.6,2
2025-01-01,CL0156,7.79,0
2025-02-01,CL0156,2.77,0
2025-03-01,CL0156,3.65,0
2025-04-01,CL0156,5.75,0
2025-05-01,CL0156,6.0,0
2025-06-01,CL0156,6.31,0
2025-07-01,CL0156,10.89,1
2025-08-01,CL0156,4.95,0
2025-09-01,CL0156,5.43,0
2025-10-01,CL0156,3.48,0
2025-11-01,CL0156,4.93,0
2025-12-01,CL0156,7.79,0
2026-01-01,CL0156,4.29,0
2026-02-01,CL0156,8.33,0
2026-03-01,CL0156,6.92,0
2026-04-01,CL0156,9.1,0
2026-05-01,CL0156,10.65,0
2026-06-01,CL0156,7.45,0
2026-07-01,CL0156,13.22,1
2025-10-01,CL0157,4.04,0
2025-11-01,CL0157,9.13,0
2025-12-01,CL0157,5.51,0
2026-01-01,CL0157,6.16,0
2026-02-01,CL0157,3.87,0
2026-03-01,CL0157,11.31,1
2026-04-01,CL0157,7.45,0
2026-05-01,CL0157,8.42,0
2026-06-01,CL0157,13.75,1
2026-07-01,CL0157,9.7,0
2026-06-01,CL0158,5.27,0
2026-07-01,CL0158,11.57,0
2025-01-01,CL0159,62.94,3
2025-02-01,CL0159,45.27,2
2025-03-01,CL0159,36.39,2
2025-04-01,CL0159,37.02,2
2025-05-01,CL0159,39.24,2
2025-06-01,CL0159,77.99,3
2025-07-01,CL0159,68.25,3
2025-08-01,CL0159,85.73,4
2025-09-01,CL0159,34.49,1
2025-10-01,CL0159,31.95,1
2025-11-01,CL0159,59.53,3
2025-12-01,CL0159,37.35,2
2026-01-01,CL0159,53.55,2
2026-02-01,CL0159,49.13,2
2026-03-01,CL0159,54.62,2
2026-04-01,CL0159,89.08,4
2026-05-01,CL0159,38.46,2
2026-06-01,CL0159,66.17,3
2026-07-01,CL0159,101.12,4
2025-04-01,CL0160,20.54,1
2025-05-01,CL0160,19.07,1
2025-06-01,CL0160,31.68,1
2025-07-01,CL0160,29.02,1
2025-08-01,CL0160,27.75,1
2025-09-01,CL0160,40.12,2
2025-10-01,CL0160,20.52,1
2025-11-01,CL0160,23.2,1
2025-12-01,CL0160,40.93,2
2025-09-01,CL0161,12.74,1
2025-10-01,CL0161,7.17,0
2025-11-01,CL0161,6.08,0
2025-12-01,CL0161,17.87,1
2026-01-01,CL0161,10.45,0
2026-02-01,CL0161,7.64,0
2026-03-01,CL0161,17.26,1
2026-04-01,CL0161,14.04,1
2026-05-01,CL0161,16.37,1
2026-06-01,CL0161,13.83,1
2026-07-01,CL0161,24.25,1
2025-01-01,CL0162,9.85,0
2025-02-01,CL0162,10.64,0
2025-03-01,CL0162,6.65,0
2025-04-01,CL0162,9.96,0
2025-05-01,CL0162,7.57,0
2025-06-01,CL0162,5.87,0
2025-07-01,CL0162,13.51,1
2025-08-01,CL0162,14.94,1
2025-09-01,CL0162,11.51,0
2025-10-01,CL0162,8.38,0
2025-11-01,CL0162,10.02,0
2025-12-01,CL0162,11.8,0
2026-01-01,CL0162,8.26,0
2026-02-01,CL0162,5.42,0
2026-03-01,CL0162,8.7,0
2026-04-01,CL0162,11.4,1
2026-05-01,CL0162,12.24,1
2026-06-01,CL0162,13.63,1
2026-07-01,CL0162,12.86,1
2025-01-01,CL0163,4.82,0
2025-02-01,CL0163,3.59,0
2025-03-01,CL0163,9.14,0
2025-04-01,CL0163,7.64,0
2025-05-01,CL0163,5.3,0
2025-06-01,CL0163,7.62,0
2025-07-01,CL0163,6.28,0
2025-08-01,CL0163,12.95,1
2025-09-01,CL0163,6.03,0
2025-10-01,CL0163,8.79,0
2025-11-01,CL0163,7.24,0
2025-12-01,CL0163,14.25,1
2026-01-01,CL0163,4.4,0
2026-02-01,CL0163,9.62,0
2026-03-01,CL0163,11.36,1
2026-04-01,CL0163,9.85,0
2026-05-01,CL0163,9.24,0
2026-06-01,CL0163,13.48,1
2026-07-01,CL0163,13.98,1
2026-07-01,CL0164,38.01,2
2025-01-01,CL0165,7.46,0
2025-02-01,CL0165,8.4,0
2025-03-01,CL0165,9.67,0
2025-04-01,CL0165,10.99,0
2025-05-01,CL0165,6.45,0
2025-06-01,CL0165,12.0,0
2025-07-01,CL0165,12.53,1
2025-08-01,CL0165,15.93,1
2025-09-01,CL0165,11.57,0
2025-10-01,CL0165,11.44,0
2025-11-01,CL0165,10.37,0
2025-12-01,CL0165,15.66,1
2026-01-01,CL0165,5.74,0
2026-02-01,CL0165,8.0,0
2026-03-01,CL0165,7.75,0
2026-04-01,CL0165,6.42,0
2026-05-01,CL0165,12.64,1
2026-06-01,CL0165,6.46,0
2026-07-01,CL0165,16.82,1
2025-09-01,CL0166,10.8,0
2025-10-01,CL0166,9.68,0
2025-11-01,CL0166,10.26,0
2025-12-01,CL0166,13.99,1
2026-01-01,CL0166,7.89,0
2026-02-01,CL0166,9.1,0
2026-03-01,CL0166,8.03,0
2026-04-01,CL0166,10.14,0
2026-05-01,CL0166,6.78,0
2026-06-01,CL0166,12.9,1
2026-07-01,CL0166,7.48,0
2025-01-01,CL0167,7.7,0
2025-02-01,CL0167,5.23,0
2025-03-01,CL0167,8.17,0
2025-04-01,CL0167,5.24,0
2025-05-01,CL0167,9.83,0
2025-06-01,CL0167,5.66,0
2025-07-01,CL0167,6.06,0
2025-08-01,CL0167,12.57,1
2025-09-01,CL0167,9.09,0
2025-10-01,CL0167,6.42,0
2025-11-01,CL0167,7.09,0
2025-12-01,CL0167,9.57,0
2026-01-01,CL0167,8.76,0
2026-02-01,CL0167,6.0,0
2026-03-01,CL0167,4.77,0
2026-04-01,CL0167,3.8,0
2026-05-01,CL0167,10.27,0
2026-06-01,CL0167,4.34,0
2026-07-01,CL0167,14.4,1
2025-01-01,CL0168,9.06,0
2025-02-01,CL0168,5.46,0
2025-03-01,CL0168,8.93,0
2025-04-01,CL0168,7.08,0
2025-05-01,CL0168,11.64,0
2025-06-01,CL0168,9.35,0
2025-07-01,CL0168,7.65,0
2025-08-01,CL0168,7.11,0
2025-09-01,CL0168,11.72,0
2025-10-01,CL0168,12.35,1
2025-11-01,CL0168,9.19,0
2025-12-01,CL0168,11.59,0
2026-01-01,CL0168,12.21,1
2026-02-01,CL0168,7.77,0
2026-03-01,CL0168,6.73,0
2026-04-01,CL0168,8.68,0
2026-05-01,CL0168,11.99,1
2026-06-01,CL0168,17.07,1
2026-07-01,CL0168,20.38,1
2025-01-01,CL0169,8.85,0
2025-02-01,CL0169,5.55,0
2025-03-01,CL0169,9.13,0
2025-04-01,CL0169,6.89,0
2025-05-01,CL0169,8.38,0
2025-06-01,CL0169,5.93,0
2025-07-01,CL0169,9.34,0
2025-08-01,CL0169,7.81,0
2025-09-01,CL0169,4.71,0
2025-10-01,CL0169,9.0,0
2025-11-01,CL0169,7.03,0
2025-12-01,CL0169,11.31,0
2026-01-01,CL0169,5.97,0
2026-02-01,CL0169,7.68,0
2026-03-01,CL0169,11.35,1
2026-04-01,CL0169,6.21,0
2026-05-01,CL0169,8.04,0
2026-06-01,CL0169,7.87,0
2026-07-01,CL0169,11.73,0
2025-11-01,CL0170,32.96,1
2025-12-01,CL0170,52.9,2
2026-01-01,CL0170,43.69,2
2026-02-01,CL0170,40.56,2
2026-03-01,CL0170,18.37,1
2025-02-01,CL0171,7.79,0
2025-03-01,CL0171,10.45,0
2025-04-01,CL0171,12.84,1
2025-05-01,CL0171,7.29,0
2025-06-01,CL0171,14.47,1
2025-07-01,CL0171,10.04,0
2025-08-01,CL0171,13.09,1
2025-09-01,CL0171,10.73,0
2025-10-01,CL0171,8.49,0
2025-11-01,CL0171,10.05,0
2025-12-01,CL0171,14.38,1
2026-01-01,CL0171,9.48,0
2026-02-01,CL0171,11.19,0
2026-03-01,CL0171,10.1,0
2026-04-01,CL0171,8.81,0
2026-05-01,CL0171,13.44,1
2026-06-01,CL0171,11.76,0
2026-07-01,CL0171,15.22,1
2025-01-01,CL0172,5.05,0
2025-02-01,CL0172,5.77,0
2025-03-01,CL0172,8.15,0
2025-04-01,CL0172,3.82,0
2025-05-01,CL0172,8.15,0
2025-06-01,CL0172,8.68,0
2025-07-01,CL0172,5.86,0
2025-08-01,CL0172,12.67,1
2025-09-01,CL0172,5.18,0
2025-10-01,CL0172,5.82,0
2025-11-01,CL0172,5.62,0
2025-12-01,CL0172,10.03,0
2026-01-01,CL0172,8.14,0
2026-02-01,CL0172,8.51,0
2026-03-01,CL0172,7.47,0
2026-04-01,CL0172,4.29,0
2026-05-01,CL0172,6.95,0
2026-06-01,CL0172,5.61,0
2026-07-01,CL0172,15.36,1
2025-01-01,CL0173,8.52,0
2025-02-01,CL0173,8.5,0
2025-03-01,CL0173,8.54,0
2025-04-01,CL0173,4.93,0
2025-05-01,CL0173,7.01,0
2025-06-01,CL0173,12.89,1
2025-07-01,CL0173,12.33,1
2025-08-01,CL0173,6.22,0
2025-09-01,CL0173,10.33,0
2025-10-01,CL0173,8.4,0
2025-11-01,CL0173,8.21,0
2025-12-01,CL0173,6.24,0
2026-01-01,CL0173,11.47,1
2026-02-01,CL0173,6.09,0
2026-03-01,CL0173,11.13,1
2026-04-01,CL0173,9.95,0
2025-06-01,CL0174,31.49,1
2025-07-01,CL0174,60.55,3
2025-08-01,CL0174,26.05,1
2025-09-01,CL0174,43.57,2
2025-10-01,CL0174,18.89,1
2025-11-01,CL0174,36.53,2
2025-12-01,CL0174,33.31,1
2026-01-01,CL0174,20.39,1
2026-02-01,CL0174,34.61,2
2026-03-01,CL0174,30.52,1
2026-04-01,CL0174,26.0,1
2026-05-01,CL0174,36.29,2
2026-06-01,CL0174,49.27,2
2026-07-01,CL0174,28.06,1
2026-06-01,CL0175,9.03,0
2026-07-01,CL0175,14.82,1
2025-10-01,CL0176,54.35,2
2025-11-01,CL0176,63.91,3
2025-12-01,CL0176,69.82,3
2026-01-01,CL0176,89.17,4
2026-02-01,CL0176,57.51,3
2026-03-01,CL0176,42.34,2
2026-04-01,CL0176,52.82,2
2026-05-01,CL0176,97.71,4
2026-06-01,CL0176,47.56,2
2026-07-01,CL0176,73.25,3
2026-06-01,CL0177,6.67,0
2026-07-01,CL0177,11.34,0
2026-03-01,CL0178,58.88,3
2026-04-01,CL0178,36.05,2
2026-05-01,CL0178,63.64,3
2026-06-01,CL0178,60.73,3
2026-07-01,CL0178,81.97,3
2025-01-01,CL0179,7.55,0
2025-02-01,CL0179,5.13,0
2025-03-01,CL0179,7.87,0
2025-04-01,CL0179,8.19,0
2025-05-01,CL0179,11.82,1
2025-06-01,CL0179,4.9,0
2025-07-01,CL0179,12.54,1
2025-08-01,CL0179,14.01,1
2025-09-01,CL0179,8.0,0
2025-10-01,CL0179,5.45,0
2025-11-01,CL0179,4.29,0
2025-12-01,CL0179,5.4,0
2026-01-01,CL0179,5.4,0
2026-02-01,CL0179,8.43,0
2026-03-01,CL0179,5.54,0
2026-04-01,CL0179,9.06,0
2026-05-01,CL0179,7.04,0
2026-06-01,CL0179,6.59,0
2026-07-01,CL0179,16.12,1
2025-04-01,CL0180,8.88,0
2025-05-01,CL0180,6.08,0
2025-06-01,CL0180,7.42,0
2025-07-01,CL0180,12.44,1
2025-08-01,CL0180,14.63,1
2025-09-01,CL0180,8.06,0
2025-10-01,CL0180,8.99,0
2025-11-01,CL0180,5.06,0
2025-12-01,CL0180,10.11,0
2026-01-01,CL0180,11.04,0
2026-02-01,CL0180,10.41,0
2026-03-01,CL0180,8.67,0
2026-04-01,CL0180,8.21,0
2026-05-01,CL0180,7.09,0
2026-06-01,CL0180,12.41,1
2026-07-01,CL0180,17.65,1
2025-01-01,CL0181,14.45,1
2025-02-01,CL0181,17.93,1
2025-03-01,CL0181,23.25,1
2025-04-01,CL0181,13.79,1
2025-05-01,CL0181,29.63,1
2025-06-01,CL0181,28.46,1
2025-07-01,CL0181,34.02,2
2025-08-01,CL0181,19.1,1
2025-09-01,CL0181,18.04,1
2025-10-01,CL0181,9.84,0
2025-11-01,CL0181,21.23,1
2025-12-01,CL0181,30.69,1
2026-01-01,CL0181,24.77,1
2026-02-01,CL0181,10.46,0
2026-03-01,CL0181,10.68,0
2026-04-01,CL0181,20.93,1
2026-05-01,CL0181,26.09,1
2026-06-01,CL0181,29.64,1
2026-07-01,CL0181,42.73,2
2025-01-01,CL0182,8.45,0
2025-02-01,CL0182,5.39,0
2025-03-01,CL0182,6.63,0
2025-04-01,CL0182,4.55,0
2025-05-01,CL0182,7.58,0
2025-06-01,CL0182,7.42,0
2025-07-01,CL0182,9.45,0
2025-08-01,CL0182,8.77,0
2025-09-01,CL0182,7.05,0
2025-10-01,CL0182,4.05,0
2025-11-01,CL0182,8.24,0
2025-12-01,CL0182,6.65,0
2026-01-01,CL0182,9.92,0
2026-02-01,CL0182,7.69,0
2026-03-01,CL0182,6.4,0
2026-04-01,CL0182,4.39,0
2026-05-01,CL0182,8.29,0
2026-06-01,CL0182,12.01,1
2026-07-01,CL0182,14.6,1
2025-03-01,CL0183,9.12,0
2025-04-01,CL0183,4.79,0
2025-05-01,CL0183,4.96,0
2025-06-01,CL0183,10.81,0
2025-07-01,CL0183,5.47,0
2025-08-01,CL0183,6.91,0
2025-09-01,CL0183,7.62,0
2025-10-01,CL0183,4.79,0
2025-11-01,CL0183,3.27,0
2025-12-01,CL0183,8.89,0
2026-01-01,CL0183,8.35,0
2026-02-01,CL0183,8.72,0
2026-03-01,CL0183,7.67,0
2026-04-01,CL0183,4.03,0
2026-05-01,CL0183,9.81,0
2026-06-01,CL0183,9.9,0
2026-07-01,CL0183,12.67,1
2025-02-01,CL0184,8.67,0
2025-03-01,CL0184,10.35,0
2025-04-01,CL0184,10.63,0
2025-05-01,CL0184,9.56,0
2025-06-01,CL0184,15.42,1
2025-07-01,CL0184,15.42,1
2025-08-01,CL0184,9.14,0
2025-09-01,CL0184,10.59,0
2025-10-01,CL0184,8.86,0
2025-11-01,CL0184,7.44,0
2025-12-01,CL0184,6.55,0
2026-01-01,CL0184,7.38,0
2026-02-01,CL0184,6.47,0
2026-03-01,CL0184,6.14,0
2026-04-01,CL0184,8.28,0
2026-05-01,CL0184,7.14,0
2026-06-01,CL0184,10.56,0
2026-07-01,CL0184,16.45,1
2025-01-01,CL0185,4.6,0
2025-02-01,CL0185,3.03,0
2025-03-01,CL0185,4.45,0
2025-04-01,CL0185,3.82,0
2025-05-01,CL0185,4.02,0
2025-06-01,CL0185,9.83,0
2025-07-01,CL0185,4.51,0
2025-08-01,CL0185,8.11,0
2025-09-01,CL0185,5.43,0
2025-10-01,CL0185,8.36,0
2025-11-01,CL0185,6.43,0
2025-12-01,CL0185,7.29,0
2026-01-01,CL0185,8.15,0
2026-02-01,CL0185,7.14,0
2026-03-01,CL0185,3.78,0
2026-04-01,CL0185,8.66,0
2026-05-01,CL0185,4.82,0
2026-06-01,CL0185,10.54,0
2026-07-01,CL0185,5.16,0
2026-04-01,CL0186,9.06,0
2026-05-01,CL0186,7.2,0
2026-06-01,CL0186,15.77,1
2026-07-01,CL0186,22.1,1
2026-07-01,CL0187,26.95,1
2025-01-01,CL0188,14.18,1
2025-02-01,CL0188,8.35,0
2025-03-01,CL0188,16.57,1
2025-04-01,CL0188,19.53,1
2025-05-01,CL0188,16.19,1
2025-06-01,CL0188,22.03,1
2025-07-01,CL0188,24.19,1
2025-08-01,CL0188,17.79,1
2025-09-01,CL0188,15.29,1
2025-10-01,CL0188,11.38,0
2025-11-01,CL0188,6.12,0
2025-12-01,CL0188,21.65,1
2026-01-01,CL0188,14.95,1
2026-02-01,CL0188,8.34,0
2026-03-01,CL0188,10.77,0
2026-04-01,CL0188,9.92,0
2026-05-01,CL0188,17.07,1
2026-06-01,CL0188,9.34,0
2026-07-01,CL0188,26.3,1
2025-12-01,CL0189,20.32,1
2026-01-01,CL0189,16.59,1
2026-02-01,CL0189,23.75,1
2026-03-01,CL0189,20.57,1
2026-04-01,CL0189,27.21,1
2026-05-01,CL0189,29.91,1
2026-06-01,CL0189,20.97,1
2026-07-01,CL0189,23.19,1
2025-01-01,CL0190,6.28,0
2025-02-01,CL0190,4.44,0
2025-03-01,CL0190,10.98,0
2025-04-01,CL0190,12.5,1
2025-05-01,CL0190,14.05,1
2025-06-01,CL0190,15.01,1
2025-07-01,CL0190,7.36,0
2025-08-01,CL0190,12.01,1
2025-09-01,CL0190,9.01,0
2025-10-01,CL0190,7.81,0
2025-11-01,CL0190,9.59,0
2025-12-01,CL0190,7.34,0
2026-01-01,CL0190,6.02,0
2026-02-01,CL0190,6.11,0
2026-03-01,CL0190,7.72,0
2026-04-01,CL0190,9.49,0
2026-05-01,CL0190,10.91,0
2026-06-01,CL0190,15.25,1
2026-07-01,CL0190,14.18,1
2025-05-01,CL0191,11.21,0
2025-06-01,CL0191,15.36,1
2025-07-01,CL0191,13.9,1
2025-08-01,CL0191,24.55,1
2025-09-01,CL0191,8.02,0
2025-10-01,CL0191,16.47,1
2025-11-01,CL0191,6.49,0
2025-12-01,CL0191,11.98,1
2026-01-01,CL0191,12.93,1
2026-02-01,CL0191,9.12,0
2026-03-01,CL0191,10.13,0
2026-04-01,CL0191,18.4,1
2026-05-01,CL0191,19.22,1
2026-06-01,CL0191,23.25,1
2026-07-01,CL0191,30.11,1
2026-07-01,CL0192,19.05,1
2025-01-01,CL0193,3.17,0
2025-02-01,CL0193,2.77,0
2025-03-01,CL0193,5.58,0
2025-04-01,CL0193,6.61,0
2025-05-01,CL0193,5.39,0
2025-06-01,CL0193,10.45,0
2025-07-01,CL0193,5.73,0
2025-08-01,CL0193,8.25,0
2025-09-01,CL0193,6.71,0
2025-10-01,CL0193,5.85,0
2025-11-01,CL0193,3.15,0
2025-12-01,CL0193,8.38,0
2026-01-01,CL0193,4.53,0
2026-02-01,CL0193,3.17,0
2026-03-01,CL0193,5.66,0
2026-04-01,CL0193,3.43,0
2026-05-01,CL0193,3.76,0
2026-06-01,CL0193,10.39,0
2026-07-01,CL0193,14.05,1
2025-01-01,CL0194,4.69,0
2025-02-01,CL0194,5.82,0
2025-03-01,CL0194,8.47,0
2025-04-01,CL0194,4.46,0
2025-05-01,CL0194,11.79,1
2025-06-01,CL0194,8.44,0
2025-07-01,CL0194,10.21,0
2025-08-01,CL0194,9.25,0
2025-09-01,CL0194,7.45,0
2025-10-01,CL0194,6.08,0
2025-11-01,CL0194,8.65,0
2025-12-01,CL0194,8.25,0
2026-01-01,CL0194,5.32,0
2026-02-01,CL0194,7.01,0
2026-03-01,CL0194,5.38,0
2026-04-01,CL0194,10.68,0
2026-05-01,CL0194,7.02,0
2026-06-01,CL0194,8.29,0
2026-07-01,CL0194,14.13,1
2025-01-01,CL0195,5.66,0
2025-02-01,CL0195,3.93,0
2025-03-01,CL0195,5.42,0
2025-04-01,CL0195,8.01,0
2025-05-01,CL0195,8.2,0
2025-06-01,CL0195,7.85,0
2025-07-01,CL0195,11.19,1
2025-08-01,CL0195,11.72,1
2025-09-01,CL0195,4.24,0
2025-10-01,CL0195,3.9,0
2025-11-01,CL0195,6.38,0
2025-12-01,CL0195,5.83,0
2026-01-01,CL0195,4.59,0
2026-02-01,CL0195,3.43,0
2026-03-01,CL0195,7.39,0
2026-04-01,CL0195,4.31,0
2026-05-01,CL0195,3.91,0
2026-06-01,CL0195,5.04,0
2026-07-01,CL0195,7.81,0
2026-03-01,CL0196,15.62,1
2026-04-01,CL0196,11.08,0
2026-05-01,CL0196,13.83,1
2026-06-01,CL0196,10.12,0
2026-07-01,CL0196,18.86,1
2025-10-01,CL0197,16.5,1
2025-11-01,CL0197,9.35,0
2025-12-01,CL0197,8.65,0
2026-01-01,CL0197,12.61,1
2026-02-01,CL0197,16.36,1
2026-03-01,CL0197,10.6,0
2026-04-01,CL0197,10.54,0
2026-05-01,CL0197,7.86,0
2026-06-01,CL0197,19.31,1
2026-07-01,CL0197,18.03,1
2025-08-01,CL0198,19.17,1
2025-09-01,CL0198,13.17,1
2025-10-01,CL0198,8.41,0
2025-11-01,CL0198,9.97,0
2025-12-01,CL0198,12.49,1
2026-01-01,CL0198,8.08,0
2026-02-01,CL0198,9.09,0
2026-03-01,CL0198,14.34,1
2026-04-01,CL0198,7.86,0
2026-05-01,CL0198,10.32,0
2026-06-01,CL0198,8.74,0
2026-07-01,CL0198,21.79,1
2026-07-01,CL0199,12.05,1
2025-11-01,CL0200,31.66,1
2025-12-01,CL0200,22.36,1
2026-01-01,CL0200,23.59,1
2026-02-01,CL0200,33.84,2
2026-03-01,CL0200,39.25,2
2026-04-01,CL0200,39.99,2
2026-05-01,CL0200,39.89,2
2026-06-01,CL0200,39.39,2
2026-07-01,CL0200,60.47,3
2026-03-01,CL0201,55.4,3
2026-04-01,CL0201,33.97,2
2026-05-01,CL0201,102.59,4
2026-06-01,CL0201,112.98,5
2026-07-01,CL0201,74.8,3
2025-11-01,CL0202,10.8,0
2025-12-01,CL0202,7.78,0
2026-01-01,CL0202,6.79,0
2026-02-01,CL0202,6.64,0
2026-03-01,CL0202,10.31,0
2026-04-01,CL0202,7.74,0
2026-05-01,CL0202,8.96,0
2026-06-01,CL0202,15.58,1
2026-07-01,CL0202,11.79,1
2025-01-01,CL0203,10.46,0
2025-02-01,CL0203,8.26,0
2025-03-01,CL0203,12.0,1
2025-04-01,CL0203,15.34,1
2025-05-01,CL0203,23.95,1
2025-06-01,CL0203,19.38,1
2025-07-01,CL0203,12.0,1
2025-08-01,CL0203,19.86,1
2025-09-01,CL0203,22.09,1
2025-10-01,CL0203,15.98,1
2025-11-01,CL0203,10.26,0
2025-12-01,CL0203,19.9,1
2026-01-01,CL0203,16.59,1
2026-02-01,CL0203,16.05,1
2026-03-01,CL0203,20.93,1
2026-04-01,CL0203,21.07,1
2026-05-01,CL0203,17.22,1
2026-06-01,CL0203,18.25,1
2026-07-01,CL0203,27.16,1
2025-01-01,CL0204,5.67,0
2025-02-01,CL0204,6.97,0
2025-03-01,CL0204,7.71,0
2025-04-01,CL0204,10.72,0
2025-05-01,CL0204,9.33,0
2025-06-01,CL0204,7.48,0
2025-07-01,CL0204,9.73,0
2025-08-01,CL0204,10.84,0
2025-09-01,CL0204,4.94,0
2025-10-01,CL0204,8.53,0
2025-11-01,CL0204,6.41,0
2025-12-01,CL0204,6.16,0
2026-01-01,CL0204,8.03,0
2026-02-01,CL0204,6.87,0
2026-03-01,CL0204,9.21,0
2026-04-01,CL0204,8.78,0
2026-05-01,CL0204,8.47,0
2026-06-01,CL0204,12.63,1
2026-07-01,CL0204,13.9,1
2026-05-01,CL0205,6.52,0
2026-06-01,CL0205,12.68,1
2026-07-01,CL0205,15.47,1
2025-01-01,CL0206,6.72,0
2025-02-01,CL0206,5.73,0
2025-03-01,CL0206,3.38,0
2025-04-01,CL0206,7.84,0
2025-05-01,CL0206,8.36,0
2025-06-01,CL0206,5.73,0
2025-07-01,CL0206,5.1,0
2025-08-01,CL0206,6.82,0
2025-09-01,CL0206,8.7,0
2025-10-01,CL0206,6.03,0
2025-11-01,CL0206,7.03,0
2025-12-01,CL0206,9.75,0
2026-01-01,CL0206,6.52,0
2026-07-01,CL0207,11.26,0
2025-06-01,CL0208,8.63,0
2025-07-01,CL0208,8.02,0
2025-08-01,CL0208,18.05,1
2025-09-01,CL0208,10.39,0
2025-10-01,CL0208,11.25,0
2025-11-01,CL0208,4.78,0
2025-12-01,CL0208,10.19,0
2026-01-01,CL0208,13.85,1
2026-02-01,CL0208,5.29,0
2026-03-01,CL0208,6.15,0
2026-04-01,CL0208,11.07,0
2026-05-01,CL0208,9.36,0
2026-06-01,CL0208,12.08,1
2026-07-01,CL0208,15.0,1
2026-06-01,CL0209,12.55,1
2026-07-01,CL0209,18.5,1
2025-01-01,CL0210,13.79,1
2025-02-01,CL0210,9.43,0
2025-03-01,CL0210,6.43,0
2025-04-01,CL0210,11.16,0
2025-05-01,CL0210,17.47,1
2025-06-01,CL0210,9.75,0
2025-07-01,CL0210,21.94,1
2025-08-01,CL0210,16.48,1
2025-09-01,CL0210,7.82,0
2025-10-01,CL0210,14.19,1
2025-11-01,CL0210,12.8,1
2025-12-01,CL0210,19.74,1
2026-01-01,CL0210,7.77,0
2026-02-01,CL0210,6.6,0
2026-03-01,CL0210,7.2,0
2026-04-01,CL0210,7.46,0
2026-05-01,CL0210,17.24,1
2026-06-01,CL0210,16.28,1
2026-07-01,CL0210,21.13,1
2025-10-01,CL0211,6.3,0
2025-11-01,CL0211,6.93,0
2025-12-01,CL0211,9.54,0
2026-01-01,CL0211,8.69,0
2026-02-01,CL0211,6.09,0
2026-03-01,CL0211,12.74,1
2026-04-01,CL0211,6.24,0
2026-05-01,CL0211,11.9,1
2026-06-01,CL0211,17.4,1
2026-07-01,CL0211,9.97,0
2025-09-01,CL0212,25.72,1
2025-10-01,CL0212,23.18,1
2025-11-01,CL0212,20.04,1
2025-12-01,CL0212,12.4,1
2026-01-01,CL0212,24.99,1
2026-02-01,CL0212,14.01,1
2026-03-01,CL0212,27.73,1
2026-04-01,CL0212,19.41,1
2026-05-01,CL0212,33.09,1
2026-06-01,CL0212,29.83,1
2026-07-01,CL0212,33.94,1
2025-04-01,CL0213,9.7,0
2025-05-01,CL0213,20.69,1
2025-06-01,CL0213,12.68,1
2025-07-01,CL0213,31.65,1
2025-08-01,CL0213,26.52,1
2025-09-01,CL0213,24.64,1
2025-10-01,CL0213,22.02,1
2025-11-01,CL0213,20.2,1
2025-12-01,CL0213,16.18,1
2026-01-01,CL0213,14.43,1
2026-02-01,CL0213,9.74,0
2026-03-01,CL0213,11.1,1
2026-04-01,CL0213,22.38,1
2026-05-01,CL0213,14.54,1
2026-06-01,CL0213,19.9,1
2026-07-01,CL0213,19.14,1
2025-01-01,CL0214,19.45,1
2025-02-01,CL0214,15.17,1
2025-03-01,CL0214,13.19,1
2025-04-01,CL0214,16.85,1
2025-05-01,CL0214,37.95,2
2025-06-01,CL0214,29.5,1
2025-07-01,CL0214,22.41,1
2025-08-01,CL0214,46.95,2
2025-09-01,CL0214,23.59,1
2025-10-01,CL0214,14.59,1
2025-11-01,CL0214,28.42,1
2025-12-01,CL0214,22.26,1
2026-01-01,CL0214,16.93,1
2026-02-01,CL0214,18.95,1
2026-03-01,CL0214,19.76,1
2026-04-01,CL0214,15.72,1
2026-05-01,CL0214,33.51,1
2026-06-01,CL0214,40.27,2
2026-07-01,CL0214,55.36,2
2025-01-01,CL0215,9.1,0
2025-02-01,CL0215,5.37,0
2025-03-01,CL0215,8.29,0
2025-04-01,CL0215,11.81,1
2025-05-01,CL0215,13.41,1
2025-06-01,CL0215,9.45,0
2025-07-01,CL0215,10.67,0
2025-08-01,CL0215,19.51,1
2025-09-01,CL0215,11.19,0
2025-10-01,CL0215,12.74,1
2025-11-01,CL0215,11.02,0
2025-12-01,CL0215,7.04,0
2026-01-01,CL0215,14.17,1
2026-02-01,CL0215,10.81,0
2026-03-01,CL0215,6.89,0
2026-04-01,CL0215,8.12,0
2026-05-01,CL0215,15.23,1
2026-06-01,CL0215,17.08,1
2026-07-01,CL0215,12.18,1
2025-01-01,CL0216,7.46,0
2025-02-01,CL0216,7.64,0
2025-03-01,CL0216,6.31,0
2025-04-01,CL0216,8.42,0
2025-05-01,CL0216,9.25,0
2025-06-01,CL0216,4.57,0
2025-07-01,CL0216,6.49,0
2025-08-01,CL0216,7.65,0
2025-09-01,CL0216,9.42,0
2025-10-01,CL0216,7.96,0
2025-11-01,CL0216,5.72,0
2025-12-01,CL0216,5.3,0
2026-01-01,CL0216,5.07,0
2026-02-01,CL0216,8.09,0
2026-03-01,CL0216,9.11,0
2026-04-01,CL0216,5.89,0
2026-05-01,CL0216,4.12,0
2026-06-01,CL0216,8.54,0
2026-07-01,CL0216,15.47,1
2025-07-01,CL0217,36.12,2
2025-08-01,CL0217,31.69,1
2025-09-01,CL0217,11.75,0
2025-10-01,CL0217,16.75,1
2025-11-01,CL0217,18.04,1
2025-12-01,CL0217,18.71,1
2026-01-01,CL0217,25.98,1
2026-02-01,CL0217,11.67,1
2026-03-01,CL0217,21.42,1
2026-04-01,CL0217,29.67,1
2026-05-01,CL0217,12.82,1
2026-06-01,CL0217,20.52,1
2026-07-01,CL0217,23.09,1
2025-01-01,CL0218,5.01,0
2025-02-01,CL0218,9.45,0
2025-03-01,CL0218,8.93,0
2025-04-01,CL0218,14.45,1
2025-05-01,CL0218,6.49,0
2025-06-01,CL0218,12.41,1
2025-07-01,CL0218,14.38,1
2025-08-01,CL0218,9.59,0
2025-09-01,CL0218,10.21,0
2025-10-01,CL0218,9.72,0
2025-11-01,CL0218,7.49,0
2025-12-01,CL0218,6.8,0
2026-01-01,CL0218,13.6,1
2026-02-01,CL0218,6.36,0
2026-03-01,CL0218,8.39,0
2026-04-01,CL0218,7.4,0
2026-05-01,CL0218,7.9,0
2026-06-01,CL0218,11.48,0
2026-07-01,CL0218,15.49,1
2026-02-01,CL0219,9.88,0
2026-03-01,CL0219,5.21,0
2026-04-01,CL0219,11.01,0
2026-05-01,CL0219,9.63,0
2026-06-01,CL0219,12.01,1
2026-07-01,CL0219,16.07,1
2026-06-01,CL0220,10.11,0
2026-07-01,CL0220,23.57,1
2025-01-01,CL0221,6.34,0
2025-02-01,CL0221,2.88,0
2025-03-01,CL0221,3.86,0
2025-04-01,CL0221,5.57,0
2025-05-01,CL0221,8.16,0
2025-06-01,CL0221,11.07,0
2025-07-01,CL0221,11.67,1
2025-08-01,CL0221,7.5,0
2025-09-01,CL0221,3.66,0
2025-10-01,CL0221,6.74,0
2025-11-01,CL0221,4.48,0
2025-12-01,CL0221,4.42,0
2026-01-01,CL0221,3.43,0
2026-02-01,CL0221,3.79,0
2026-03-01,CL0221,6.46,0
2026-04-01,CL0221,3.67,0
2026-05-01,CL0221,10.01,0
2026-06-01,CL0221,4.88,0
2026-07-01,CL0221,11.29,0
2025-01-01,CL0222,7.63,0
2025-02-01,CL0222,5.87,0
2025-03-01,CL0222,6.2,0
2025-04-01,CL0222,11.41,1
2025-05-01,CL0222,12.14,1
2025-06-01,CL0222,10.53,0
2025-07-01,CL0222,18.71,1
2025-08-01,CL0222,15.16,1
2025-09-01,CL0222,5.69,0
2025-10-01,CL0222,9.23,0
2025-11-01,CL0222,8.8,0
2025-12-01,CL0222,13.77,1
2026-01-01,CL0222,11.73,1
2026-02-01,CL0222,10.78,0
2026-03-01,CL0222,6.95,0
2026-04-01,CL0222,10.0,0
2026-05-01,CL0222,14.56,1
2026-06-01,CL0222,13.03,1
2026-07-01,CL0222,18.02,1
2025-01-01,CL0223,3.98,0
2025-02-01,CL0223,3.58,0
2025-03-01,CL0223,10.33,0
2025-04-01,CL0223,7.61,0
2025-05-01,CL0223,7.8,0
2025-06-01,CL0223,14.27,1
2025-07-01,CL0223,5.83,0
2025-08-01,CL0223,14.57,1
2025-09-01,CL0223,8.49,0
2025-10-01,CL0223,4.58,0
2025-11-01,CL0223,7.24,0
2025-12-01,CL0223,11.91,1
2026-01-01,CL0223,10.88,0
2026-02-01,CL0223,9.3,0
2026-03-01,CL0223,7.44,0
2026-04-01,CL0223,6.97,0
2026-05-01,CL0223,12.84,1
2026-06-01,CL0223,9.58,0
2026-07-01,CL0223,9.41,0
2025-01-01,CL0224,5.58,0
2025-02-01,CL0224,4.71,0
2025-03-01,CL0224,7.14,0
2025-04-01,CL0224,10.32,0
2025-05-01,CL0224,9.24,0
2025-06-01,CL0224,6.36,0
2025-07-01,CL0224,15.68,1
2025-08-01,CL0224,7.55,0
2025-09-01,CL0224,5.08,0
2025-10-01,CL0224,7.82,0
2025-11-01,CL0224,10.15,0
2025-12-01,CL0224,12.14,1
2026-01-01,CL0224,8.97,0
2026-02-01,CL0224,7.17,0
2026-03-01,CL0224,9.08,0
2026-04-01,CL0224,7.94,0
2026-05-01,CL0224,14.15,1
2026-06-01,CL0224,8.06,0
2026-07-01,CL0224,15.55,1
2025-01-01,CL0225,10.7,0
2025-02-01,CL0225,4.71,0
2025-03-01,CL0225,13.17,1
2025-04-01,CL0225,6.92,0
2025-05-01,CL0225,10.86,0
2025-06-01,CL0225,10.45,0
2025-07-01,CL0225,8.9,0
2025-08-01,CL0225,11.44,0
2025-09-01,CL0225,6.71,0
2025-10-01,CL0225,11.15,0
2025-11-01,CL0225,4.6,0
2025-12-01,CL0225,7.01,0
2025-05-01,CL0226,17.15,1
2025-06-01,CL0226,12.34,1
2025-07-01,CL0226,16.16,1
2025-08-01,CL0226,16.31,1
2025-09-01,CL0226,15.16,1
2025-10-01,CL0226,11.16,0
2025-11-01,CL0226,14.78,1
2025-12-01,CL0226,7.83,0
2026-01-01,CL0226,7.17,0
2026-02-01,CL0226,12.13,1
2026-03-01,CL0226,15.26,1
2026-04-01,CL0226,11.96,1
2026-05-01,CL0226,10.68,0
2026-06-01,CL0226,10.49,0
2026-07-01,CL0226,21.33,1
2025-08-01,CL0227,6.83,0
2025-09-01,CL0227,5.65,0
2025-10-01,CL0227,4.61,0
2025-11-01,CL0227,8.95,0
2025-12-01,CL0227,13.08,1
2026-01-01,CL0227,10.65,0
2026-02-01,CL0227,7.96,0
2026-03-01,CL0227,8.96,0
2026-04-01,CL0227,10.04,0
2026-05-01,CL0227,12.53,1
2026-06-01,CL0227,6.7,0
2026-07-01,CL0227,10.41,0
2025-01-01,CL0228,9.22,0
2025-02-01,CL0228,6.31,0
2025-03-01,CL0228,4.34,0
2025-04-01,CL0228,7.18,0
2025-05-01,CL0228,8.57,0
2025-06-01,CL0228,9.08,0
2025-07-01,CL0228,5.98,0
2025-08-01,CL0228,7.69,0
2025-09-01,CL0228,4.08,0
2025-10-01,CL0228,8.4,0
2025-11-01,CL0228,6.5,0
2025-12-01,CL0228,11.69,0
2026-01-01,CL0228,6.57,0
2026-02-01,CL0228,7.15,0
2026-03-01,CL0228,6.58,0
2026-04-01,CL0228,6.64,0
2026-05-01,CL0228,9.8,0
2026-06-01,CL0228,8.3,0
2026-07-01,CL0228,9.87,0
2026-03-01,CL0229,4.69,0
2026-04-01,CL0229,8.66,0
2026-05-01,CL0229,7.44,0
2026-06-01,CL0229,4.44,0
2026-07-01,CL0229,6.24,0
2026-01-01,CL0230,9.0,0
2026-02-01,CL0230,8.0,0
2026-03-01,CL0230,11.01,1
2026-04-01,CL0230,7.86,0
2026-05-01,CL0230,16.2,1
2026-06-01,CL0230,14.79,1
2026-07-01,CL0230,25.27,1
2025-05-01,CL0231,26.91,1
2025-06-01,CL0231,28.45,1
2025-07-01,CL0231,17.74,1
2025-08-01,CL0231,21.61,1
2025-09-01,CL0231,21.46,1
2025-10-01,CL0231,18.71,1
2025-11-01,CL0231,13.8,1
2025-12-01,CL0231,11.93,1
2026-01-01,CL0231,9.86,0
2026-02-01,CL0231,20.48,1
2026-03-01,CL0231,15.23,1
2026-04-01,CL0231,11.3,1
2026-05-01,CL0231,21.64,1
2026-06-01,CL0231,12.56,1
2026-07-01,CL0231,26.52,1
2025-11-01,CL0232,19.68,1
2025-12-01,CL0232,19.16,1
2026-01-01,CL0232,22.93,1
2026-02-01,CL0232,23.63,1
2026-03-01,CL0232,13.04,1
2026-04-01,CL0232,22.16,1
2026-05-01,CL0232,20.33,1
2026-06-01,CL0232,36.17,2
2026-07-01,CL0232,51.26,2
2025-12-01,CL0233,5.39,0
2026-01-01,CL0233,8.59,0
2026-02-01,CL0233,7.57,0
2026-03-01,CL0233,7.7,0
2026-04-01,CL0233,8.55,0
2026-05-01,CL0233,7.49,0
2026-06-01,CL0233,7.67,0
2026-07-01,CL0233,7.98,0
2025-06-01,CL0234,15.97,1
2025-07-01,CL0234,19.26,1
2025-08-01,CL0234,21.04,1
2025-09-01,CL0234,13.66,1
2025-10-01,CL0234,17.1,1
2025-11-01,CL0234,9.89,0
2025-12-01,CL0234,11.67,0
2026-01-01,CL0234,14.06,1
2026-02-01,CL0234,12.27,1
2026-03-01,CL0234,10.64,0
2026-04-01,CL0234,12.55,1
2026-05-01,CL0234,17.02,1
2026-06-01,CL0234,13.35,1
2026-07-01,CL0234,27.72,1
2025-01-01,CL0235,6.3,0
2025-02-01,CL0235,5.93,0
2025-03-01,CL0235,8.62,0
2025-04-01,CL0235,5.45,0
2025-05-01,CL0235,5.96,0
2025-06-01,CL0235,6.89,0
2025-07-01,CL0235,11.91,1
2025-08-01,CL0235,10.98,0
2025-09-01,CL0235,7.91,0
2025-10-01,CL0235,6.09,0
2025-11-01,CL0235,5.51,0
2025-12-01,CL0235,9.9,0
2026-01-01,CL0235,9.14,0
2026-02-01,CL0235,3.48,0
2026-03-01,CL0235,9.01,0
2025-08-01,CL0236,12.79,1
2025-09-01,CL0236,6.42,0
2025-10-01,CL0236,7.43,0
2025-11-01,CL0236,6.52,0
2025-12-01,CL0236,10.65,0
2026-01-01,CL0236,10.93,0
2026-02-01,CL0236,4.76,0
2026-03-01,CL0236,9.49,0
2026-04-01,CL0236,4.92,0
2026-05-01,CL0236,14.78,1
2026-06-01,CL0236,13.74,1
2026-07-01,CL0236,13.93,1
2025-01-01,CL0237,10.43,0
2025-02-01,CL0237,4.27,0
2025-03-01,CL0237,10.99,0
2025-04-01,CL0237,10.06,0
2025-05-01,CL0237,8.78,0
2025-06-01,CL0237,10.83,0
2025-07-01,CL0237,15.58,1
2025-08-01,CL0237,6.86,0
2025-09-01,CL0237,5.93,0
2025-10-01,CL0237,11.9,1
2025-11-01,CL0237,6.97,0
2025-12-01,CL0237,5.77,0
2026-01-01,CL0237,7.72,0
2026-02-01,CL0237,5.84,0
2026-03-01,CL0237,13.64,1
2026-04-01,CL0237,8.97,0
2026-05-01,CL0237,14.15,1
2026-06-01,CL0237,8.63,0
2026-07-01,CL0237,15.7,1
2025-01-01,CL0238,6.09,0
2025-02-01,CL0238,6.86,0
2025-03-01,CL0238,8.38,0
2025-04-01,CL0238,8.96,0
2025-05-01,CL0238,5.39,0
2025-06-01,CL0238,9.91,0
2025-07-01,CL0238,11.75,1
2025-08-01,CL0238,9.1,0
2025-09-01,CL0238,6.34,0
2025-10-01,CL0238,3.55,0
2025-11-01,CL0238,7.08,0
2025-12-01,CL0238,8.13,0
2026-01-01,CL0238,4.28,0
2026-02-01,CL0238,5.42,0
2026-03-01,CL0238,6.47,0
2026-04-01,CL0238,4.05,0
2026-05-01,CL0238,8.27,0
2026-06-01,CL0238,9.82,0
2026-07-01,CL0238,14.3,1
2025-01-01,CL0239,10.48,0
2025-02-01,CL0239,8.88,0
2025-03-01,CL0239,4.7,0
2025-04-01,CL0239,8.15,0
2025-05-01,CL0239,13.73,1
2025-06-01,CL0239,11.66,0
2025-07-01,CL0239,9.21,0
2025-08-01,CL0239,8.23,0
2025-09-01,CL0239,10.04,0
2025-10-01,CL0239,11.75,0
2025-11-01,CL0239,9.15,0
2025-12-01,CL0239,7.45,0
2026-01-01,CL0239,11.86,1
2026-02-01,CL0239,4.41,0
2026-03-01,CL0239,12.1,1
2026-04-01,CL0239,5.81,0
2026-05-01,CL0239,7.31,0
2026-06-01,CL0239,14.7,1
2026-07-01,CL0239,18.66,1
2026-02-01,CL0240,4.46,0
2026-03-01,CL0240,5.48,0
2026-04-01,CL0240,10.73,0
2026-05-01,CL0240,8.08,0
2026-06-01,CL0240,8.66,0
2026-07-01,CL0240,13.17,1
2025-01-01,CL0241,11.06,0
2025-02-01,CL0241,16.36,1
2025-03-01,CL0241,19.28,1
2025-04-01,CL0241,16.58,1
2025-05-01,CL0241,21.47,1
2025-06-01,CL0241,15.32,1
2025-07-01,CL0241,25.63,1
2025-08-01,CL0241,24.47,1
2025-09-01,CL0241,16.73,1
2025-10-01,CL0241,12.02,1
2025-11-01,CL0241,10.4,0
2025-12-01,CL0241,28.72,1
2026-01-01,CL0241,21.18,1
2026-02-01,CL0241,17.02,1
2026-03-01,CL0241,21.75,1
2026-04-01,CL0241,22.96,1
2026-05-01,CL0241,29.56,1
2026-06-01,CL0241,13.67,1
2026-07-01,CL0241,32.8,1
2025-11-01,CL0242,4.9,0
2025-12-01,CL0242,4.84,0
2026-01-01,CL0242,4.39,0
2026-02-01,CL0242,4.96,0
2026-03-01,CL0242,6.73,0
2026-04-01,CL0242,4.07,0
2026-05-01,CL0242,7.7,0
2026-06-01,CL0242,8.89,0
2026-07-01,CL0242,9.88,0
2025-05-01,CL0243,8.59,0
2025-06-01,CL0243,17.83,1
2025-07-01,CL0243,14.56,1
2025-08-01,CL0243,19.31,1
2025-09-01,CL0243,7.34,0
2025-10-01,CL0243,9.84,0
2025-11-01,CL0243,7.78,0
2025-12-01,CL0243,10.87,0
2026-01-01,CL0243,8.99,0
2026-02-01,CL0243,7.99,0
2026-03-01,CL0243,15.79,1
2026-04-01,CL0243,6.74,0
2026-05-01,CL0243,8.41,0
2026-06-01,CL0243,9.96,0
2026-07-01,CL0243,15.15,1
2025-01-01,CL0244,5.91,0
2025-02-01,CL0244,5.31,0
2025-03-01,CL0244,7.21,0
2025-04-01,CL0244,9.69,0
2025-05-01,CL0244,10.18,0
2025-06-01,CL0244,9.04,0
2025-07-01,CL0244,8.09,0
2025-08-01,CL0244,14.19,1
2025-09-01,CL0244,13.1,1
2025-10-01,CL0244,5.02,0
2025-11-01,CL0244,10.54,0
2025-12-01,CL0244,14.41,1
2026-01-01,CL0244,7.27,0
2026-02-01,CL0244,8.57,0
2026-03-01,CL0244,11.09,1
2026-04-01,CL0244,8.75,0
2026-05-01,CL0244,7.2,0
2026-06-01,CL0244,9.67,0
2026-07-01,CL0244,10.2,0
2026-03-01,CL0245,7.43,0
2026-04-01,CL0245,11.98,1
2026-05-01,CL0245,10.54,0
2026-06-01,CL0245,5.58,0
2026-07-01,CL0245,16.94,1
2025-01-01,CL0246,53.65,2
2025-02-01,CL0246,51.32,2
2025-03-01,CL0246,144.29,6
2025-04-01,CL0246,101.2,4
2025-05-01,CL0246,119.41,5
2025-06-01,CL0246,112.91,5
2025-07-01,CL0246,166.51,8
2025-08-01,CL0246,84.88,4
2025-09-01,CL0246,75.24,3
2025-10-01,CL0246,100.04,4
2025-11-01,CL0246,75.61,3
2025-12-01,CL0246,102.75,4
2026-01-01,CL0246,126.62,6
2026-02-01,CL0246,92.51,4
2026-03-01,CL0246,116.6,5
2026-04-01,CL0246,69.24,3
2026-05-01,CL0246,119.12,5
2026-06-01,CL0246,91.66,4
2026-07-01,CL0246,198.1,8
2025-05-01,CL0247,9.76,0
2025-06-01,CL0247,7.05,0
2025-07-01,CL0247,9.16,0
2025-08-01,CL0247,9.09,0
2025-09-01,CL0247,7.45,0
2025-10-01,CL0247,4.18,0
2025-11-01,CL0247,7.47,0
2025-12-01,CL0247,7.15,0
2026-01-01,CL0247,4.68,0
2026-02-01,CL0247,3.37,0
2026-03-01,CL0247,6.53,0
2026-04-01,CL0247,4.07,0
2026-05-01,CL0247,4.2,0
2026-06-01,CL0247,10.71,0
2026-07-01,CL0247,14.71,1
2026-01-01,CL0248,15.46,1
2026-02-01,CL0248,9.46,0
2026-03-01,CL0248,8.99,0
2026-04-01,CL0248,13.22,1
2026-05-01,CL0248,19.6,1
2026-06-01,CL0248,14.76,1
2026-07-01,CL0248,21.08,1
2026-06-01,CL0249,8.01,0
2026-07-01,CL0249,21.84,1
2026-06-01,CL0250,7.57,0
2026-07-01,CL0250,14.01,1
2026-01-01,CL0251,53.87,2
2026-02-01,CL0251,53.68,2
2026-03-01,CL0251,47.89,2
2026-04-01,CL0251,61.99,3
2026-05-01,CL0251,98.59,4
2026-06-01,CL0251,62.84,3
2026-07-01,CL0251,125.07,5
2026-07-01,CL0252,15.12,1
2026-07-01,CL0253,29.7,1
2026-02-01,CL0254,189.81,8
2026-03-01,CL0254,145.11,7
2026-04-01,CL0254,159.4,7
2026-05-01,CL0254,239.21,10
2026-06-01,CL0254,298.85,12
2026-07-01,CL0254,294.88,13
2025-01-01,CL0255,7.38,0
2025-02-01,CL0255,3.11,0
2025-03-01,CL0255,3.84,0
2025-04-01,CL0255,6.8,0
2025-05-01,CL0255,8.67,0
2025-06-01,CL0255,9.83,0
2025-07-01,CL0255,4.8,0
2025-08-01,CL0255,9.31,0
2025-09-01,CL0255,6.56,0
2025-10-01,CL0255,7.48,0
2025-11-01,CL0255,6.97,0
2025-12-01,CL0255,7.71,0
2026-01-01,CL0255,7.78,0
2026-02-01,CL0255,8.54,0
2026-03-01,CL0255,7.46,0
2026-04-01,CL0255,6.89,0
2026-05-01,CL0255,9.03,0
2026-06-01,CL0255,8.46,0
2026-07-01,CL0255,8.54,0
2025-03-01,CL0256,106.74,4
2025-04-01,CL0256,123.56,5
2025-05-01,CL0256,136.84,6
2025-06-01,CL0256,65.92,3
2025-07-01,CL0256,174.4,8
2025-08-01,CL0256,124.06,5
2025-09-01,CL0256,133.23,6
2025-10-01,CL0256,101.23,4
2025-11-01,CL0256,108.94,5
2025-12-01,CL0256,71.24,3
2026-01-01,CL0256,72.02,3
2026-02-01,CL0256,66.59,3
2026-03-01,CL0256,131.84,6
2026-04-01,CL0256,68.66,3
2026-05-01,CL0256,112.94,5
2026-06-01,CL0256,159.32,7
2026-07-01,CL0256,97.92,4
2026-03-01,CL0257,48.8,2
2026-04-01,CL0257,27.02,1
2026-05-01,CL0257,72.24,3
2026-06-01,CL0257,68.83,3
2026-07-01,CL0257,49.92,2
2025-01-01,CL0258,9.37,0
2025-02-01,CL0258,5.96,0
2025-03-01,CL0258,10.36,0
2025-04-01,CL0258,10.92,0
2025-05-01,CL0258,11.73,0
2025-06-01,CL0258,7.22,0
2025-07-01,CL0258,11.64,1
2025-08-01,CL0258,14.26,1
2025-09-01,CL0258,7.94,0
2025-10-01,CL0258,9.55,0
2025-11-01,CL0258,7.33,0
2025-12-01,CL0258,13.54,1
2026-01-01,CL0258,11.1,1
2026-02-01,CL0258,10.77,0
2026-03-01,CL0258,10.44,0
2026-04-01,CL0258,8.19,0
2026-05-01,CL0258,13.65,1
2026-06-01,CL0258,8.94,0
2026-07-01,CL0258,7.08,0
2025-11-01,CL0259,8.16,0
2025-12-01,CL0259,9.75,0
2026-01-01,CL0259,3.8,0
2026-02-01,CL0259,5.89,0
2026-03-01,CL0259,11.31,1
2026-04-01,CL0259,10.11,0
2026-05-01,CL0259,7.48,0
2026-06-01,CL0259,4.91,0
2026-07-01,CL0259,10.31,0
2026-03-01,CL0260,5.29,0
2026-04-01,CL0260,10.13,0
2026-05-01,CL0260,6.62,0
2026-06-01,CL0260,6.17,0
2026-07-01,CL0260,8.01,0
2025-01-01,CL0261,9.62,0
2025-02-01,CL0261,6.37,0
2025-03-01,CL0261,8.9,0
2025-04-01,CL0261,11.96,1
2025-05-01,CL0261,11.17,0
2025-06-01,CL0261,13.31,1
2025-07-01,CL0261,14.78,1
2025-08-01,CL0261,6.49,0
2025-09-01,CL0261,9.51,0
2025-10-01,CL0261,5.61,0
2025-11-01,CL0261,9.35,0
2025-12-01,CL0261,11.18,0
2026-01-01,CL0261,11.84,1
2026-02-01,CL0261,8.52,0
2026-03-01,CL0261,11.84,1
2026-04-01,CL0261,9.48,0
2026-05-01,CL0261,5.54,0
2026-06-01,CL0261,6.95,0
2026-07-01,CL0261,7.39,0
2025-01-01,CL0262,9.21,0
2025-02-01,CL0262,6.24,0
2025-03-01,CL0262,14.17,1
2025-04-01,CL0262,15.83,1
2025-05-01,CL0262,15.78,1
2025-06-01,CL0262,8.93,0
2025-07-01,CL0262,10.13,0
2025-08-01,CL0262,12.53,1
2025-09-01,CL0262,15.86,1
2025-10-01,CL0262,12.04,1
2025-11-01,CL0262,5.52,0
2025-12-01,CL0262,7.92,0
2026-01-01,CL0262,10.65,0
2026-02-01,CL0262,8.98,0
2026-03-01,CL0262,13.36,1
2026-04-01,CL0262,11.27,1
2026-05-01,CL0262,8.17,0
2026-06-01,CL0262,18.42,1
2026-07-01,CL0262,9.98,0
2025-10-01,CL0263,3.77,0
2025-11-01,CL0263,6.35,0
2025-12-01,CL0263,4.6,0
2026-01-01,CL0263,7.08,0
2026-02-01,CL0263,5.39,0
2026-03-01,CL0263,3.89,0
2026-04-01,CL0263,5.06,0
2026-05-01,CL0263,7.73,0
2026-06-01,CL0263,10.91,0
2026-07-01,CL0263,5.65,0
2025-01-01,CL0264,7.12,0
2025-02-01,CL0264,6.68,0
2025-03-01,CL0264,9.89,0
2025-04-01,CL0264,11.07,0
2025-05-01,CL0264,13.23,1
2025-06-01,CL0264,16.26,1
2025-07-01,CL0264,20.38,1
2025-08-01,CL0264,28.89,1
2025-09-01,CL0264,9.71,0
2025-10-01,CL0264,14.31,1
2025-11-01,CL0264,12.27,1
2025-12-01,CL0264,23.91,1
2026-01-01,CL0264,10.25,0
2026-02-01,CL0264,9.64,0
2026-03-01,CL0264,22.84,1
2026-04-01,CL0264,12.17,1
2025-01-01,CL0265,6.24,0
2025-02-01,CL0265,8.05,0
2025-03-01,CL0265,7.79,0
2025-04-01,CL0265,9.34,0
2025-05-01,CL0265,9.42,0
2025-06-01,CL0265,14.69,1
2025-07-01,CL0265,18.75,1
2025-08-01,CL0265,16.97,1
2025-09-01,CL0265,13.14,1
2025-10-01,CL0265,10.8,0
2025-11-01,CL0265,12.72,1
2025-12-01,CL0265,15.43,1
2026-01-01,CL0265,11.99,1
2026-02-01,CL0265,12.09,1
2026-03-01,CL0265,6.56,0
2026-04-01,CL0265,11.56,1
2025-02-01,CL0266,6.82,0
2025-03-01,CL0266,4.46,0
2025-04-01,CL0266,6.41,0
2025-05-01,CL0266,7.4,0
2025-06-01,CL0266,10.09,0
2025-07-01,CL0266,10.39,0
2025-08-01,CL0266,9.84,0
2025-09-01,CL0266,8.24,0
2025-10-01,CL0266,8.38,0
2025-11-01,CL0266,6.97,0
2025-12-01,CL0266,11.96,1
2026-01-01,CL0266,5.73,0
2026-02-01,CL0266,5.85,0
2026-03-01,CL0266,5.34,0
2026-04-01,CL0266,5.75,0
2026-05-01,CL0266,6.02,0
2026-06-01,CL0266,7.53,0
2026-07-01,CL0266,10.65,0
2025-01-01,CL0267,6.02,0
2025-02-01,CL0267,7.04,0
2025-03-01,CL0267,3.32,0
2025-04-01,CL0267,5.56,0
2025-05-01,CL0267,10.2,0
2025-06-01,CL0267,5.54,0
2025-07-01,CL0267,4.7,0
2025-08-01,CL0267,5.31,0
2025-09-01,CL0267,7.55,0
2025-10-01,CL0267,7.59,0
2025-11-01,CL0267,3.99,0
2025-12-01,CL0267,4.15,0
2026-01-01,CL0267,4.21,0
2026-02-01,CL0267,8.01,0
2026-03-01,CL0267,6.04,0
2026-04-01,CL0267,5.08,0
2026-05-01,CL0267,4.13,0
2026-06-01,CL0267,9.31,0
2026-07-01,CL0267,15.0,1
2025-01-01,CL0268,4.35,0
2025-02-01,CL0268,7.52,0
2025-03-01,CL0268,5.86,0
2025-04-01,CL0268,7.32,0
2025-05-01,CL0268,9.16,0
2025-06-01,CL0268,8.7,0
2025-07-01,CL0268,5.4,0
2025-08-01,CL0268,10.94,0
2025-09-01,CL0268,5.25,0
2025-10-01,CL0268,5.71,0
2025-11-01,CL0268,4.54,0
2025-12-01,CL0268,6.26,0
2026-01-01,CL0268,3.84,0
2026-02-01,CL0268,3.19,0
2026-03-01,CL0268,6.58,0
2026-04-01,CL0268,7.99,0
2026-05-01,CL0268,7.75,0
2026-06-01,CL0268,11.21,0
2026-07-01,CL0268,9.34,0
2025-01-01,CL0269,4.51,0
2025-02-01,CL0269,6.21,0
2025-03-01,CL0269,9.86,0
2025-04-01,CL0269,7.95,0
2025-05-01,CL0269,10.3,0
2025-06-01,CL0269,11.23,0
2025-07-01,CL0269,7.72,0
2025-08-01,CL0269,14.01,1
2025-09-01,CL0269,6.01,0
2025-10-01,CL0269,6.41,0
2025-11-01,CL0269,6.46,0
2025-12-01,CL0269,10.07,0
2026-01-01,CL0269,4.97,0
2026-02-01,CL0269,8.79,0
2026-03-01,CL0269,6.69,0
2026-04-01,CL0269,8.3,0
2025-01-01,CL0270,9.42,0
2025-02-01,CL0270,4.44,0
2025-03-01,CL0270,11.07,0
2025-04-01,CL0270,7.78,0
2025-05-01,CL0270,8.82,0
2025-06-01,CL0270,11.76,0
2025-07-01,CL0270,14.67,1
2025-08-01,CL0270,8.41,0
2025-09-01,CL0270,10.0,0
2025-10-01,CL0270,7.63,0
2025-11-01,CL0270,5.66,0
2025-12-01,CL0270,8.84,0
2026-01-01,CL0270,11.27,1
2026-02-01,CL0270,6.81,0
2026-03-01,CL0270,6.34,0
2026-04-01,CL0270,10.55,0
2026-05-01,CL0270,10.46,0
2026-06-01,CL0270,14.06,1
2026-07-01,CL0270,15.78,1
2025-01-01,CL0271,10.91,0
2025-02-01,CL0271,13.08,1
2025-03-01,CL0271,17.64,1
2025-04-01,CL0271,14.39,1
2025-05-01,CL0271,16.01,1
2025-06-01,CL0271,12.43,1
2025-07-01,CL0271,13.0,1
2025-08-01,CL0271,16.63,1
2025-09-01,CL0271,7.0,0
2025-10-01,CL0271,12.95,1
2025-11-01,CL0271,8.24,0
2025-12-01,CL0271,20.61,1
2026-01-01,CL0271,11.15,1
2026-02-01,CL0271,13.87,1
2026-03-01,CL0271,8.63,0
2026-04-01,CL0271,17.58,1
2026-05-01,CL0271,16.34,1
2026-06-01,CL0271,16.23,1
2026-07-01,CL0271,13.84,1
2025-01-01,CL0272,4.14,0
2025-02-01,CL0272,10.01,0
2025-03-01,CL0272,6.31,0
2025-04-01,CL0272,6.95,0
2025-05-01,CL0272,5.91,0
2025-06-01,CL0272,9.19,0
2025-07-01,CL0272,12.99,1
2025-08-01,CL0272,15.78,1
2025-09-01,CL0272,6.49,0
2025-10-01,CL0272,4.64,0
2025-11-01,CL0272,9.51,0
2025-12-01,CL0272,10.76,0
2026-01-01,CL0272,9.15,0
2026-02-01,CL0272,8.24,0
2025-01-01,CL0273,10.15,0
2025-02-01,CL0273,14.27,1
2025-03-01,CL0273,14.13,1
2025-04-01,CL0273,16.15,1
2025-05-01,CL0273,18.05,1
2025-06-01,CL0273,23.24,1
2025-07-01,CL0273,14.34,1
2025-08-01,CL0273,22.57,1
2025-09-01,CL0273,16.74,1
2025-10-01,CL0273,18.45,1
2025-11-01,CL0273,16.41,1
2025-12-01,CL0273,9.81,0
2026-01-01,CL0273,19.62,1
2026-02-01,CL0273,15.0,1
2026-03-01,CL0273,10.18,0
2026-04-01,CL0273,14.35,1
2026-05-01,CL0273,13.76,1
2026-06-01,CL0273,17.23,1
2026-07-01,CL0273,25.98,1
2025-12-01,CL0274,10.65,0
2026-01-01,CL0274,6.81,0
2026-02-01,CL0274,10.85,0
2026-03-01,CL0274,12.26,1
2026-04-01,CL0274,15.9,1
2026-05-01,CL0274,14.01,1
2026-06-01,CL0274,13.01,1
2026-07-01,CL0274,22.99,1
2025-04-01,CL0275,15.09,1
2025-05-01,CL0275,15.86,1
2025-06-01,CL0275,20.48,1
2025-07-01,CL0275,20.9,1
2025-08-01,CL0275,27.48,1
2025-09-01,CL0275,11.78,0
2025-10-01,CL0275,24.25,1
2025-11-01,CL0275,21.82,1
2025-12-01,CL0275,13.18,1
2026-01-01,CL0275,19.26,1
2026-02-01,CL0275,22.82,1
2026-03-01,CL0275,21.66,1
2026-04-01,CL0275,16.1,1
2026-05-01,CL0275,18.7,1
2026-06-01,CL0275,29.0,1
2026-07-01,CL0275,42.36,2
2026-05-01,CL0277,55.98,2
2026-06-01,CL0277,58.94,2
2026-07-01,CL0277,38.04,2
2025-02-01,CL0280,15.98,1
2025-03-01,CL0280,10.48,0
2025-04-01,CL0280,18.51,1
2025-05-01,CL0280,14.83,1
2025-06-01,CL0280,15.62,1
2025-07-01,CL0280,18.83,1
2025-08-01,CL0280,20.92,1
2025-09-01,CL0280,12.25,1
2025-10-01,CL0280,14.45,1
2025-11-01,CL0280,13.4,1
2025-12-01,CL0280,14.59,1
2026-01-01,CL0280,14.41,1
2026-02-01,CL0280,11.43,1
2026-03-01,CL0280,16.69,1
2026-04-01,CL0280,10.41,0
2026-05-01,CL0280,24.44,1
2026-06-01,CL0280,17.82,1
2026-07-01,CL0280,24.79,1
2025-07-01,CL0281,12.9,1
2025-08-01,CL0281,14.95,1
2025-09-01,CL0281,11.02,0
2025-10-01,CL0281,7.5,0
2025-11-01,CL0281,6.7,0
2025-12-01,CL0281,10.73,0
2026-01-01,CL0281,6.66,0
2026-02-01,CL0281,7.41,0
2026-03-01,CL0281,10.21,0
2026-04-01,CL0281,5.8,0
2026-05-01,CL0281,12.09,1
2026-06-01,CL0281,6.9,0
2026-07-01,CL0281,9.44,0
2026-07-01,CL0282,29.06,1
2025-01-01,CL0283,8.38,0
2025-02-01,CL0283,7.85,0
2025-03-01,CL0283,10.55,0
2025-04-01,CL0283,5.54,0
2025-05-01,CL0283,7.68,0
2025-06-01,CL0283,14.29,1
2025-07-01,CL0283,15.37,1
2025-08-01,CL0283,7.99,0
2025-09-01,CL0283,12.36,1
2025-10-01,CL0283,9.54,0
2025-11-01,CL0283,9.58,0
2025-12-01,CL0283,16.45,1
2026-01-01,CL0283,7.61,0
2026-02-01,CL0283,11.04,0
2026-03-01,CL0283,12.49,1
2026-04-01,CL0283,10.94,0
2026-05-01,CL0283,6.58,0
2026-06-01,CL0283,9.26,0
2026-07-01,CL0283,15.15,1
2025-01-01,CL0284,24.7,1
2025-02-01,CL0284,21.56,1
2025-03-01,CL0284,35.46,1
2025-04-01,CL0284,28.21,1
2025-05-01,CL0284,32.63,1
2025-06-01,CL0284,49.77,2
2025-07-01,CL0284,46.88,2
2025-08-01,CL0284,47.62,2
2025-09-01,CL0284,39.78,2
2025-10-01,CL0284,23.95,1
2025-11-01,CL0284,15.58,1
2025-12-01,CL0284,20.95,1
2026-01-01,CL0284,17.09,1
2026-02-01,CL0284,37.77,2
2026-03-01,CL0284,48.75,2
2026-04-01,CL0284,23.77,1
2026-05-01,CL0284,45.01,2
2026-06-01,CL0284,58.89,2
2026-07-01,CL0284,76.32,3
2025-01-01,CL0285,10.53,0
2025-02-01,CL0285,6.39,0
2025-03-01,CL0285,7.81,0
2025-04-01,CL0285,11.81,1
2025-05-01,CL0285,11.14,0
2025-06-01,CL0285,9.66,0
2025-07-01,CL0285,9.72,0
2025-08-01,CL0285,14.28,1
2025-09-01,CL0285,12.15,1
2025-10-01,CL0285,5.95,0
2025-11-01,CL0285,11.59,0
2025-12-01,CL0285,15.57,1
2026-01-01,CL0285,6.98,0
2026-02-01,CL0285,9.74,0
2026-03-01,CL0285,8.54,0
2026-04-01,CL0285,6.47,0
2026-05-01,CL0285,11.27,0
2026-06-01,CL0285,12.71,1
2026-07-01,CL0285,9.47,0
2025-01-01,CL0286,5.13,0
2025-02-01,CL0286,7.16,0
2025-03-01,CL0286,3.89,0
2025-04-01,CL0286,6.97,0
2025-05-01,CL0286,11.02,0
2025-06-01,CL0286,8.07,0
2025-07-01,CL0286,12.18,1
2025-08-01,CL0286,11.28,0
2025-09-01,CL0286,9.57,0
2025-10-01,CL0286,3.72,0
2025-11-01,CL0286,4.16,0
2025-12-01,CL0286,4.93,0
2026-01-01,CL0286,9.82,0
2026-02-01,CL0286,8.8,0
2026-03-01,CL0286,6.21,0
2026-04-01,CL0286,6.5,0
2026-05-01,CL0286,4.36,0
2026-06-01,CL0286,10.23,0
2026-07-01,CL0286,15.26,1
2025-04-01,CL0287,5.81,0
2025-05-01,CL0287,8.59,0
2025-06-01,CL0287,7.4,0
2025-07-01,CL0287,4.81,0
2025-08-01,CL0287,7.45,0
2025-09-01,CL0287,10.11,0
2025-10-01,CL0287,3.83,0
2025-11-01,CL0287,4.67,0
2025-12-01,CL0287,5.21,0
2026-01-01,CL0287,9.15,0
2026-02-01,CL0287,4.12,0
2026-03-01,CL0287,8.44,0
2026-04-01,CL0287,7.06,0
2026-05-01,CL0287,5.62,0
2026-06-01,CL0287,5.74,0
2026-07-01,CL0287,14.85,1
2025-03-01,CL0288,16.67,1
2025-04-01,CL0288,26.13,1
2025-05-01,CL0288,11.3,0
2025-06-01,CL0288,26.48,1
2025-07-01,CL0288,34.09,2
2025-08-01,CL0288,35.16,2
2025-09-01,CL0288,27.29,1
2025-10-01,CL0288,24.01,1
2025-11-01,CL0288,13.17,1
2025-12-01,CL0288,26.99,1
2026-01-01,CL0288,21.49,1
2026-02-01,CL0288,10.03,0
2026-03-01,CL0288,20.49,1
2026-04-01,CL0288,11.47,1
2026-05-01,CL0288,22.98,1
2026-06-01,CL0288,16.06,1
2026-07-01,CL0288,23.65,1
2025-01-01,CL0289,7.27,0
2025-02-01,CL0289,6.24,0
2025-03-01,CL0289,3.41,0
2025-04-01,CL0289,5.21,0
2025-05-01,CL0289,7.93,0
2025-06-01,CL0289,6.71,0
2025-07-01,CL0289,7.5,0
2025-08-01,CL0289,8.39,0
2025-09-01,CL0289,3.48,0
2025-10-01,CL0289,3.52,0
2025-11-01,CL0289,6.79,0
2025-12-01,CL0289,7.32,0
2026-01-01,CL0289,8.48,0
2026-02-01,CL0289,7.94,0
2026-03-01,CL0289,7.53,0
2026-04-01,CL0289,8.17,0
2026-05-01,CL0289,9.57,0
2026-06-01,CL0289,8.14,0
2026-07-01,CL0289,13.41,1
2026-01-01,CL0290,15.37,1
2026-02-01,CL0290,17.85,1
2026-03-01,CL0290,13.83,1
2026-04-01,CL0290,12.76,1
2026-05-01,CL0290,12.27,1
2026-06-01,CL0290,11.48,0
2026-07-01,CL0290,39.56,2
2025-01-01,CL0291,21.69,1
2025-02-01,CL0291,9.15,0
2025-03-01,CL0291,11.77,0
2025-04-01,CL0291,22.36,1
2025-05-01,CL0291,18.83,1
2025-06-01,CL0291,27.67,1
2025-07-01,CL0291,35.88,2
2025-08-01,CL0291,27.8,1
2025-09-01,CL0291,18.2,1
2025-10-01,CL0291,28.38,1
2025-11-01,CL0291,11.16,0
2025-12-01,CL0291,30.52,1
2026-01-01,CL0291,13.97,1
2026-02-01,CL0291,27.52,1
2026-03-01,CL0291,13.05,1
2026-04-01,CL0291,26.52,1
2026-05-01,CL0291,29.0,1
2026-06-01,CL0291,25.52,1
2026-07-01,CL0291,47.14,2
2025-08-01,CL0292,10.01,0
2025-09-01,CL0292,3.62,0
2025-10-01,CL0292,8.39,0
2025-11-01,CL0292,7.39,0
2025-12-01,CL0292,5.38,0
2026-01-01,CL0292,5.1,0
2026-02-01,CL0292,5.26,0
2026-03-01,CL0292,7.11,0
2026-04-01,CL0292,4.3,0
2026-05-01,CL0292,9.74,0
2026-06-01,CL0292,10.42,0
2026-07-01,CL0292,6.87,0
2025-11-01,CL0293,8.31,0
2025-12-01,CL0293,10.3,0
2026-01-01,CL0293,14.22,1
2026-02-01,CL0293,20.67,1
2026-03-01,CL0293,19.46,1
2026-04-01,CL0293,23.17,1
2026-05-01,CL0293,24.35,1
2026-06-01,CL0293,16.13,1
2026-07-01,CL0293,28.03,1
2025-01-01,CL0294,6.71,0
2025-02-01,CL0294,3.71,0
2025-03-01,CL0294,10.47,0
2025-04-01,CL0294,6.88,0
2025-05-01,CL0294,8.23,0
2025-06-01,CL0294,14.72,1
2025-07-01,CL0294,9.01,0
2025-08-01,CL0294,12.4,1
2025-09-01,CL0294,12.78,1
2025-10-01,CL0294,11.67,0
2025-11-01,CL0294,7.87,0
2025-12-01,CL0294,11.26,0
2026-01-01,CL0294,8.61,0
2026-02-01,CL0294,8.58,0
2026-03-01,CL0294,11.03,1
2026-04-01,CL0294,7.44,0
2026-05-01,CL0294,14.33,1
2026-06-01,CL0294,7.42,0
2026-07-01,CL0294,13.19,1
2025-12-01,CL0295,41.53,2
2026-01-01,CL0295,63.6,3
2026-02-01,CL0295,73.17,3
2026-03-01,CL0295,56.67,3
2026-04-01,CL0295,59.18,3
2026-05-01,CL0295,88.32,4
2026-06-01,CL0295,94.27,4
2026-07-01,CL0295,103.21,4
2025-04-01,CL0296,8.16,0
2025-05-01,CL0296,10.53,0
2025-06-01,CL0296,22.76,1
2025-07-01,CL0296,19.56,1
2025-08-01,CL0296,20.49,1
2025-09-01,CL0296,7.62,0
2025-10-01,CL0296,8.11,0
2025-11-01,CL0296,10.83,0
2025-12-01,CL0296,21.87,1
2026-01-01,CL0296,16.13,1
2026-02-01,CL0296,9.69,0
2026-03-01,CL0296,11.28,1
2026-04-01,CL0296,10.86,0
2026-05-01,CL0296,9.78,0
2026-06-01,CL0296,12.86,1
2026-07-01,CL0296,23.15,1
2026-06-01,CL0297,18.87,1
2026-07-01,CL0297,8.77,0
2025-08-01,CL0298,9.14,0
2025-09-01,CL0298,11.29,0
2025-10-01,CL0298,10.63,0
2025-11-01,CL0298,9.48,0
2025-12-01,CL0298,5.65,0
2026-01-01,CL0298,5.37,0
2026-02-01,CL0298,8.44,0
2026-03-01,CL0298,12.63,1
2026-04-01,CL0298,7.64,0
2026-05-01,CL0298,6.79,0
2026-06-01,CL0298,6.88,0
2026-07-01,CL0298,15.78,1
2025-01-01,CL0299,7.04,0
2025-02-01,CL0299,7.53,0
2025-03-01,CL0299,6.58,0
2025-04-01,CL0299,11.79,1
2025-05-01,CL0299,14.01,1
2025-06-01,CL0299,9.84,0
2025-07-01,CL0299,8.7,0
2025-08-01,CL0299,8.22,0
2025-09-01,CL0299,6.49,0
2025-10-01,CL0299,12.4,1
2025-11-01,CL0299,10.17,0
2025-12-01,CL0299,9.77,0
2026-01-01,CL0299,6.13,0
2026-02-01,CL0299,12.88,1
2026-03-01,CL0299,9.69,0
2026-04-01,CL0299,13.53,1
2026-05-01,CL0299,10.44,0
2026-06-01,CL0299,11.81,0
2026-07-01,CL0299,12.58,1
2025-02-01,CL0300,30.12,1
2025-03-01,CL0300,40.5,2
2025-04-01,CL0300,20.98,1
2025-05-01,CL0300,23.92,1
2025-06-01,CL0300,58.27,2
2025-07-01,CL0300,59.47,3
2025-08-01,CL0300,48.44,2
2025-09-01,CL0300,29.09,1
2025-10-01,CL0300,31.28,1
2025-11-01,CL0300,18.74,1
2025-12-01,CL0300,56.53,2
2026-01-01,CL0300,46.42,2
2026-02-01,CL0300,43.36,2
2026-03-01,CL0300,26.95,1
2026-04-01,CL0300,41.37,2
2026-05-01,CL0300,52.36,2
2026-06-01,CL0300,23.85,1
2026-07-01,CL0300,41.88,2
2026-07-01,CL0301,145.22,6
2025-01-01,CL0302,11.31,0
2025-02-01,CL0302,16.22,1
2025-03-01,CL0302,13.28,1
2025-04-01,CL0302,11.5,1
2025-05-01,CL0302,21.67,1
2025-06-01,CL0302,10.16,0
2025-07-01,CL0302,18.38,1
2025-08-01,CL0302,11.6,1
2025-09-01,CL0302,15.04,1
2025-10-01,CL0302,15.6,1
2025-11-01,CL0302,11.22,0
2025-12-01,CL0302,13.97,1
2026-01-01,CL0302,16.75,1
2026-02-01,CL0302,13.97,1
2026-03-01,CL0302,12.72,1
2026-04-01,CL0302,17.28,1
2026-05-01,CL0302,18.16,1
2026-06-01,CL0302,25.98,1
2026-07-01,CL0302,19.22,1
2025-11-01,CL0303,5.99,0
2025-12-01,CL0303,11.76,0
2026-01-01,CL0303,6.62,0
2026-02-01,CL0303,13.31,1
2026-03-01,CL0303,8.27,0
2026-04-01,CL0303,11.3,1
2026-05-01,CL0303,10.69,0
2026-06-01,CL0303,16.17,1
2026-07-01,CL0303,11.54,0
2025-04-01,CL0304,11.25,0
2025-05-01,CL0304,9.82,0
2025-06-01,CL0304,9.21,0
2025-07-01,CL0304,8.52,0
2025-08-01,CL0304,16.01,1
2025-09-01,CL0304,10.84,0
2025-10-01,CL0304,5.77,0
2025-11-01,CL0304,6.0,0
2025-12-01,CL0304,10.8,0
2026-01-01,CL0304,7.0,0
2026-02-01,CL0304,5.87,0
2026-03-01,CL0304,6.27,0
2026-04-01,CL0304,5.85,0
2026-05-01,CL0304,12.34,1
2026-06-01,CL0304,16.73,1
2026-07-01,CL0304,17.66,1
2025-07-01,CL0305,13.17,1
2025-08-01,CL0305,10.58,0
2025-09-01,CL0305,13.95,1
2025-10-01,CL0305,8.55,0
2025-11-01,CL0305,7.26,0
2025-12-01,CL0305,16.17,1
2026-01-01,CL0305,5.55,0
2025-02-01,CL0306,14.99,1
2025-03-01,CL0306,11.26,0
2025-04-01,CL0306,22.52,1
2025-05-01,CL0306,9.35,0
2025-06-01,CL0306,14.39,1
2025-07-01,CL0306,20.4,1
2025-08-01,CL0306,26.44,1
2025-09-01,CL0306,8.33,0
2025-10-01,CL0306,19.77,1
2025-11-01,CL0306,11.78,0
2025-12-01,CL0306,16.69,1
2026-01-01,CL0306,20.69,1
2026-02-01,CL0306,20.67,1
2026-03-01,CL0306,23.28,1
2026-04-01,CL0306,22.89,1
2026-05-01,CL0306,12.63,1
2026-06-01,CL0306,26.44,1
2026-07-01,CL0306,35.53,2
2025-01-01,CL0307,5.53,0
2025-02-01,CL0307,3.48,0
2025-03-01,CL0307,7.62,0
2025-04-01,CL0307,8.34,0
2025-05-01,CL0307,6.43,0
2025-06-01,CL0307,5.12,0
2025-07-01,CL0307,7.48,0
2025-08-01,CL0307,8.45,0
2025-09-01,CL0307,5.83,0
2025-10-01,CL0307,4.36,0
2025-11-01,CL0307,3.35,0
2025-12-01,CL0307,10.1,0
2026-01-01,CL0307,4.4,0
2026-02-01,CL0307,8.09,0
2026-03-01,CL0307,9.11,0
2026-04-01,CL0307,8.29,0
2026-05-01,CL0307,8.84,0
2026-06-01,CL0307,6.33,0
2026-07-01,CL0307,6.86,0
2025-01-01,CL0308,16.1,1
2025-02-01,CL0308,13.57,1
2025-03-01,CL0308,16.05,1
2025-04-01,CL0308,18.77,1
2025-05-01,CL0308,14.68,1
2025-06-01,CL0308,14.87,1
2025-07-01,CL0308,23.81,1
2025-08-01,CL0308,16.4,1
2025-09-01,CL0308,20.06,1
2025-10-01,CL0308,8.71,0
2025-11-01,CL0308,6.74,0
2025-12-01,CL0308,25.08,1
2026-01-01,CL0308,14.83,1
2026-02-01,CL0308,9.62,0
2026-03-01,CL0308,23.05,1
2026-04-01,CL0308,19.02,1
2026-05-01,CL0308,21.36,1
2026-06-01,CL0308,19.91,1
2026-07-01,CL0308,19.07,1
2025-02-01,CL0309,3.24,0
2025-03-01,CL0309,3.21,0
2025-04-01,CL0309,7.94,0
2025-05-01,CL0309,3.79,0
2025-06-01,CL0309,6.35,0
2025-07-01,CL0309,10.25,0
2025-08-01,CL0309,4.84,0
2025-09-01,CL0309,5.38,0
2025-10-01,CL0309,5.48,0
2025-11-01,CL0309,5.01,0
2025-12-01,CL0309,9.45,0
2026-01-01,CL0309,6.69,0
2026-02-01,CL0309,8.4,0
2026-03-01,CL0309,8.06,0
2026-04-01,CL0309,7.82,0
2026-05-01,CL0309,7.02,0
2026-06-01,CL0309,8.55,0
2026-07-01,CL0309,6.31,0
2026-01-01,CL0310,7.02,0
2026-02-01,CL0310,5.84,0
2025-11-01,CL0311,7.18,0
2025-12-01,CL0311,15.21,1
2026-01-01,CL0311,13.7,1
2026-02-01,CL0311,14.31,1
2026-03-01,CL0311,10.78,0
2026-04-01,CL0311,7.68,0
2026-05-01,CL0311,17.27,1
2026-06-01,CL0311,21.55,1
2026-07-01,CL0311,25.47,1
2025-05-01,CL0312,5.96,0
2025-06-01,CL0312,5.97,0
2025-07-01,CL0312,8.21,0
2025-08-01,CL0312,13.23,1
2025-09-01,CL0312,11.67,0
2025-10-01,CL0312,4.71,0
2025-11-01,CL0312,10.13,0
2025-12-01,CL0312,12.16,1
2026-01-01,CL0312,5.1,0
2026-02-01,CL0312,9.39,0
2026-03-01,CL0312,8.09,0
2026-04-01,CL0312,12.52,1
2026-05-01,CL0312,8.14,0
2026-06-01,CL0312,11.85,0
2026-07-01,CL0312,14.54,1
2025-09-01,CL0313,21.05,1
2025-10-01,CL0313,24.02,1
2025-11-01,CL0313,23.24,1
2025-12-01,CL0313,32.49,1
2026-01-01,CL0313,27.23,1
2025-04-01,CL0314,13.78,1
2025-05-01,CL0314,8.68,0
2025-06-01,CL0314,18.63,1
2025-07-01,CL0314,7.68,0
2025-08-01,CL0314,9.52,0
2025-09-01,CL0314,6.24,0
2025-10-01,CL0314,5.66,0
2025-11-01,CL0314,5.34,0
2025-12-01,CL0314,8.46,0
2026-01-01,CL0314,14.74,1
2026-02-01,CL0314,7.92,0
2026-03-01,CL0314,12.26,1
2026-04-01,CL0314,10.98,0
2026-05-01,CL0314,18.52,1
2026-06-01,CL0314,9.71,0
2026-07-01,CL0314,23.74,1
2025-03-01,CL0315,4.79,0
2025-04-01,CL0315,10.34,0
2025-05-01,CL0315,9.24,0
2025-06-01,CL0315,9.97,0
2025-07-01,CL0315,8.08,0
2025-08-01,CL0315,9.64,0
2025-09-01,CL0315,11.48,0
2025-10-01,CL0315,8.84,0
2025-11-01,CL0315,10.23,0
2025-12-01,CL0315,15.37,1
2026-01-01,CL0315,12.64,1
2026-02-01,CL0315,7.95,0
2026-03-01,CL0315,14.33,1
2026-04-01,CL0315,7.28,0
2026-05-01,CL0315,12.44,1
2026-06-01,CL0315,14.41,1
2026-07-01,CL0315,19.34,1
2025-09-01,CL0316,12.01,1
2025-10-01,CL0316,4.86,0
2025-11-01,CL0316,7.5,0
2025-12-01,CL0316,14.91,1
2026-05-01,CL0317,67.49,3
2026-06-01,CL0317,68.01,3
2026-07-01,CL0317,98.03,4
2025-01-01,CL0318,10.36,0
2025-02-01,CL0318,19.56,1
2025-03-01,CL0318,10.2,0
2025-04-01,CL0318,25.77,1
2025-05-01,CL0318,12.34,1
2025-06-01,CL0318,16.84,1
2025-07-01,CL0318,31.8,1
2025-08-01,CL0318,34.26,1
2025-09-01,CL0318,13.31,1
2025-10-01,CL0318,17.38,1
2025-11-01,CL0318,20.88,1
2025-12-01,CL0318,17.76,1
2026-01-01,CL0318,24.14,1
2026-02-01,CL0318,16.03,1
2026-03-01,CL0318,15.95,1
2026-04-01,CL0318,16.36,1
2026-05-01,CL0318,20.54,1
2026-06-01,CL0318,31.38,1
2026-07-01,CL0318,43.13,2
2025-05-01,CL0319,8.14,0
2025-06-01,CL0319,15.15,1
2025-07-01,CL0319,15.34,1
2025-08-01,CL0319,17.59,1
2025-09-01,CL0319,9.6,0
2025-10-01,CL0319,7.65,0
2025-11-01,CL0319,5.77,0
2025-12-01,CL0319,7.14,0
2026-01-01,CL0319,10.83,0
2026-02-01,CL0319,5.06,0
2026-03-01,CL0319,12.77,1
2026-04-01,CL0319,9.41,0
2026-05-01,CL0319,6.05,0
2026-06-01,CL0319,7.08,0
2026-07-01,CL0319,8.08,0
2026-05-01,CL0320,18.04,1
2026-06-01,CL0320,19.02,1
2026-07-01,CL0320,13.88,1
2026-02-01,CL0321,69.04,3
2026-03-01,CL0321,34.59,2
2026-04-01,CL0321,68.38,3
2026-05-01,CL0321,46.19,2
2026-06-01,CL0321,110.08,5
2026-07-01,CL0321,136.94,6
2026-02-01,CL0322,12.82,1
2026-03-01,CL0322,23.0,1
2026-04-01,CL0322,19.17,1
2026-05-01,CL0322,24.58,1
2026-06-01,CL0322,30.47,1
2026-07-01,CL0322,36.27,2
2025-04-01,CL0323,6.62,0
2025-05-01,CL0323,9.39,0
2025-06-01,CL0323,8.66,0
2025-07-01,CL0323,7.32,0
2025-08-01,CL0323,6.21,0
2025-09-01,CL0323,6.7,0
2025-10-01,CL0323,3.11,0
2025-11-01,CL0323,3.91,0
2025-12-01,CL0323,7.2,0
2026-01-01,CL0323,4.74,0
2026-02-01,CL0323,7.85,0
2026-03-01,CL0323,7.26,0
2025-01-01,CL0324,7.58,0
2025-02-01,CL0324,4.03,0
2025-03-01,CL0324,5.94,0
2025-04-01,CL0324,5.67,0
2025-05-01,CL0324,4.48,0
2025-06-01,CL0324,10.76,0
2025-07-01,CL0324,9.27,0
2025-08-01,CL0324,9.03,0
2025-09-01,CL0324,10.31,0
2025-10-01,CL0324,4.84,0
2025-11-01,CL0324,5.81,0
2025-12-01,CL0324,5.82,0
2026-01-01,CL0324,9.33,0
2026-02-01,CL0324,7.6,0
2026-03-01,CL0324,7.24,0
2026-04-01,CL0324,9.62,0
2026-05-01,CL0324,7.61,0
2026-06-01,CL0324,10.0,0
2026-07-01,CL0324,11.72,0
2025-01-01,CL0325,35.28,2
2025-02-01,CL0325,24.84,1
2025-03-01,CL0325,40.37,2
2025-04-01,CL0325,45.32,2
2025-05-01,CL0325,23.49,1
2025-06-01,CL0325,54.33,2
2025-07-01,CL0325,45.04,2
2025-08-01,CL0325,42.51,2
2025-09-01,CL0325,51.08,2
2025-10-01,CL0325,46.29,2
2025-11-01,CL0325,44.83,2
2025-12-01,CL0325,46.12,2
2026-01-01,CL0325,32.76,1
2026-02-01,CL0325,27.3,1
2026-03-01,CL0325,58.79,3
2026-04-01,CL0325,36.79,2
2026-05-01,CL0325,59.88,3
2026-06-01,CL0325,58.9,2
2026-07-01,CL0325,54.39,2
2025-12-01,CL0326,8.51,0
2026-01-01,CL0326,9.67,0
2026-02-01,CL0326,6.65,0
2026-03-01,CL0326,10.55,0
2026-04-01,CL0326,11.89,1
2026-05-01,CL0326,7.9,0
2026-06-01,CL0326,13.08,1
2026-07-01,CL0326,16.38,1
2025-01-01,CL0327,11.99,1
2025-02-01,CL0327,5.4,0
2025-03-01,CL0327,14.68,1
2025-04-01,CL0327,15.11,1
2025-05-01,CL0327,16.53,1
2025-06-01,CL0327,9.63,0
2025-07-01,CL0327,13.02,1
2025-08-01,CL0327,20.78,1
2025-09-01,CL0327,7.06,0
2025-10-01,CL0327,13.22,1
2025-11-01,CL0327,13.87,1
2025-12-01,CL0327,13.14,1
2026-01-01,CL0327,12.16,1
2026-02-01,CL0327,8.79,0
2026-03-01,CL0327,14.2,1
2026-04-01,CL0327,10.13,0
2026-05-01,CL0327,11.11,0
2026-06-01,CL0327,19.86,1
2026-07-01,CL0327,23.5,1
2026-04-01,CL0328,28.88,1
2026-05-01,CL0328,46.5,2
2026-06-01,CL0328,44.47,2
2026-07-01,CL0328,53.91,2
2025-04-01,CL0329,8.19,0
2025-05-01,CL0329,17.43,1
2025-06-01,CL0329,17.36,1
2025-07-01,CL0329,9.29,0
2025-08-01,CL0329,15.27,1
2025-09-01,CL0329,8.99,0
2025-10-01,CL0329,6.53,0
2025-11-01,CL0329,9.26,0
2025-12-01,CL0329,15.45,1
2026-01-01,CL0329,13.47,1
2026-02-01,CL0329,12.76,1
2026-03-01,CL0329,9.85,0
2026-04-01,CL0329,13.09,1
2026-05-01,CL0329,8.62,0
2026-06-01,CL0329,15.74,1
2026-07-01,CL0329,11.33,0
2025-01-01,CL0330,13.38,1
2025-02-01,CL0330,12.16,0
2025-03-01,CL0330,11.15,0
2025-04-01,CL0330,7.11,0
2025-05-01,CL0330,11.07,0
2025-06-01,CL0330,9.96,0
2025-07-01,CL0330,18.62,1
2025-08-01,CL0330,16.02,1
2025-09-01,CL0330,8.23,0
2025-10-01,CL0330,14.01,1
2025-11-01,CL0330,9.7,0
2025-12-01,CL0330,18.26,1
2026-01-01,CL0330,13.03,1
2026-02-01,CL0330,12.53,1
2026-03-01,CL0330,8.11,0
2026-04-01,CL0330,10.17,0
2026-05-01,CL0330,7.73,0
2026-06-01,CL0330,20.19,1
2026-07-01,CL0330,21.31,1
2025-08-01,CL0331,34.37,1
2025-09-01,CL0331,13.68,1
2025-10-01,CL0331,17.36,1
2025-11-01,CL0331,14.47,1
2025-12-01,CL0331,33.38,1
2026-01-01,CL0331,11.39,1
2025-05-01,CL0332,6.32,0
2025-06-01,CL0332,6.61,0
2025-07-01,CL0332,10.08,0
2025-08-01,CL0332,19.47,1
2025-09-01,CL0332,12.47,1
2025-10-01,CL0332,5.29,0
2025-11-01,CL0332,6.25,0
2025-12-01,CL0332,8.48,0
2026-01-01,CL0332,11.54,1
2026-02-01,CL0332,5.99,0
2026-03-01,CL0332,11.86,1
2026-04-01,CL0332,14.88,1
2026-05-01,CL0332,14.13,1
2026-06-01,CL0332,8.74,0
2026-07-01,CL0332,21.21,1
2025-01-01,CL0333,7.2,0
2025-02-01,CL0333,6.91,0
2025-03-01,CL0333,6.27,0
2025-04-01,CL0333,5.75,0
2025-05-01,CL0333,10.26,0
2025-06-01,CL0333,11.7,0
2025-07-01,CL0333,8.09,0
2025-08-01,CL0333,9.71,0
2025-09-01,CL0333,4.29,0
2025-10-01,CL0333,8.81,0
2025-11-01,CL0333,5.52,0
2025-12-01,CL0333,4.4,0
2026-01-01,CL0333,4.84,0
2026-02-01,CL0333,6.42,0
2026-03-01,CL0333,6.64,0
2026-04-01,CL0333,5.7,0
2026-05-01,CL0333,11.19,0
2026-06-01,CL0333,6.18,0
2026-07-01,CL0333,10.34,0
2026-03-01,CL0334,34.89,2
2026-04-01,CL0334,47.49,2
2026-05-01,CL0334,34.05,1
2026-06-01,CL0334,55.18,2
2026-07-01,CL0334,69.88,3
2025-09-01,CL0335,373.48,16
2025-10-01,CL0335,413.15,18
2025-11-01,CL0335,249.61,11
2025-12-01,CL0335,477.26,20
2026-01-01,CL0335,347.06,16
2026-02-01,CL0335,483.05,21
2026-03-01,CL0335,489.11,22
2026-04-01,CL0335,508.49,23
2026-05-01,CL0335,662.5,28
2026-06-01,CL0335,430.07,18
2026-07-01,CL0335,526.73,22
2025-01-01,CL0336,4.99,0
2025-02-01,CL0336,4.18,0
2025-03-01,CL0336,3.44,0
2025-04-01,CL0336,5.57,0
2025-05-01,CL0336,4.15,0
2025-06-01,CL0336,9.46,0
2025-07-01,CL0336,9.64,0
2025-08-01,CL0336,9.2,0
2025-09-01,CL0336,4.36,0
2025-10-01,CL0336,8.5,0
2025-11-01,CL0336,5.69,0
2025-12-01,CL0336,5.9,0
2026-01-01,CL0336,3.47,0
2026-02-01,CL0336,6.96,0
2026-03-01,CL0336,5.74,0
2026-04-01,CL0336,6.84,0
2026-05-01,CL0336,10.61,0
2026-06-01,CL0336,5.45,0
2026-07-01,CL0336,6.8,0
2026-05-01,CL0337,21.11,1
2026-06-01,CL0337,12.87,1
2026-07-01,CL0337,30.33,1
2025-08-01,CL0338,14.29,1
2025-09-01,CL0338,5.92,0
2025-10-01,CL0338,6.86,0
2025-11-01,CL0338,4.66,0
2025-12-01,CL0338,13.85,1
2026-01-01,CL0338,7.85,0
2026-02-01,CL0338,11.01,0
2025-11-01,CL0339,11.91,1
2025-12-01,CL0339,16.82,1
2026-01-01,CL0339,13.09,1
2026-02-01,CL0339,12.81,1
2026-03-01,CL0339,7.59,0
2026-04-01,CL0339,16.93,1
2026-05-01,CL0339,14.17,1
2026-06-01,CL0339,12.02,1
2026-07-01,CL0339,20.27,1
2025-05-01,CL0340,5.4,0
2025-06-01,CL0340,4.63,0
2025-07-01,CL0340,5.7,0
2025-08-01,CL0340,12.3,1
2025-09-01,CL0340,9.92,0
2025-10-01,CL0340,7.63,0
2025-11-01,CL0340,4.35,0
2025-12-01,CL0340,7.02,0
2026-01-01,CL0340,9.07,0
2026-02-01,CL0340,4.8,0
2026-03-01,CL0340,6.93,0
2026-04-01,CL0340,8.75,0
2026-05-01,CL0340,4.39,0
2026-06-01,CL0340,12.36,1
2026-07-01,CL0340,6.13,0
2025-03-01,CL0341,8.1,0
2025-04-01,CL0341,10.92,0
2025-05-01,CL0341,9.35,0
2025-06-01,CL0341,14.05,1
2025-07-01,CL0341,10.12,0
2025-08-01,CL0341,8.09,0
2025-09-01,CL0341,12.26,1
2025-10-01,CL0341,7.68,0
2025-11-01,CL0341,8.11,0
2025-12-01,CL0341,5.78,0
2026-01-01,CL0341,9.64,0
2026-02-01,CL0341,5.41,0
2026-03-01,CL0341,14.52,1
2026-04-01,CL0341,6.94,0
2026-05-01,CL0341,11.04,0
2026-06-01,CL0341,8.83,0
2026-07-01,CL0341,8.32,0
2026-03-01,CL0342,8.82,0
2025-02-01,CL0343,6.31,0
2025-03-01,CL0343,6.22,0
2025-04-01,CL0343,8.48,0
2025-05-01,CL0343,7.22,0
2025-06-01,CL0343,4.9,0
2025-07-01,CL0343,9.1,0
2025-08-01,CL0343,8.29,0
2025-09-01,CL0343,3.33,0
2025-10-01,CL0343,4.54,0
2025-11-01,CL0343,3.22,0
2025-12-01,CL0343,6.75,0
2026-01-01,CL0343,4.04,0
2026-02-01,CL0343,4.4,0
2026-03-01,CL0343,9.4,0
2026-04-01,CL0343,7.62,0
2026-06-01,CL0344,13.63,1
2026-07-01,CL0344,12.6,1
2025-05-01,CL0345,12.04,1
2025-06-01,CL0345,10.65,0
2025-07-01,CL0345,6.97,0
2025-08-01,CL0345,6.16,0
2025-09-01,CL0345,9.18,0
2025-10-01,CL0345,8.99,0
2025-11-01,CL0345,5.34,0
2025-12-01,CL0345,9.63,0
2026-01-01,CL0345,9.95,0
2026-02-01,CL0345,5.65,0
2026-03-01,CL0345,7.52,0
2026-04-01,CL0345,7.44,0
2026-05-01,CL0345,12.5,1
2026-06-01,CL0345,11.06,0
2026-07-01,CL0345,16.6,1
2025-06-01,CL0346,23.34,1
2025-07-01,CL0346,33.08,2
2025-08-01,CL0346,30.55,1
2025-09-01,CL0346,23.32,1
2025-10-01,CL0346,21.69,1
2025-11-01,CL0346,10.52,0
2025-12-01,CL0346,28.2,1
2026-01-01,CL0346,15.82,1
2026-02-01,CL0346,20.21,1
2026-03-01,CL0346,11.88,1
2026-04-01,CL0346,11.22,1
2026-05-01,CL0346,19.13,1
2026-06-01,CL0346,29.61,1
2026-07-01,CL0346,44.55,2
2025-02-01,CL0347,6.61,0
2025-03-01,CL0347,6.1,0
2025-04-01,CL0347,6.66,0
2025-05-01,CL0347,7.32,0
2025-06-01,CL0347,7.34,0
2025-07-01,CL0347,4.82,0
2025-08-01,CL0347,12.06,1
2025-09-01,CL0347,6.78,0
2025-10-01,CL0347,4.95,0
2025-11-01,CL0347,7.41,0
2025-12-01,CL0347,9.51,0
2026-01-01,CL0347,4.06,0
2026-02-01,CL0347,5.18,0
2026-03-01,CL0347,4.89,0
2026-04-01,CL0347,7.95,0
2026-05-01,CL0347,9.53,0
2026-06-01,CL0347,6.14,0
2026-07-01,CL0347,8.57,0
2025-01-01,CL0348,9.68,0
2025-02-01,CL0348,5.38,0
2025-03-01,CL0348,7.72,0
2025-04-01,CL0348,11.54,1
2025-05-01,CL0348,12.62,1
2025-06-01,CL0348,14.85,1
2025-07-01,CL0348,14.35,1
2025-08-01,CL0348,10.05,0
2025-09-01,CL0348,6.98,0
2025-10-01,CL0348,12.03,1
2025-11-01,CL0348,7.4,0
2025-12-01,CL0348,12.36,1
2026-01-01,CL0348,11.08,1
2026-02-01,CL0348,10.35,0
2026-03-01,CL0348,12.38,1
2026-04-01,CL0348,16.05,1
2026-05-01,CL0348,13.43,1
2026-06-01,CL0348,13.1,1
2026-07-01,CL0348,21.97,1
2025-11-01,CL0349,8.6,0
2025-12-01,CL0349,8.85,0
2026-01-01,CL0349,10.99,0
2026-02-01,CL0349,4.63,0
2026-03-01,CL0349,7.75,0
2026-04-01,CL0349,7.96,0
2026-05-01,CL0349,9.59,0
2026-06-01,CL0349,11.35,0
2026-07-01,CL0349,8.33,0
2025-03-01,CL0350,9.03,0
2025-04-01,CL0350,6.8,0
2025-05-01,CL0350,10.04,0
2025-06-01,CL0350,8.59,0
2025-07-01,CL0350,12.31,1
2025-08-01,CL0350,10.44,0
2025-09-01,CL0350,7.6,0
2025-10-01,CL0350,6.87,0
2025-11-01,CL0350,7.54,0
2025-12-01,CL0350,10.17,0
2026-01-01,CL0350,4.35,0
2026-02-01,CL0350,5.9,0
2026-03-01,CL0350,6.96,0
2026-04-01,CL0350,4.85,0
2026-05-01,CL0350,9.46,0
2026-06-01,CL0350,12.0,1
2026-07-01,CL0350,16.62,1
2025-01-01,CL0351,8.06,0
2025-02-01,CL0351,8.23,0
2025-03-01,CL0351,7.21,0
2025-04-01,CL0351,10.76,0
2025-05-01,CL0351,9.69,0
2025-06-01,CL0351,11.8,0
2025-07-01,CL0351,9.03,0
2025-08-01,CL0351,12.33,1
2025-09-01,CL0351,13.94,1
2025-10-01,CL0351,7.45,0
2025-11-01,CL0351,6.89,0
2025-12-01,CL0351,6.88,0
2026-01-01,CL0351,10.0,0
2026-02-01,CL0351,11.49,1
2026-03-01,CL0351,14.99,1
2026-04-01,CL0351,14.0,1
2026-05-01,CL0351,8.69,0
2026-06-01,CL0351,11.26,0
2026-07-01,CL0351,19.73,1
2026-06-01,CL0352,8.22,0
2026-07-01,CL0352,15.44,1
2025-01-01,CL0353,5.78,0
2025-02-01,CL0353,7.69,0
2025-03-01,CL0353,3.43,0
2025-04-01,CL0353,6.41,0
2025-05-01,CL0353,8.98,0
2025-06-01,CL0353,9.2,0
2025-07-01,CL0353,4.58,0
2025-08-01,CL0353,10.16,0
2025-09-01,CL0353,4.69,0
2025-10-01,CL0353,9.13,0
2025-11-01,CL0353,7.48,0
2025-12-01,CL0353,11.53,0
2026-01-01,CL0353,3.96,0
2026-02-01,CL0353,9.12,0
2026-03-01,CL0353,8.32,0
2026-04-01,CL0353,6.31,0
2026-05-01,CL0353,10.91,0
2026-06-01,CL0353,9.22,0
2026-07-01,CL0353,10.49,0
2026-05-01,CL0354,48.3,2
2026-06-01,CL0354,68.58,3
2026-07-01,CL0354,72.5,3
2025-01-01,CL0355,5.02,0
2025-02-01,CL0355,11.36,0
2025-03-01,CL0355,10.59,0
2025-04-01,CL0355,11.55,1
2025-05-01,CL0355,9.58,0
2025-06-01,CL0355,7.86,0
2025-07-01,CL0355,6.73,0
2025-08-01,CL0355,15.46,1
2025-09-01,CL0355,9.45,0
2025-10-01,CL0355,11.07,0
2025-11-01,CL0355,5.3,0
2025-12-01,CL0355,14.82,1
2026-01-01,CL0355,6.64,0
2026-02-01,CL0355,8.43,0
2026-03-01,CL0355,12.05,1
2026-04-01,CL0355,13.76,1
2026-05-01,CL0355,12.03,1
2026-06-01,CL0355,6.78,0
2026-07-01,CL0355,20.96,1
2025-03-01,CL0356,13.29,1
2025-04-01,CL0356,8.35,0
2025-05-01,CL0356,16.44,1
2025-06-01,CL0356,20.02,1
2025-07-01,CL0356,22.32,1
2025-08-01,CL0356,18.11,1
2025-09-01,CL0356,18.66,1
2025-10-01,CL0356,13.68,1
2025-11-01,CL0356,8.26,0
2025-12-01,CL0356,10.81,0
2026-01-01,CL0356,13.22,1
2026-02-01,CL0356,8.0,0
2026-03-01,CL0356,13.59,1
2026-04-01,CL0356,15.36,1
2026-05-01,CL0356,14.88,1
2026-06-01,CL0356,21.47,1
2026-07-01,CL0356,22.12,1
2025-09-01,CL0357,11.26,0
2025-10-01,CL0357,7.39,0
2025-11-01,CL0357,8.8,0
2025-12-01,CL0357,10.18,0
2026-01-01,CL0357,8.66,0
2026-02-01,CL0357,5.03,0
2026-03-01,CL0357,6.4,0
2026-04-01,CL0357,8.52,0
2026-05-01,CL0357,10.25,0
2026-06-01,CL0357,7.82,0
2026-07-01,CL0357,18.35,1
2025-01-01,CL0358,7.19,0
2025-02-01,CL0358,5.18,0
2025-03-01,CL0358,9.61,0
2025-04-01,CL0358,9.57,0
2025-05-01,CL0358,10.73,0
2025-06-01,CL0358,5.0,0
2025-07-01,CL0358,12.9,1
2025-08-01,CL0358,6.1,0
2025-09-01,CL0358,5.72,0
2025-10-01,CL0358,8.88,0
2025-11-01,CL0358,4.72,0
2025-12-01,CL0358,8.25,0
2026-01-01,CL0358,5.17,0
2026-02-01,CL0358,4.66,0
2026-03-01,CL0358,4.99,0
2026-04-01,CL0358,8.02,0
2026-05-01,CL0358,11.69,1
2026-06-01,CL0358,7.57,0
2026-07-01,CL0358,10.57,0
2025-01-01,CL0359,13.68,1
2025-02-01,CL0359,9.97,0
2025-03-01,CL0359,11.77,0
2025-04-01,CL0359,14.19,1
2025-05-01,CL0359,10.87,0
2025-06-01,CL0359,18.63,1
2025-07-01,CL0359,23.09,1
2025-08-01,CL0359,20.3,1
2025-09-01,CL0359,13.53,1
2025-10-01,CL0359,12.91,1
2025-11-01,CL0359,10.72,0
2025-12-01,CL0359,22.57,1
2026-01-01,CL0359,14.72,1
2026-02-01,CL0359,10.01,0
2026-03-01,CL0359,21.52,1
2026-04-01,CL0359,7.94,0
2026-05-01,CL0359,9.34,0
2026-06-01,CL0359,11.58,0
2026-07-01,CL0359,25.69,1
2026-06-01,CL0360,7.31,0
2026-07-01,CL0360,8.3,0
2025-01-01,CL0361,15.15,1
2025-02-01,CL0361,12.39,0
2025-03-01,CL0361,27.27,1
2025-04-01,CL0361,25.21,1
2025-05-01,CL0361,13.13,1
2025-06-01,CL0361,31.07,1
2025-07-01,CL0361,33.77,2
2025-08-01,CL0361,26.51,1
2025-09-01,CL0361,27.32,1
2025-10-01,CL0361,15.65,1
2025-11-01,CL0361,18.53,1
2025-12-01,CL0361,15.45,1
2026-01-01,CL0361,29.78,1
2026-03-01,CL0362,246.46,11
2026-04-01,CL0362,140.15,6
2026-05-01,CL0362,359.91,15
2026-06-01,CL0362,394.89,16
2026-07-01,CL0362,297.84,13
2025-01-01,CL0363,4.62,0
2025-02-01,CL0363,6.35,0
2025-03-01,CL0363,10.8,0
2025-04-01,CL0363,4.92,0
2025-05-01,CL0363,9.29,0
2025-06-01,CL0363,12.46,1
2025-07-01,CL0363,15.59,1
2025-08-01,CL0363,10.89,0
2025-09-01,CL0363,8.64,0
2025-10-01,CL0363,4.81,0
2025-11-01,CL0363,9.17,0
2025-12-01,CL0363,12.26,1
2026-01-01,CL0363,7.84,0
2026-02-01,CL0363,5.21,0
2026-03-01,CL0363,8.47,0
2026-04-01,CL0363,5.8,0
2026-05-01,CL0363,6.68,0
2026-06-01,CL0363,14.75,1
2026-07-01,CL0363,9.25,0
2025-01-01,CL0364,17.69,1
2025-02-01,CL0364,10.98,0
2025-03-01,CL0364,22.26,1
2025-04-01,CL0364,18.63,1
2025-05-01,CL0364,19.67,1
2025-06-01,CL0364,28.21,1
2025-07-01,CL0364,23.61,1
2025-08-01,CL0364,17.8,1
2025-09-01,CL0364,27.74,1
2025-10-01,CL0364,18.92,1
2025-11-01,CL0364,14.47,1
2025-12-01,CL0364,15.73,1
2026-01-01,CL0364,32.98,1
2026-02-01,CL0364,29.4,1
2026-03-01,CL0364,14.86,1
2026-04-01,CL0364,29.85,1
2026-05-01,CL0364,20.73,1
2026-06-01,CL0364,34.18,1
2026-07-01,CL0364,54.81,2
2025-01-01,CL0365,6.6,0
2025-02-01,CL0365,4.14,0
2025-03-01,CL0365,7.54,0
2025-04-01,CL0365,8.2,0
2025-05-01,CL0365,4.43,0
2025-06-01,CL0365,5.25,0
2025-07-01,CL0365,4.7,0
2025-08-01,CL0365,6.72,0
2025-09-01,CL0365,5.66,0
2025-10-01,CL0365,4.48,0
2025-11-01,CL0365,5.37,0
2025-02-01,CL0366,16.18,1
2025-03-01,CL0366,24.32,1
2025-04-01,CL0366,42.01,2
2025-05-01,CL0366,32.92,1
2025-06-01,CL0366,51.14,2
2025-07-01,CL0366,36.13,2
2025-08-01,CL0366,54.74,2
2025-09-01,CL0366,42.04,2
2025-10-01,CL0366,35.32,2
2025-11-01,CL0366,19.7,1
2025-12-01,CL0366,33.17,1
2026-01-01,CL0366,40.9,2
2026-02-01,CL0366,32.31,1
2026-03-01,CL0366,23.52,1
2026-04-01,CL0366,27.8,1
2026-05-01,CL0366,18.51,1
2026-06-01,CL0366,47.67,2
2026-07-01,CL0366,61.2,3
2026-01-01,CL0367,11.81,1
2026-02-01,CL0367,6.89,0
2026-03-01,CL0367,15.87,1
2026-04-01,CL0367,11.74,1
2026-05-01,CL0367,6.85,0
2026-06-01,CL0367,9.63,0
2026-07-01,CL0367,8.98,0
2025-01-01,CL0368,39.83,2
2025-02-01,CL0368,36.88,1
2025-03-01,CL0368,19.18,1
2025-04-01,CL0368,46.39,2
2025-05-01,CL0368,51.25,2
2025-06-01,CL0368,29.41,1
2025-07-01,CL0368,36.65,2
2025-08-01,CL0368,26.02,1
2025-09-01,CL0368,36.2,2
2025-10-01,CL0368,21.05,1
2025-11-01,CL0368,27.33,1
2025-12-01,CL0368,54.02,2
2026-01-01,CL0368,23.93,1
2026-02-01,CL0368,22.49,1
2026-03-01,CL0368,52.96,2
2026-04-01,CL0368,22.32,1
2026-05-01,CL0368,26.35,1
2026-06-01,CL0368,46.14,2
2026-07-01,CL0368,50.36,2
2026-06-01,CL0369,11.97,0
2026-07-01,CL0369,10.37,0
2025-01-01,CL0370,19.34,1
2025-02-01,CL0370,15.34,1
2025-03-01,CL0370,38.96,2
2025-04-01,CL0370,42.84,2
2025-05-01,CL0370,23.57,1
2025-06-01,CL0370,49.96,2
2025-07-01,CL0370,36.36,2
2025-08-01,CL0370,61.29,3
2025-09-01,CL0370,38.76,2
2025-10-01,CL0370,39.62,2
2025-11-01,CL0370,24.25,1
2025-12-01,CL0370,22.94,1
2026-01-01,CL0370,23.72,1
2026-02-01,CL0370,29.72,1
2026-03-01,CL0370,50.68,2
2026-04-01,CL0370,36.75,2
2026-05-01,CL0370,59.46,3
2026-06-01,CL0370,40.12,2
2026-07-01,CL0370,54.61,2
2025-09-01,CL0371,8.1,0
2025-10-01,CL0371,6.9,0
2025-11-01,CL0371,3.45,0
2025-12-01,CL0371,6.73,0
2026-01-01,CL0371,4.82,0
2026-02-01,CL0371,6.39,0
2026-03-01,CL0371,4.99,0
2026-04-01,CL0371,7.5,0
2026-05-01,CL0371,6.69,0
2026-06-01,CL0371,5.86,0
2026-07-01,CL0371,5.59,0
2025-10-01,CL0372,7.57,0
2025-11-01,CL0372,8.94,0
2025-12-01,CL0372,16.59,1
2026-01-01,CL0372,19.1,1
2026-02-01,CL0372,8.74,0
2026-03-01,CL0372,17.83,1
2026-04-01,CL0372,8.76,0
2026-05-01,CL0372,17.09,1
2026-06-01,CL0372,15.64,1
2026-07-01,CL0372,25.65,1
2025-01-01,CL0373,8.99,0
2025-02-01,CL0373,10.39,0
2025-03-01,CL0373,14.21,1
2025-04-01,CL0373,16.16,1
2025-05-01,CL0373,7.2,0
2025-06-01,CL0373,16.3,1
2025-07-01,CL0373,9.41,0
2025-08-01,CL0373,16.45,1
2025-09-01,CL0373,8.33,0
2025-10-01,CL0373,11.68,0
2025-11-01,CL0373,11.21,0
2025-12-01,CL0373,8.71,0
2026-01-01,CL0373,11.48,1
2026-02-01,CL0373,12.5,1
2026-03-01,CL0373,8.34,0
2026-04-01,CL0373,6.94,0
2026-05-01,CL0373,14.91,1
2026-06-01,CL0373,17.09,1
2026-07-01,CL0373,20.94,1
2025-01-01,CL0374,10.06,0
2025-02-01,CL0374,7.66,0
2025-03-01,CL0374,9.98,0
2025-04-01,CL0374,11.84,1
2025-05-01,CL0374,8.89,0
2025-06-01,CL0374,17.83,1
2025-07-01,CL0374,21.92,1
2025-08-01,CL0374,9.94,0
2025-09-01,CL0374,9.26,0
2025-10-01,CL0374,11.31,0
2025-11-01,CL0374,13.03,1
2025-12-01,CL0374,8.46,0
2026-01-01,CL0374,9.13,0
2026-02-01,CL0374,8.25,0
2026-03-01,CL0374,8.34,0
2026-04-01,CL0374,10.04,0
2026-05-01,CL0374,12.99,1
2026-06-01,CL0374,16.92,1
2026-07-01,CL0374,17.89,1
2025-08-01,CL0375,36.26,2
2025-09-01,CL0375,19.62,1
2025-10-01,CL0375,25.85,1
2025-11-01,CL0375,26.02,1
2025-12-01,CL0375,30.98,1
2026-01-01,CL0375,19.03,1
2026-02-01,CL0375,14.02,1
2026-03-01,CL0375,20.94,1
2026-04-01,CL0375,34.45,2
2026-05-01,CL0375,20.42,1
2026-06-01,CL0375,36.24,2
2026-07-01,CL0375,49.95,2
2025-11-01,CL0377,12.64,1
2025-12-01,CL0377,29.85,1
2026-01-01,CL0377,19.22,1
2026-02-01,CL0377,13.24,1
2026-03-01,CL0377,23.69,1
2026-04-01,CL0377,25.66,1
2026-05-01,CL0377,13.32,1
2026-06-01,CL0377,13.59,1
2026-07-01,CL0377,22.47,1
2025-01-01,CL0378,57.86,2
2025-02-01,CL0378,63.02,3
2025-03-01,CL0378,88.65,4
2025-04-01,CL0378,62.55,3
2025-05-01,CL0378,103.05,4
2025-06-01,CL0378,88.94,4
2025-07-01,CL0378,79.83,4
2025-08-01,CL0378,119.02,5
2025-09-01,CL0378,67.75,3
2025-10-01,CL0378,44.72,2
2025-11-01,CL0378,64.75,3
2025-12-01,CL0378,60.03,3
2026-01-01,CL0378,36.97,2
2026-02-01,CL0378,40.94,2
2026-03-01,CL0378,43.51,2
2026-04-01,CL0378,72.62,3
2026-05-01,CL0378,59.15,3
2026-06-01,CL0378,115.83,5
2026-07-01,CL0378,135.59,6
2025-01-01,CL0379,11.94,1
2025-02-01,CL0379,13.1,1
2025-03-01,CL0379,14.16,1
2025-04-01,CL0379,15.66,1
2025-05-01,CL0379,15.16,1
2025-06-01,CL0379,19.47,1
2025-07-01,CL0379,18.03,1
2025-08-01,CL0379,17.9,1
2025-09-01,CL0379,6.91,0
2025-10-01,CL0379,6.84,0
2025-11-01,CL0379,12.36,1
2025-12-01,CL0379,11.7,0
2026-01-01,CL0379,17.75,1
2026-02-01,CL0379,14.39,1
2026-03-01,CL0379,19.92,1
2026-04-01,CL0379,12.34,1
2026-05-01,CL0379,11.42,0
2026-06-01,CL0379,14.69,1
2026-07-01,CL0379,13.62,1
2026-04-01,CL0380,12.85,1
2026-05-01,CL0380,10.19,0
2026-06-01,CL0380,15.83,1
2026-07-01,CL0380,17.19,1
