Date,Annee,Ville,Ordre,Indicateur,Cible,Unite,Sens,Agregation
2025-01-01,2025,Tunis,1,Chiffre d’affaires,1306.82,TND,Haut,Somme
2025-01-01,2025,Tunis,2,Volume de courses,65.026,Nombre,Haut,Somme
2025-01-01,2025,Tunis,3,Taux de complétion,0.9,Pourcentage,Haut,Niveau
2025-01-01,2025,Tunis,4,Note moyenne client,4.3,Note,Haut,Niveau
2025-01-01,2025,Tunis,5,Taux de marge,0.135,Pourcentage,Haut,Niveau
2025-01-01,2025,Tunis,6,Part payée par carte,0.45,Pourcentage,Haut,Niveau
2025-01-01,2025,Tunis,7,Coût flotte / CA,0.085,Pourcentage,Bas,Niveau
2025-01-01,2025,Tunis,8,Coût marketing / CA,0.035,Pourcentage,Bas,Niveau
2025-01-01,2025,Sfax,1,Chiffre d’affaires,692.98,TND,Haut,Somme
2025-01-01,2025,Sfax,2,Volume de courses,34.482,Nombre,Haut,Somme
2025-01-01,2025,Sfax,3,Taux de complétion,0.9,Pourcentage,Haut,Niveau
2025-01-01,2025,Sfax,4,Note moyenne client,4.3,Note,Haut,Niveau
2025-01-01,2025,Sfax,5,Taux de marge,0.135,Pourcentage,Haut,Niveau
2025-01-01,2025,Sfax,6,Part payée par carte,0.45,Pourcentage,Haut,Niveau
2025-01-01,2025,Sfax,7,Coût flotte / CA,0.085,Pourcentage,Bas,Niveau
2025-01-01,2025,Sfax,8,Coût marketing / CA,0.035,Pourcentage,Bas,Niveau
2025-01-01,2025,Sousse,1,Chiffre d’affaires,651.46,TND,Haut,Somme
2025-01-01,2025,Sousse,2,Volume de courses,32.416,Nombre,Haut,Somme
2025-01-01,2025,Sousse,3,Taux de complétion,0.9,Pourcentage,Haut,Niveau
2025-01-01,2025,Sousse,4,Note moyenne client,4.3,Note,Haut,Niveau
2025-01-01,2025,Sousse,5,Taux de marge,0.135,Pourcentage,Haut,Niveau
2025-01-01,2025,Sousse,6,Part payée par carte,0.45,Pourcentage,Haut,Niveau
2025-01-01,2025,Sousse,7,Coût flotte / CA,0.085,Pourcentage,Bas,Niveau
2025-01-01,2025,Sousse,8,Coût marketing / CA,0.035,Pourcentage,Bas,Niveau
2025-01-01,2025,Ariana,1,Chiffre d’affaires,514.48,TND,Haut,Somme
2025-01-01,2025,Ariana,2,Volume de courses,25.6,Nombre,Haut,Somme
2025-01-01,2025,Ariana,3,Taux de complétion,0.9,Pourcentage,Haut,Niveau
2025-01-01,2025,Ariana,4,Note moyenne client,4.3,Note,Haut,Niveau
2025-01-01,2025,Ariana,5,Taux de marge,0.135,Pourcentage,Haut,Niveau
2025-01-01,2025,Ariana,6,Part payée par carte,0.45,Pourcentage,Haut,Niveau
2025-01-01,2025,Ariana,7,Coût flotte / CA,0.085,Pourcentage,Bas,Niveau
2025-01-01,2025,Ariana,8,Coût marketing / CA,0.035,Pourcentage,Bas,Niveau
2025-01-01,2025,Ben Arous,1,Chiffre d’affaires,431.97,TND,Haut,Somme
2025-01-01,2025,Ben Arous,2,Volume de courses,21.494,Nombre,Haut,Somme
2025-01-01,2025,Ben Arous,3,Taux de complétion,0.9,Pourcentage,Haut,Niveau
2025-01-01,2025,Ben Arous,4,Note moyenne client,4.3,Note,Haut,Niveau
2025-01-01,2025,Ben Arous,5,Taux de marge,0.135,Pourcentage,Haut,Niveau
2025-01-01,2025,Ben Arous,6,Part payée par carte,0.45,Pourcentage,Haut,Niveau
2025-01-01,2025,Ben Arous,7,Coût flotte / CA,0.085,Pourcentage,Bas,Niveau
2025-01-01,2025,Ben Arous,8,Coût marketing / CA,0.035,Pourcentage,Bas,Niveau
2025-01-01,2025,Bizerte,1,Chiffre d’affaires,334.58,TND,Haut,Somme
2025-01-01,2025,Bizerte,2,Volume de courses,16.648,Nombre,Haut,Somme
2025-01-01,2025,Bizerte,3,Taux de complétion,0.9,Pourcentage,Haut,Niveau
2025-01-01,2025,Bizerte,4,Note moyenne client,4.3,Note,Haut,Niveau
2025-01-01,2025,Bizerte,5,Taux de marge,0.135,Pourcentage,Haut,Niveau
2025-01-01,2025,Bizerte,6,Part payée par carte,0.45,Pourcentage,Haut,Niveau
2025-01-01,2025,Bizerte,7,Coût flotte / CA,0.085,Pourcentage,Bas,Niveau
2025-01-01,2025,Bizerte,8,Coût marketing / CA,0.035,Pourcentage,Bas,Niveau
2025-01-01,2025,Nabeul,1,Chiffre d’affaires,317.23,TND,Haut,Somme
2025-01-01,2025,Nabeul,2,Volume de courses,15.785,Nombre,Haut,Somme
2025-01-01,2025,Nabeul,3,Taux de complétion,0.9,Pourcentage,Haut,Niveau
2025-01-01,2025,Nabeul,4,Note moyenne client,4.3,Note,Haut,Niveau
2025-01-01,2025,Nabeul,5,Taux de marge,0.135,Pourcentage,Haut,Niveau
2025-01-01,2025,Nabeul,6,Part payée par carte,0.45,Pourcentage,Haut,Niveau
2025-01-01,2025,Nabeul,7,Coût flotte / CA,0.085,Pourcentage,Bas,Niveau
2025-01-01,2025,Nabeul,8,Coût marketing / CA,0.035,Pourcentage,Bas,Niveau
2025-01-01,2025,Djerba,1,Chiffre d’affaires,298.11,TND,Haut,Somme
2025-01-01,2025,Djerba,2,Volume de courses,14.834,Nombre,Haut,Somme
2025-01-01,2025,Djerba,3,Taux de complétion,0.9,Pourcentage,Haut,Niveau
2025-01-01,2025,Djerba,4,Note moyenne client,4.3,Note,Haut,Niveau
2025-01-01,2025,Djerba,5,Taux de marge,0.135,Pourcentage,Haut,Niveau
2025-01-01,2025,Djerba,6,Part payée par carte,0.45,Pourcentage,Haut,Niveau
2025-01-01,2025,Djerba,7,Coût flotte / CA,0.085,Pourcentage,Bas,Niveau
2025-01-01,2025,Djerba,8,Coût marketing / CA,0.035,Pourcentage,Bas,Niveau
2025-01-01,2025,Monastir,1,Chiffre d’affaires,243.73,TND,Haut,Somme
2025-01-01,2025,Monastir,2,Volume de courses,12.128,Nombre,Haut,Somme
2025-01-01,2025,Monastir,3,Taux de complétion,0.9,Pourcentage,Haut,Niveau
2025-01-01,2025,Monastir,4,Note moyenne client,4.3,Note,Haut,Niveau
2025-01-01,2025,Monastir,5,Taux de marge,0.135,Pourcentage,Haut,Niveau
2025-01-01,2025,Monastir,6,Part payée par carte,0.45,Pourcentage,Haut,Niveau
2025-01-01,2025,Monastir,7,Coût flotte / CA,0.085,Pourcentage,Bas,Niveau
2025-01-01,2025,Monastir,8,Coût marketing / CA,0.035,Pourcentage,Bas,Niveau
2025-01-01,2025,Mahdia,1,Chiffre d’affaires,211.54,TND,Haut,Somme
2025-01-01,2025,Mahdia,2,Volume de courses,10.526,Nombre,Haut,Somme
2025-01-01,2025,Mahdia,3,Taux de complétion,0.9,Pourcentage,Haut,Niveau
2025-01-01,2025,Mahdia,4,Note moyenne client,4.3,Note,Haut,Niveau
2025-01-01,2025,Mahdia,5,Taux de marge,0.135,Pourcentage,Haut,Niveau
2025-01-01,2025,Mahdia,6,Part payée par carte,0.45,Pourcentage,Haut,Niveau
2025-01-01,2025,Mahdia,7,Coût flotte / CA,0.085,Pourcentage,Bas,Niveau
2025-01-01,2025,Mahdia,8,Coût marketing / CA,0.035,Pourcentage,Bas,Niveau
2025-01-01,2025,Kairouan,1,Chiffre d’affaires,209.64,TND,Haut,Somme
2025-01-01,2025,Kairouan,2,Volume de courses,10.432,Nombre,Haut,Somme
2025-01-01,2025,Kairouan,3,Taux de complétion,0.9,Pourcentage,Haut,Niveau
2025-01-01,2025,Kairouan,4,Note moyenne client,4.3,Note,Haut,Niveau
2025-01-01,2025,Kairouan,5,Taux de marge,0.135,Pourcentage,Haut,Niveau
2025-01-01,2025,Kairouan,6,Part payée par carte,0.45,Pourcentage,Haut,Niveau
2025-01-01,2025,Kairouan,7,Coût flotte / CA,0.085,Pourcentage,Bas,Niveau
2025-01-01,2025,Kairouan,8,Coût marketing / CA,0.035,Pourcentage,Bas,Niveau
2025-01-01,2025,Manouba,1,Chiffre d’affaires,186.99,TND,Haut,Somme
2025-01-01,2025,Manouba,2,Volume de courses,9.305,Nombre,Haut,Somme
2025-01-01,2025,Manouba,3,Taux de complétion,0.9,Pourcentage,Haut,Niveau
2025-01-01,2025,Manouba,4,Note moyenne client,4.3,Note,Haut,Niveau
2025-01-01,2025,Manouba,5,Taux de marge,0.135,Pourcentage,Haut,Niveau
2025-01-01,2025,Manouba,6,Part payée par carte,0.45,Pourcentage,Haut,Niveau
2025-01-01,2025,Manouba,7,Coût flotte / CA,0.085,Pourcentage,Bas,Niveau
2025-01-01,2025,Manouba,8,Coût marketing / CA,0.035,Pourcentage,Bas,Niveau
2025-01-01,2025,Gabès,1,Chiffre d’affaires,167.33,TND,Haut,Somme
2025-01-01,2025,Gabès,2,Volume de courses,8.326,Nombre,Haut,Somme
2025-01-01,2025,Gabès,3,Taux de complétion,0.9,Pourcentage,Haut,Niveau
2025-01-01,2025,Gabès,4,Note moyenne client,4.3,Note,Haut,Niveau
2025-01-01,2025,Gabès,5,Taux de marge,0.135,Pourcentage,Haut,Niveau
2025-01-01,2025,Gabès,6,Part payée par carte,0.45,Pourcentage,Haut,Niveau
2025-01-01,2025,Gabès,7,Coût flotte / CA,0.085,Pourcentage,Bas,Niveau
2025-01-01,2025,Gabès,8,Coût marketing / CA,0.035,Pourcentage,Bas,Niveau
2025-02-01,2025,Tunis,1,Chiffre d’affaires,1274.95,TND,Haut,Somme
2025-02-01,2025,Tunis,2,Volume de courses,63.383,Nombre,Haut,Somme
2025-02-01,2025,Tunis,3,Taux de complétion,0.9,Pourcentage,Haut,Niveau
2025-02-01,2025,Tunis,4,Note moyenne client,4.3,Note,Haut,Niveau
2025-02-01,2025,Tunis,5,Taux de marge,0.135,Pourcentage,Haut,Niveau
2025-02-01,2025,Tunis,6,Part payée par carte,0.45,Pourcentage,Haut,Niveau
2025-02-01,2025,Tunis,7,Coût flotte / CA,0.085,Pourcentage,Bas,Niveau
2025-02-01,2025,Tunis,8,Coût marketing / CA,0.035,Pourcentage,Bas,Niveau
2025-02-01,2025,Sfax,1,Chiffre d’affaires,676.07,TND,Haut,Somme
2025-02-01,2025,Sfax,2,Volume de courses,33.61,Nombre,Haut,Somme
2025-02-01,2025,Sfax,3,Taux de complétion,0.9,Pourcentage,Haut,Niveau
2025-02-01,2025,Sfax,4,Note moyenne client,4.3,Note,Haut,Niveau
2025-02-01,2025,Sfax,5,Taux de marge,0.135,Pourcentage,Haut,Niveau
2025-02-01,2025,Sfax,6,Part payée par carte,0.45,Pourcentage,Haut,Niveau
2025-02-01,2025,Sfax,7,Coût flotte / CA,0.085,Pourcentage,Bas,Niveau
2025-02-01,2025,Sfax,8,Coût marketing / CA,0.035,Pourcentage,Bas,Niveau
2025-02-01,2025,Sousse,1,Chiffre d’affaires,635.57,TND,Haut,Somme
2025-02-01,2025,Sousse,2,Volume de courses,31.597,Nombre,Haut,Somme
2025-02-01,2025,Sousse,3,Taux de complétion,0.9,Pourcentage,Haut,Niveau
2025-02-01,2025,Sousse,4,Note moyenne client,4.3,Note,Haut,Niveau
2025-02-01,2025,Sousse,5,Taux de marge,0.135,Pourcentage,Haut,Niveau
2025-02-01,2025,Sousse,6,Part payée par carte,0.45,Pourcentage,Haut,Niveau
2025-02-01,2025,Sousse,7,Coût flotte / CA,0.085,Pourcentage,Bas,Niveau
2025-02-01,2025,Sousse,8,Coût marketing / CA,0.035,Pourcentage,Bas,Niveau
2025-02-01,2025,Ariana,1,Chiffre d’affaires,501.93,TND,Haut,Somme
2025-02-01,2025,Ariana,2,Volume de courses,24.953,Nombre,Haut,Somme
2025-02-01,2025,Ariana,3,Taux de complétion,0.9,Pourcentage,Haut,Niveau
2025-02-01,2025,Ariana,4,Note moyenne client,4.3,Note,Haut,Niveau
2025-02-01,2025,Ariana,5,Taux de marge,0.135,Pourcentage,Haut,Niveau
2025-02-01,2025,Ariana,6,Part payée par carte,0.45,Pourcentage,Haut,Niveau
2025-02-01,2025,Ariana,7,Coût flotte / CA,0.085,Pourcentage,Bas,Niveau
2025-02-01,2025,Ariana,8,Coût marketing / CA,0.035,Pourcentage,Bas,Niveau
2025-02-01,2025,Ben Arous,1,Chiffre d’affaires,421.43,TND,Haut,Somme
2025-02-01,2025,Ben Arous,2,Volume de courses,20.951,Nombre,Haut,Somme
2025-02-01,2025,Ben Arous,3,Taux de complétion,0.9,Pourcentage,Haut,Niveau
2025-02-01,2025,Ben Arous,4,Note moyenne client,4.3,Note,Haut,Niveau
2025-02-01,2025,Ben Arous,5,Taux de marge,0.135,Pourcentage,Haut,Niveau
2025-02-01,2025,Ben Arous,6,Part payée par carte,0.45,Pourcentage,Haut,Niveau
2025-02-01,2025,Ben Arous,7,Coût flotte / CA,0.085,Pourcentage,Bas,Niveau
2025-02-01,2025,Ben Arous,8,Coût marketing / CA,0.035,Pourcentage,Bas,Niveau
2025-02-01,2025,Bizerte,1,Chiffre d’affaires,326.41,TND,Haut,Somme
2025-02-01,2025,Bizerte,2,Volume de courses,16.227,Nombre,Haut,Somme
2025-02-01,2025,Bizerte,3,Taux de complétion,0.9,Pourcentage,Haut,Niveau
2025-02-01,2025,Bizerte,4,Note moyenne client,4.3,Note,Haut,Niveau
2025-02-01,2025,Bizerte,5,Taux de marge,0.135,Pourcentage,Haut,Niveau
2025-02-01,2025,Bizerte,6,Part payée par carte,0.45,Pourcentage,Haut,Niveau
2025-02-01,2025,Bizerte,7,Coût flotte / CA,0.085,Pourcentage,Bas,Niveau
2025-02-01,2025,Bizerte,8,Coût marketing / CA,0.035,Pourcentage,Bas,Niveau
2025-02-01,2025,Nabeul,1,Chiffre d’affaires,309.49,TND,Haut,Somme
2025-02-01,2025,Nabeul,2,Volume de courses,15.386,Nombre,Haut,Somme
2025-02-01,2025,Nabeul,3,Taux de complétion,0.9,Pourcentage,Haut,Niveau
2025-02-01,2025,Nabeul,4,Note moyenne client,4.3,Note,Haut,Niveau
2025-02-01,2025,Nabeul,5,Taux de marge,0.135,Pourcentage,Haut,Niveau
2025-02-01,2025,Nabeul,6,Part payée par carte,0.45,Pourcentage,Haut,Niveau
2025-02-01,2025,Nabeul,7,Coût flotte / CA,0.085,Pourcentage,Bas,Niveau
2025-02-01,2025,Nabeul,8,Coût marketing / CA,0.035,Pourcentage,Bas,Niveau
2025-02-01,2025,Djerba,1,Chiffre d’affaires,290.84,TND,Haut,Somme
2025-02-01,2025,Djerba,2,Volume de courses,14.459,Nombre,Haut,Somme
2025-02-01,2025,Djerba,3,Taux de complétion,0.9,Pourcentage,Haut,Niveau
2025-02-01,2025,Djerba,4,Note moyenne client,4.3,Note,Haut,Niveau
2025-02-01,2025,Djerba,5,Taux de marge,0.135,Pourcentage,Haut,Niveau
2025-02-01,2025,Djerba,6,Part payée par carte,0.45,Pourcentage,Haut,Niveau
2025-02-01,2025,Djerba,7,Coût flotte / CA,0.085,Pourcentage,Bas,Niveau
2025-02-01,2025,Djerba,8,Coût marketing / CA,0.035,Pourcentage,Bas,Niveau
2025-02-01,2025,Monastir,1,Chiffre d’affaires,237.79,TND,Haut,Somme
2025-02-01,2025,Monastir,2,Volume de courses,11.821,Nombre,Haut,Somme
2025-02-01,2025,Monastir,3,Taux de complétion,0.9,Pourcentage,Haut,Niveau
2025-02-01,2025,Monastir,4,Note moyenne client,4.3,Note,Haut,Niveau
2025-02-01,2025,Monastir,5,Taux de marge,0.135,Pourcentage,Haut,Niveau
2025-02-01,2025,Monastir,6,Part payée par carte,0.45,Pourcentage,Haut,Niveau
2025-02-01,2025,Monastir,7,Coût flotte / CA,0.085,Pourcentage,Bas,Niveau
2025-02-01,2025,Monastir,8,Coût marketing / CA,0.035,Pourcentage,Bas,Niveau
2025-02-01,2025,Mahdia,1,Chiffre d’affaires,206.38,TND,Haut,Somme
2025-02-01,2025,Mahdia,2,Volume de courses,10.26,Nombre,Haut,Somme
2025-02-01,2025,Mahdia,3,Taux de complétion,0.9,Pourcentage,Haut,Niveau
2025-02-01,2025,Mahdia,4,Note moyenne client,4.3,Note,Haut,Niveau
2025-02-01,2025,Mahdia,5,Taux de marge,0.135,Pourcentage,Haut,Niveau
2025-02-01,2025,Mahdia,6,Part payée par carte,0.45,Pourcentage,Haut,Niveau
2025-02-01,2025,Mahdia,7,Coût flotte / CA,0.085,Pourcentage,Bas,Niveau
2025-02-01,2025,Mahdia,8,Coût marketing / CA,0.035,Pourcentage,Bas,Niveau
2025-02-01,2025,Kairouan,1,Chiffre d’affaires,204.53,TND,Haut,Somme
2025-02-01,2025,Kairouan,2,Volume de courses,10.168,Nombre,Haut,Somme
2025-02-01,2025,Kairouan,3,Taux de complétion,0.9,Pourcentage,Haut,Niveau
2025-02-01,2025,Kairouan,4,Note moyenne client,4.3,Note,Haut,Niveau
2025-02-01,2025,Kairouan,5,Taux de marge,0.135,Pourcentage,Haut,Niveau
2025-02-01,2025,Kairouan,6,Part payée par carte,0.45,Pourcentage,Haut,Niveau
2025-02-01,2025,Kairouan,7,Coût flotte / CA,0.085,Pourcentage,Bas,Niveau
2025-02-01,2025,Kairouan,8,Coût marketing / CA,0.035,Pourcentage,Bas,Niveau
2025-02-01,2025,Manouba,1,Chiffre d’affaires,182.43,TND,Haut,Somme
2025-02-01,2025,Manouba,2,Volume de courses,9.069,Nombre,Haut,Somme
2025-02-01,2025,Manouba,3,Taux de complétion,0.9,Pourcentage,Haut,Niveau
2025-02-01,2025,Manouba,4,Note moyenne client,4.3,Note,Haut,Niveau
2025-02-01,2025,Manouba,5,Taux de marge,0.135,Pourcentage,Haut,Niveau
2025-02-01,2025,Manouba,6,Part payée par carte,0.45,Pourcentage,Haut,Niveau
2025-02-01,2025,Manouba,7,Coût flotte / CA,0.085,Pourcentage,Bas,Niveau
2025-02-01,2025,Manouba,8,Coût marketing / CA,0.035,Pourcentage,Bas,Niveau
2025-02-01,2025,Gabès,1,Chiffre d’affaires,163.25,TND,Haut,Somme
2025-02-01,2025,Gabès,2,Volume de courses,8.116,Nombre,Haut,Somme
2025-02-01,2025,Gabès,3,Taux de complétion,0.9,Pourcentage,Haut,Niveau
2025-02-01,2025,Gabès,4,Note moyenne client,4.3,Note,Haut,Niveau
2025-02-01,2025,Gabès,5,Taux de marge,0.135,Pourcentage,Haut,Niveau
2025-02-01,2025,Gabès,6,Part payée par carte,0.45,Pourcentage,Haut,Niveau
2025-02-01,2025,Gabès,7,Coût flotte / CA,0.085,Pourcentage,Bas,Niveau
2025-02-01,2025,Gabès,8,Coût marketing / CA,0.035,Pourcentage,Bas,Niveau
2025-03-01,2025,Tunis,1,Chiffre d’affaires,1402.44,TND,Haut,Somme
2025-03-01,2025,Tunis,2,Volume de courses,69.721,Nombre,Haut,Somme
2025-03-01,2025,Tunis,3,Taux de complétion,0.9,Pourcentage,Haut,Niveau
2025-03-01,2025,Tunis,4,Note moyenne client,4.3,Note,Haut,Niveau
2025-03-01,2025,Tunis,5,Taux de marge,0.135,Pourcentage,Haut,Niveau
2025-03-01,2025,Tunis,6,Part payée par carte,0.45,Pourcentage,Haut,Niveau
2025-03-01,2025,Tunis,7,Coût flotte / CA,0.085,Pourcentage,Bas,Niveau
2025-03-01,2025,Tunis,8,Coût marketing / CA,0.035,Pourcentage,Bas,Niveau
2025-03-01,2025,Sfax,1,Chiffre d’affaires,743.68,TND,Haut,Somme
2025-03-01,2025,Sfax,2,Volume de courses,36.971,Nombre,Haut,Somme
2025-03-01,2025,Sfax,3,Taux de complétion,0.9,Pourcentage,Haut,Niveau
2025-03-01,2025,Sfax,4,Note moyenne client,4.3,Note,Haut,Niveau
2025-03-01,2025,Sfax,5,Taux de marge,0.135,Pourcentage,Haut,Niveau
2025-03-01,2025,Sfax,6,Part payée par carte,0.45,Pourcentage,Haut,Niveau
2025-03-01,2025,Sfax,7,Coût flotte / CA,0.085,Pourcentage,Bas,Niveau
2025-03-01,2025,Sfax,8,Coût marketing / CA,0.035,Pourcentage,Bas,Niveau
2025-03-01,2025,Sousse,1,Chiffre d’affaires,699.12,TND,Haut,Somme
2025-03-01,2025,Sousse,2,Volume de courses,34.756,Nombre,Haut,Somme
2025-03-01,2025,Sousse,3,Taux de complétion,0.9,Pourcentage,Haut,Niveau
2025-03-01,2025,Sousse,4,Note moyenne client,4.3,Note,Haut,Niveau
2025-03-01,2025,Sousse,5,Taux de marge,0.135,Pourcentage,Haut,Niveau
2025-03-01,2025,Sousse,6,Part payée par carte,0.45,Pourcentage,Haut,Niveau
2025-03-01,2025,Sousse,7,Coût flotte / CA,0.085,Pourcentage,Bas,Niveau
2025-03-01,2025,Sousse,8,Coût marketing / CA,0.035,Pourcentage,Bas,Niveau
2025-03-01,2025,Ariana,1,Chiffre d’affaires,552.13,TND,Haut,Somme
2025-03-01,2025,Ariana,2,Volume de courses,27.448,Nombre,Haut,Somme
2025-03-01,2025,Ariana,3,Taux de complétion,0.9,Pourcentage,Haut,Niveau
2025-03-01,2025,Ariana,4,Note moyenne client,4.3,Note,Haut,Niveau
2025-03-01,2025,Ariana,5,Taux de marge,0.135,Pourcentage,Haut,Niveau
2025-03-01,2025,Ariana,6,Part payée par carte,0.45,Pourcentage,Haut,Niveau
2025-03-01,2025,Ariana,7,Coût flotte / CA,0.085,Pourcentage,Bas,Niveau
2025-03-01,2025,Ariana,8,Coût marketing / CA,0.035,Pourcentage,Bas,Niveau
2025-03-01,2025,Ben Arous,1,Chiffre d’affaires,463.57,TND,Haut,Somme
2025-03-01,2025,Ben Arous,2,Volume de courses,23.046,Nombre,Haut,Somme
2025-03-01,2025,Ben Arous,3,Taux de complétion,0.9,Pourcentage,Haut,Niveau
2025-03-01,2025,Ben Arous,4,Note moyenne client,4.3,Note,Haut,Niveau
2025-03-01,2025,Ben Arous,5,Taux de marge,0.135,Pourcentage,Haut,Niveau
2025-03-01,2025,Ben Arous,6,Part payée par carte,0.45,Pourcentage,Haut,Niveau
2025-03-01,2025,Ben Arous,7,Coût flotte / CA,0.085,Pourcentage,Bas,Niveau
2025-03-01,2025,Ben Arous,8,Coût marketing / CA,0.035,Pourcentage,Bas,Niveau
2025-03-01,2025,Bizerte,1,Chiffre d’affaires,359.06,TND,Haut,Somme
2025-03-01,2025,Bizerte,2,Volume de courses,17.85,Nombre,Haut,Somme
2025-03-01,2025,Bizerte,3,Taux de complétion,0.9,Pourcentage,Haut,Niveau
2025-03-01,2025,Bizerte,4,Note moyenne client,4.3,Note,Haut,Niveau
2025-03-01,2025,Bizerte,5,Taux de marge,0.135,Pourcentage,Haut,Niveau
2025-03-01,2025,Bizerte,6,Part payée par carte,0.45,Pourcentage,Haut,Niveau
2025-03-01,2025,Bizerte,7,Coût flotte / CA,0.085,Pourcentage,Bas,Niveau
2025-03-01,2025,Bizerte,8,Coût marketing / CA,0.035,Pourcentage,Bas,Niveau
2025-03-01,2025,Nabeul,1,Chiffre d’affaires,340.44,TND,Haut,Somme
2025-03-01,2025,Nabeul,2,Volume de courses,16.925,Nombre,Haut,Somme
2025-03-01,2025,Nabeul,3,Taux de complétion,0.9,Pourcentage,Haut,Niveau
2025-03-01,2025,Nabeul,4,Note moyenne client,4.3,Note,Haut,Niveau
2025-03-01,2025,Nabeul,5,Taux de marge,0.135,Pourcentage,Haut,Niveau
2025-03-01,2025,Nabeul,6,Part payée par carte,0.45,Pourcentage,Haut,Niveau
2025-03-01,2025,Nabeul,7,Coût flotte / CA,0.085,Pourcentage,Bas,Niveau
2025-03-01,2025,Nabeul,8,Coût marketing / CA,0.035,Pourcentage,Bas,Niveau
2025-03-01,2025,Djerba,1,Chiffre d’affaires,319.93,TND,Haut,Somme
2025-03-01,2025,Djerba,2,Volume de courses,15.905,Nombre,Haut,Somme
2025-03-01,2025,Djerba,3,Taux de complétion,0.9,Pourcentage,Haut,Niveau
2025-03-01,2025,Djerba,4,Note moyenne client,4.3,Note,Haut,Niveau
2025-03-01,2025,Djerba,5,Taux de marge,0.135,Pourcentage,Haut,Niveau
2025-03-01,2025,Djerba,6,Part payée par carte,0.45,Pourcentage,Haut,Niveau
2025-03-01,2025,Djerba,7,Coût flotte / CA,0.085,Pourcentage,Bas,Niveau
2025-03-01,2025,Djerba,8,Coût marketing / CA,0.035,Pourcentage,Bas,Niveau
2025-03-01,2025,Monastir,1,Chiffre d’affaires,261.57,TND,Haut,Somme
2025-03-01,2025,Monastir,2,Volume de courses,13.003,Nombre,Haut,Somme
2025-03-01,2025,Monastir,3,Taux de complétion,0.9,Pourcentage,Haut,Niveau
2025-03-01,2025,Monastir,4,Note moyenne client,4.3,Note,Haut,Niveau
2025-03-01,2025,Monastir,5,Taux de marge,0.135,Pourcentage,Haut,Niveau
2025-03-01,2025,Monastir,6,Part payée par carte,0.45,Pourcentage,Haut,Niveau
2025-03-01,2025,Monastir,7,Coût flotte / CA,0.085,Pourcentage,Bas,Niveau
2025-03-01,2025,Monastir,8,Coût marketing / CA,0.035,Pourcentage,Bas,Niveau
2025-03-01,2025,Mahdia,1,Chiffre d’affaires,227.02,TND,Haut,Somme
2025-03-01,2025,Mahdia,2,Volume de courses,11.286,Nombre,Haut,Somme
2025-03-01,2025,Mahdia,3,Taux de complétion,0.9,Pourcentage,Haut,Niveau
2025-03-01,2025,Mahdia,4,Note moyenne client,4.3,Note,Haut,Niveau
2025-03-01,2025,Mahdia,5,Taux de marge,0.135,Pourcentage,Haut,Niveau
2025-03-01,2025,Mahdia,6,Part payée par carte,0.45,Pourcentage,Haut,Niveau
2025-03-01,2025,Mahdia,7,Coût flotte / CA,0.085,Pourcentage,Bas,Niveau
2025-03-01,2025,Mahdia,8,Coût marketing / CA,0.035,Pourcentage,Bas,Niveau
2025-03-01,2025,Kairouan,1,Chiffre d’affaires,224.98,TND,Haut,Somme
2025-03-01,2025,Kairouan,2,Volume de courses,11.185,Nombre,Haut,Somme
2025-03-01,2025,Kairouan,3,Taux de complétion,0.9,Pourcentage,Haut,Niveau
2025-03-01,2025,Kairouan,4,Note moyenne client,4.3,Note,Haut,Niveau
2025-03-01,2025,Kairouan,5,Taux de marge,0.135,Pourcentage,Haut,Niveau
2025-03-01,2025,Kairouan,6,Part payée par carte,0.45,Pourcentage,Haut,Niveau
2025-03-01,2025,Kairouan,7,Coût flotte / CA,0.085,Pourcentage,Bas,Niveau
2025-03-01,2025,Kairouan,8,Coût marketing / CA,0.035,Pourcentage,Bas,Niveau
2025-03-01,2025,Manouba,1,Chiffre d’affaires,200.68,TND,Haut,Somme
2025-03-01,2025,Manouba,2,Volume de courses,9.976,Nombre,Haut,Somme
2025-03-01,2025,Manouba,3,Taux de complétion,0.9,Pourcentage,Haut,Niveau
2025-03-01,2025,Manouba,4,Note moyenne client,4.3,Note,Haut,Niveau
2025-03-01,2025,Manouba,5,Taux de marge,0.135,Pourcentage,Haut,Niveau
2025-03-01,2025,Manouba,6,Part payée par carte,0.45,Pourcentage,Haut,Niveau
2025-03-01,2025,Manouba,7,Coût flotte / CA,0.085,Pourcentage,Bas,Niveau
2025-03-01,2025,Manouba,8,Coût marketing / CA,0.035,Pourcentage,Bas,Niveau
2025-03-01,2025,Gabès,1,Chiffre d’affaires,179.58,TND,Haut,Somme
2025-03-01,2025,Gabès,2,Volume de courses,8.927,Nombre,Haut,Somme
2025-03-01,2025,Gabès,3,Taux de complétion,0.9,Pourcentage,Haut,Niveau
2025-03-01,2025,Gabès,4,Note moyenne client,4.3,Note,Haut,Niveau
2025-03-01,2025,Gabès,5,Taux de marge,0.135,Pourcentage,Haut,Niveau
2025-03-01,2025,Gabès,6,Part payée par carte,0.45,Pourcentage,Haut,Niveau
2025-03-01,2025,Gabès,7,Coût flotte / CA,0.085,Pourcentage,Bas,Niveau
2025-03-01,2025,Gabès,8,Coût marketing / CA,0.035,Pourcentage,Bas,Niveau
2025-04-01,2025,Tunis,1,Chiffre d’affaires,1514.0,TND,Haut,Somme
2025-04-01,2025,Tunis,2,Volume de courses,75.355,Nombre,Haut,Somme
2025-04-01,2025,Tunis,3,Taux de complétion,0.9,Pourcentage,Haut,Niveau
2025-04-01,2025,Tunis,4,Note moyenne client,4.3,Note,Haut,Niveau
2025-04-01,2025,Tunis,5,Taux de marge,0.135,Pourcentage,Haut,Niveau
2025-04-01,2025,Tunis,6,Part payée par carte,0.45,Pourcentage,Haut,Niveau
2025-04-01,2025,Tunis,7,Coût flotte / CA,0.085,Pourcentage,Bas,Niveau
2025-04-01,2025,Tunis,8,Coût marketing / CA,0.035,Pourcentage,Bas,Niveau
2025-04-01,2025,Sfax,1,Chiffre d’affaires,802.84,TND,Haut,Somme
2025-04-01,2025,Sfax,2,Volume de courses,39.959,Nombre,Haut,Somme
2025-04-01,2025,Sfax,3,Taux de complétion,0.9,Pourcentage,Haut,Niveau
2025-04-01,2025,Sfax,4,Note moyenne client,4.3,Note,Haut,Niveau
2025-04-01,2025,Sfax,5,Taux de marge,0.135,Pourcentage,Haut,Niveau
2025-04-01,2025,Sfax,6,Part payée par carte,0.45,Pourcentage,Haut,Niveau
2025-04-01,2025,Sfax,7,Coût flotte / CA,0.085,Pourcentage,Bas,Niveau
2025-04-01,2025,Sfax,8,Coût marketing / CA,0.035,Pourcentage,Bas,Niveau
2025-04-01,2025,Sousse,1,Chiffre d’affaires,754.74,TND,Haut,Somme
2025-04-01,2025,Sousse,2,Volume de courses,37.565,Nombre,Haut,Somme
2025-04-01,2025,Sousse,3,Taux de complétion,0.9,Pourcentage,Haut,Niveau
2025-04-01,2025,Sousse,4,Note moyenne client,4.3,Note,Haut,Niveau
2025-04-01,2025,Sousse,5,Taux de marge,0.135,Pourcentage,Haut,Niveau
2025-04-01,2025,Sousse,6,Part payée par carte,0.45,Pourcentage,Haut,Niveau
2025-04-01,2025,Sousse,7,Coût flotte / CA,0.085,Pourcentage,Bas,Niveau
2025-04-01,2025,Sousse,8,Coût marketing / CA,0.035,Pourcentage,Bas,Niveau
2025-04-01,2025,Ariana,1,Chiffre d’affaires,596.04,TND,Haut,Somme
2025-04-01,2025,Ariana,2,Volume de courses,29.666,Nombre,Haut,Somme
2025-04-01,2025,Ariana,3,Taux de complétion,0.9,Pourcentage,Haut,Niveau
2025-04-01,2025,Ariana,4,Note moyenne client,4.3,Note,Haut,Niveau
2025-04-01,2025,Ariana,5,Taux de marge,0.135,Pourcentage,Haut,Niveau
2025-04-01,2025,Ariana,6,Part payée par carte,0.45,Pourcentage,Haut,Niveau
2025-04-01,2025,Ariana,7,Coût flotte / CA,0.085,Pourcentage,Bas,Niveau
2025-04-01,2025,Ariana,8,Coût marketing / CA,0.035,Pourcentage,Bas,Niveau
2025-04-01,2025,Ben Arous,1,Chiffre d’affaires,500.45,TND,Haut,Somme
2025-04-01,2025,Ben Arous,2,Volume de courses,24.908,Nombre,Haut,Somme
2025-04-01,2025,Ben Arous,3,Taux de complétion,0.9,Pourcentage,Haut,Niveau
2025-04-01,2025,Ben Arous,4,Note moyenne client,4.3,Note,Haut,Niveau
2025-04-01,2025,Ben Arous,5,Taux de marge,0.135,Pourcentage,Haut,Niveau
2025-04-01,2025,Ben Arous,6,Part payée par carte,0.45,Pourcentage,Haut,Niveau
2025-04-01,2025,Ben Arous,7,Coût flotte / CA,0.085,Pourcentage,Bas,Niveau
2025-04-01,2025,Ben Arous,8,Coût marketing / CA,0.035,Pourcentage,Bas,Niveau
2025-04-01,2025,Bizerte,1,Chiffre d’affaires,387.62,TND,Haut,Somme
2025-04-01,2025,Bizerte,2,Volume de courses,19.293,Nombre,Haut,Somme
2025-04-01,2025,Bizerte,3,Taux de complétion,0.9,Pourcentage,Haut,Niveau
2025-04-01,2025,Bizerte,4,Note moyenne client,4.3,Note,Haut,Niveau
2025-04-01,2025,Bizerte,5,Taux de marge,0.135,Pourcentage,Haut,Niveau
2025-04-01,2025,Bizerte,6,Part payée par carte,0.45,Pourcentage,Haut,Niveau
2025-04-01,2025,Bizerte,7,Coût flotte / CA,0.085,Pourcentage,Bas,Niveau
2025-04-01,2025,Bizerte,8,Coût marketing / CA,0.035,Pourcentage,Bas,Niveau
2025-04-01,2025,Nabeul,1,Chiffre d’affaires,367.52,TND,Haut,Somme
2025-04-01,2025,Nabeul,2,Volume de courses,18.292,Nombre,Haut,Somme
2025-04-01,2025,Nabeul,3,Taux de complétion,0.9,Pourcentage,Haut,Niveau
2025-04-01,2025,Nabeul,4,Note moyenne client,4.3,Note,Haut,Niveau
2025-04-01,2025,Nabeul,5,Taux de marge,0.135,Pourcentage,Haut,Niveau
2025-04-01,2025,Nabeul,6,Part payée par carte,0.45,Pourcentage,Haut,Niveau
2025-04-01,2025,Nabeul,7,Coût flotte / CA,0.085,Pourcentage,Bas,Niveau
2025-04-01,2025,Nabeul,8,Coût marketing / CA,0.035,Pourcentage,Bas,Niveau
2025-04-01,2025,Djerba,1,Chiffre d’affaires,345.37,TND,Haut,Somme
2025-04-01,2025,Djerba,2,Volume de courses,17.19,Nombre,Haut,Somme
2025-04-01,2025,Djerba,3,Taux de complétion,0.9,Pourcentage,Haut,Niveau
2025-04-01,2025,Djerba,4,Note moyenne client,4.3,Note,Haut,Niveau
2025-04-01,2025,Djerba,5,Taux de marge,0.135,Pourcentage,Haut,Niveau
2025-04-01,2025,Djerba,6,Part payée par carte,0.45,Pourcentage,Haut,Niveau
2025-04-01,2025,Djerba,7,Coût flotte / CA,0.085,Pourcentage,Bas,Niveau
2025-04-01,2025,Djerba,8,Coût marketing / CA,0.035,Pourcentage,Bas,Niveau
2025-04-01,2025,Monastir,1,Chiffre d’affaires,282.37,TND,Haut,Somme
2025-04-01,2025,Monastir,2,Volume de courses,14.054,Nombre,Haut,Somme
2025-04-01,2025,Monastir,3,Taux de complétion,0.9,Pourcentage,Haut,Niveau
2025-04-01,2025,Monastir,4,Note moyenne client,4.3,Note,Haut,Niveau
2025-04-01,2025,Monastir,5,Taux de marge,0.135,Pourcentage,Haut,Niveau
2025-04-01,2025,Monastir,6,Part payée par carte,0.45,Pourcentage,Haut,Niveau
2025-04-01,2025,Monastir,7,Coût flotte / CA,0.085,Pourcentage,Bas,Niveau
2025-04-01,2025,Monastir,8,Coût marketing / CA,0.035,Pourcentage,Bas,Niveau
2025-04-01,2025,Mahdia,1,Chiffre d’affaires,245.07,TND,Haut,Somme
2025-04-01,2025,Mahdia,2,Volume de courses,12.198,Nombre,Haut,Somme
2025-04-01,2025,Mahdia,3,Taux de complétion,0.9,Pourcentage,Haut,Niveau
2025-04-01,2025,Mahdia,4,Note moyenne client,4.3,Note,Haut,Niveau
2025-04-01,2025,Mahdia,5,Taux de marge,0.135,Pourcentage,Haut,Niveau
2025-04-01,2025,Mahdia,6,Part payée par carte,0.45,Pourcentage,Haut,Niveau
2025-04-01,2025,Mahdia,7,Coût flotte / CA,0.085,Pourcentage,Bas,Niveau
2025-04-01,2025,Mahdia,8,Coût marketing / CA,0.035,Pourcentage,Bas,Niveau
2025-04-01,2025,Kairouan,1,Chiffre d’affaires,242.88,TND,Haut,Somme
2025-04-01,2025,Kairouan,2,Volume de courses,12.089,Nombre,Haut,Somme
2025-04-01,2025,Kairouan,3,Taux de complétion,0.9,Pourcentage,Haut,Niveau
2025-04-01,2025,Kairouan,4,Note moyenne client,4.3,Note,Haut,Niveau
2025-04-01,2025,Kairouan,5,Taux de marge,0.135,Pourcentage,Haut,Niveau
2025-04-01,2025,Kairouan,6,Part payée par carte,0.45,Pourcentage,Haut,Niveau
2025-04-01,2025,Kairouan,7,Coût flotte / CA,0.085,Pourcentage,Bas,Niveau
2025-04-01,2025,Kairouan,8,Coût marketing / CA,0.035,Pourcentage,Bas,Niveau
2025-04-01,2025,Manouba,1,Chiffre d’affaires,216.64,TND,Haut,Somme
2025-04-01,2025,Manouba,2,Volume de courses,10.783,Nombre,Haut,Somme
2025-04-01,2025,Manouba,3,Taux de complétion,0.9,Pourcentage,Haut,Niveau
2025-04-01,2025,Manouba,4,Note moyenne client,4.3,Note,Haut,Niveau
2025-04-01,2025,Manouba,5,Taux de marge,0.135,Pourcentage,Haut,Niveau
2025-04-01,2025,Manouba,6,Part payée par carte,0.45,Pourcentage,Haut,Niveau
2025-04-01,2025,Manouba,7,Coût flotte / CA,0.085,Pourcentage,Bas,Niveau
2025-04-01,2025,Manouba,8,Coût marketing / CA,0.035,Pourcentage,Bas,Niveau
2025-04-01,2025,Gabès,1,Chiffre d’affaires,193.86,TND,Haut,Somme
2025-04-01,2025,Gabès,2,Volume de courses,9.649,Nombre,Haut,Somme
2025-04-01,2025,Gabès,3,Taux de complétion,0.9,Pourcentage,Haut,Niveau
2025-04-01,2025,Gabès,4,Note moyenne client,4.3,Note,Haut,Niveau
2025-04-01,2025,Gabès,5,Taux de marge,0.135,Pourcentage,Haut,Niveau
2025-04-01,2025,Gabès,6,Part payée par carte,0.45,Pourcentage,Haut,Niveau
2025-04-01,2025,Gabès,7,Coût flotte / CA,0.085,Pourcentage,Bas,Niveau
2025-04-01,2025,Gabès,8,Coût marketing / CA,0.035,Pourcentage,Bas,Niveau
2025-05-01,2025,Tunis,1,Chiffre d’affaires,1625.56,TND,Haut,Somme
2025-05-01,2025,Tunis,2,Volume de courses,80.754,Nombre,Haut,Somme
2025-05-01,2025,Tunis,3,Taux de complétion,0.9,Pourcentage,Haut,Niveau
2025-05-01,2025,Tunis,4,Note moyenne client,4.3,Note,Haut,Niveau
2025-05-01,2025,Tunis,5,Taux de marge,0.135,Pourcentage,Haut,Niveau
2025-05-01,2025,Tunis,6,Part payée par carte,0.45,Pourcentage,Haut,Niveau
2025-05-01,2025,Tunis,7,Coût flotte / CA,0.085,Pourcentage,Bas,Niveau
2025-05-01,2025,Tunis,8,Coût marketing / CA,0.035,Pourcentage,Bas,Niveau
2025-05-01,2025,Sfax,1,Chiffre d’affaires,861.99,TND,Haut,Somme
2025-05-01,2025,Sfax,2,Volume de courses,42.822,Nombre,Haut,Somme
2025-05-01,2025,Sfax,3,Taux de complétion,0.9,Pourcentage,Haut,Niveau
2025-05-01,2025,Sfax,4,Note moyenne client,4.3,Note,Haut,Niveau
2025-05-01,2025,Sfax,5,Taux de marge,0.135,Pourcentage,Haut,Niveau
2025-05-01,2025,Sfax,6,Part payée par carte,0.45,Pourcentage,Haut,Niveau
2025-05-01,2025,Sfax,7,Coût flotte / CA,0.085,Pourcentage,Bas,Niveau
2025-05-01,2025,Sfax,8,Coût marketing / CA,0.035,Pourcentage,Bas,Niveau
2025-05-01,2025,Sousse,1,Chiffre d’affaires,810.35,TND,Haut,Somme
2025-05-01,2025,Sousse,2,Volume de courses,40.256,Nombre,Haut,Somme
2025-05-01,2025,Sousse,3,Taux de complétion,0.9,Pourcentage,Haut,Niveau
2025-05-01,2025,Sousse,4,Note moyenne client,4.3,Note,Haut,Niveau
2025-05-01,2025,Sousse,5,Taux de marge,0.135,Pourcentage,Haut,Niveau
2025-05-01,2025,Sousse,6,Part payée par carte,0.45,Pourcentage,Haut,Niveau
2025-05-01,2025,Sousse,7,Coût flotte / CA,0.085,Pourcentage,Bas,Niveau
2025-05-01,2025,Sousse,8,Coût marketing / CA,0.035,Pourcentage,Bas,Niveau
2025-05-01,2025,Ariana,1,Chiffre d’affaires,639.96,TND,Haut,Somme
2025-05-01,2025,Ariana,2,Volume de courses,31.792,Nombre,Haut,Somme
2025-05-01,2025,Ariana,3,Taux de complétion,0.9,Pourcentage,Haut,Niveau
2025-05-01,2025,Ariana,4,Note moyenne client,4.3,Note,Haut,Niveau
2025-05-01,2025,Ariana,5,Taux de marge,0.135,Pourcentage,Haut,Niveau
2025-05-01,2025,Ariana,6,Part payée par carte,0.45,Pourcentage,Haut,Niveau
2025-05-01,2025,Ariana,7,Coût flotte / CA,0.085,Pourcentage,Bas,Niveau
2025-05-01,2025,Ariana,8,Coût marketing / CA,0.035,Pourcentage,Bas,Niveau
2025-05-01,2025,Ben Arous,1,Chiffre d’affaires,537.32,TND,Haut,Somme
2025-05-01,2025,Ben Arous,2,Volume de courses,26.693,Nombre,Haut,Somme
2025-05-01,2025,Ben Arous,3,Taux de complétion,0.9,Pourcentage,Haut,Niveau
2025-05-01,2025,Ben Arous,4,Note moyenne client,4.3,Note,Haut,Niveau
2025-05-01,2025,Ben Arous,5,Taux de marge,0.135,Pourcentage,Haut,Niveau
2025-05-01,2025,Ben Arous,6,Part payée par carte,0.45,Pourcentage,Haut,Niveau
2025-05-01,2025,Ben Arous,7,Coût flotte / CA,0.085,Pourcentage,Bas,Niveau
2025-05-01,2025,Ben Arous,8,Coût marketing / CA,0.035,Pourcentage,Bas,Niveau
2025-05-01,2025,Bizerte,1,Chiffre d’affaires,416.18,TND,Haut,Somme
2025-05-01,2025,Bizerte,2,Volume de courses,20.675,Nombre,Haut,Somme
2025-05-01,2025,Bizerte,3,Taux de complétion,0.9,Pourcentage,Haut,Niveau
2025-05-01,2025,Bizerte,4,Note moyenne client,4.3,Note,Haut,Niveau
2025-05-01,2025,Bizerte,5,Taux de marge,0.135,Pourcentage,Haut,Niveau
2025-05-01,2025,Bizerte,6,Part payée par carte,0.45,Pourcentage,Haut,Niveau
2025-05-01,2025,Bizerte,7,Coût flotte / CA,0.085,Pourcentage,Bas,Niveau
2025-05-01,2025,Bizerte,8,Coût marketing / CA,0.035,Pourcentage,Bas,Niveau
2025-05-01,2025,Nabeul,1,Chiffre d’affaires,394.6,TND,Haut,Somme
2025-05-01,2025,Nabeul,2,Volume de courses,19.603,Nombre,Haut,Somme
2025-05-01,2025,Nabeul,3,Taux de complétion,0.9,Pourcentage,Haut,Niveau
2025-05-01,2025,Nabeul,4,Note moyenne client,4.3,Note,Haut,Niveau
2025-05-01,2025,Nabeul,5,Taux de marge,0.135,Pourcentage,Haut,Niveau
2025-05-01,2025,Nabeul,6,Part payée par carte,0.45,Pourcentage,Haut,Niveau
2025-05-01,2025,Nabeul,7,Coût flotte / CA,0.085,Pourcentage,Bas,Niveau
2025-05-01,2025,Nabeul,8,Coût marketing / CA,0.035,Pourcentage,Bas,Niveau
2025-05-01,2025,Djerba,1,Chiffre d’affaires,370.82,TND,Haut,Somme
2025-05-01,2025,Djerba,2,Volume de courses,18.422,Nombre,Haut,Somme
2025-05-01,2025,Djerba,3,Taux de complétion,0.9,Pourcentage,Haut,Niveau
2025-05-01,2025,Djerba,4,Note moyenne client,4.3,Note,Haut,Niveau
2025-05-01,2025,Djerba,5,Taux de marge,0.135,Pourcentage,Haut,Niveau
2025-05-01,2025,Djerba,6,Part payée par carte,0.45,Pourcentage,Haut,Niveau
2025-05-01,2025,Djerba,7,Coût flotte / CA,0.085,Pourcentage,Bas,Niveau
2025-05-01,2025,Djerba,8,Coût marketing / CA,0.035,Pourcentage,Bas,Niveau
2025-05-01,2025,Monastir,1,Chiffre d’affaires,303.18,TND,Haut,Somme
2025-05-01,2025,Monastir,2,Volume de courses,15.061,Nombre,Haut,Somme
2025-05-01,2025,Monastir,3,Taux de complétion,0.9,Pourcentage,Haut,Niveau
2025-05-01,2025,Monastir,4,Note moyenne client,4.3,Note,Haut,Niveau
2025-05-01,2025,Monastir,5,Taux de marge,0.135,Pourcentage,Haut,Niveau
2025-05-01,2025,Monastir,6,Part payée par carte,0.45,Pourcentage,Haut,Niveau
2025-05-01,2025,Monastir,7,Coût flotte / CA,0.085,Pourcentage,Bas,Niveau
2025-05-01,2025,Monastir,8,Coût marketing / CA,0.035,Pourcentage,Bas,Niveau
2025-05-01,2025,Mahdia,1,Chiffre d’affaires,263.13,TND,Haut,Somme
2025-05-01,2025,Mahdia,2,Volume de courses,13.072,Nombre,Haut,Somme
2025-05-01,2025,Mahdia,3,Taux de complétion,0.9,Pourcentage,Haut,Niveau
2025-05-01,2025,Mahdia,4,Note moyenne client,4.3,Note,Haut,Niveau
2025-05-01,2025,Mahdia,5,Taux de marge,0.135,Pourcentage,Haut,Niveau
2025-05-01,2025,Mahdia,6,Part payée par carte,0.45,Pourcentage,Haut,Niveau
2025-05-01,2025,Mahdia,7,Coût flotte / CA,0.085,Pourcentage,Bas,Niveau
2025-05-01,2025,Mahdia,8,Coût marketing / CA,0.035,Pourcentage,Bas,Niveau
2025-05-01,2025,Kairouan,1,Chiffre d’affaires,260.78,TND,Haut,Somme
2025-05-01,2025,Kairouan,2,Volume de courses,12.955,Nombre,Haut,Somme
2025-05-01,2025,Kairouan,3,Taux de complétion,0.9,Pourcentage,Haut,Niveau
2025-05-01,2025,Kairouan,4,Note moyenne client,4.3,Note,Haut,Niveau
2025-05-01,2025,Kairouan,5,Taux de marge,0.135,Pourcentage,Haut,Niveau
2025-05-01,2025,Kairouan,6,Part payée par carte,0.45,Pourcentage,Haut,Niveau
2025-05-01,2025,Kairouan,7,Coût flotte / CA,0.085,Pourcentage,Bas,Niveau
2025-05-01,2025,Kairouan,8,Coût marketing / CA,0.035,Pourcentage,Bas,Niveau
2025-05-01,2025,Manouba,1,Chiffre d’affaires,232.6,TND,Haut,Somme
2025-05-01,2025,Manouba,2,Volume de courses,11.555,Nombre,Haut,Somme
2025-05-01,2025,Manouba,3,Taux de complétion,0.9,Pourcentage,Haut,Niveau
2025-05-01,2025,Manouba,4,Note moyenne client,4.3,Note,Haut,Niveau
2025-05-01,2025,Manouba,5,Taux de marge,0.135,Pourcentage,Haut,Niveau
2025-05-01,2025,Manouba,6,Part payée par carte,0.45,Pourcentage,Haut,Niveau
2025-05-01,2025,Manouba,7,Coût flotte / CA,0.085,Pourcentage,Bas,Niveau
2025-05-01,2025,Manouba,8,Coût marketing / CA,0.035,Pourcentage,Bas,Niveau
2025-05-01,2025,Gabès,1,Chiffre d’affaires,208.15,TND,Haut,Somme
2025-05-01,2025,Gabès,2,Volume de courses,10.34,Nombre,Haut,Somme
2025-05-01,2025,Gabès,3,Taux de complétion,0.9,Pourcentage,Haut,Niveau
2025-05-01,2025,Gabès,4,Note moyenne client,4.3,Note,Haut,Niveau
2025-05-01,2025,Gabès,5,Taux de marge,0.135,Pourcentage,Haut,Niveau
2025-05-01,2025,Gabès,6,Part payée par carte,0.45,Pourcentage,Haut,Niveau
2025-05-01,2025,Gabès,7,Coût flotte / CA,0.085,Pourcentage,Bas,Niveau
2025-05-01,2025,Gabès,8,Coût marketing / CA,0.035,Pourcentage,Bas,Niveau
2025-06-01,2025,Tunis,1,Chiffre d’affaires,1753.06,TND,Haut,Somme
2025-06-01,2025,Tunis,2,Volume de courses,87.092,Nombre,Haut,Somme
2025-06-01,2025,Tunis,3,Taux de complétion,0.9,Pourcentage,Haut,Niveau
2025-06-01,2025,Tunis,4,Note moyenne client,4.3,Note,Haut,Niveau
2025-06-01,2025,Tunis,5,Taux de marge,0.135,Pourcentage,Haut,Niveau
2025-06-01,2025,Tunis,6,Part payée par carte,0.45,Pourcentage,Haut,Niveau
2025-06-01,2025,Tunis,7,Coût flotte / CA,0.085,Pourcentage,Bas,Niveau
2025-06-01,2025,Tunis,8,Coût marketing / CA,0.035,Pourcentage,Bas,Niveau
2025-06-01,2025,Sfax,1,Chiffre d’affaires,929.6,TND,Haut,Somme
2025-06-01,2025,Sfax,2,Volume de courses,46.183,Nombre,Haut,Somme
2025-06-01,2025,Sfax,3,Taux de complétion,0.9,Pourcentage,Haut,Niveau
2025-06-01,2025,Sfax,4,Note moyenne client,4.3,Note,Haut,Niveau
2025-06-01,2025,Sfax,5,Taux de marge,0.135,Pourcentage,Haut,Niveau
2025-06-01,2025,Sfax,6,Part payée par carte,0.45,Pourcentage,Haut,Niveau
2025-06-01,2025,Sfax,7,Coût flotte / CA,0.085,Pourcentage,Bas,Niveau
2025-06-01,2025,Sfax,8,Coût marketing / CA,0.035,Pourcentage,Bas,Niveau
2025-06-01,2025,Sousse,1,Chiffre d’affaires,873.91,TND,Haut,Somme
2025-06-01,2025,Sousse,2,Volume de courses,43.416,Nombre,Haut,Somme
2025-06-01,2025,Sousse,3,Taux de complétion,0.9,Pourcentage,Haut,Niveau
2025-06-01,2025,Sousse,4,Note moyenne client,4.3,Note,Haut,Niveau
2025-06-01,2025,Sousse,5,Taux de marge,0.135,Pourcentage,Haut,Niveau
2025-06-01,2025,Sousse,6,Part payée par carte,0.45,Pourcentage,Haut,Niveau
2025-06-01,2025,Sousse,7,Coût flotte / CA,0.085,Pourcentage,Bas,Niveau
2025-06-01,2025,Sousse,8,Coût marketing / CA,0.035,Pourcentage,Bas,Niveau
2025-06-01,2025,Ariana,1,Chiffre d’affaires,690.16,TND,Haut,Somme
2025-06-01,2025,Ariana,2,Volume de courses,34.287,Nombre,Haut,Somme
2025-06-01,2025,Ariana,3,Taux de complétion,0.9,Pourcentage,Haut,Niveau
2025-06-01,2025,Ariana,4,Note moyenne client,4.3,Note,Haut,Niveau
2025-06-01,2025,Ariana,5,Taux de marge,0.135,Pourcentage,Haut,Niveau
2025-06-01,2025,Ariana,6,Part payée par carte,0.45,Pourcentage,Haut,Niveau
2025-06-01,2025,Ariana,7,Coût flotte / CA,0.085,Pourcentage,Bas,Niveau
2025-06-01,2025,Ariana,8,Coût marketing / CA,0.035,Pourcentage,Bas,Niveau
2025-06-01,2025,Ben Arous,1,Chiffre d’affaires,579.47,TND,Haut,Somme
2025-06-01,2025,Ben Arous,2,Volume de courses,28.788,Nombre,Haut,Somme
2025-06-01,2025,Ben Arous,3,Taux de complétion,0.9,Pourcentage,Haut,Niveau
2025-06-01,2025,Ben Arous,4,Note moyenne client,4.3,Note,Haut,Niveau
2025-06-01,2025,Ben Arous,5,Taux de marge,0.135,Pourcentage,Haut,Niveau
2025-06-01,2025,Ben Arous,6,Part payée par carte,0.45,Pourcentage,Haut,Niveau
2025-06-01,2025,Ben Arous,7,Coût flotte / CA,0.085,Pourcentage,Bas,Niveau
2025-06-01,2025,Ben Arous,8,Coût marketing / CA,0.035,Pourcentage,Bas,Niveau
2025-06-01,2025,Bizerte,1,Chiffre d’affaires,448.82,TND,Haut,Somme
2025-06-01,2025,Bizerte,2,Volume de courses,22.298,Nombre,Haut,Somme
2025-06-01,2025,Bizerte,3,Taux de complétion,0.9,Pourcentage,Haut,Niveau
2025-06-01,2025,Bizerte,4,Note moyenne client,4.3,Note,Haut,Niveau
2025-06-01,2025,Bizerte,5,Taux de marge,0.135,Pourcentage,Haut,Niveau
2025-06-01,2025,Bizerte,6,Part payée par carte,0.45,Pourcentage,Haut,Niveau
2025-06-01,2025,Bizerte,7,Coût flotte / CA,0.085,Pourcentage,Bas,Niveau
2025-06-01,2025,Bizerte,8,Coût marketing / CA,0.035,Pourcentage,Bas,Niveau
2025-06-01,2025,Nabeul,1,Chiffre d’affaires,425.55,TND,Haut,Somme
2025-06-01,2025,Nabeul,2,Volume de courses,21.142,Nombre,Haut,Somme
2025-06-01,2025,Nabeul,3,Taux de complétion,0.9,Pourcentage,Haut,Niveau
2025-06-01,2025,Nabeul,4,Note moyenne client,4.3,Note,Haut,Niveau
2025-06-01,2025,Nabeul,5,Taux de marge,0.135,Pourcentage,Haut,Niveau
2025-06-01,2025,Nabeul,6,Part payée par carte,0.45,Pourcentage,Haut,Niveau
2025-06-01,2025,Nabeul,7,Coût flotte / CA,0.085,Pourcentage,Bas,Niveau
2025-06-01,2025,Nabeul,8,Coût marketing / CA,0.035,Pourcentage,Bas,Niveau
2025-06-01,2025,Djerba,1,Chiffre d’affaires,399.91,TND,Haut,Somme
2025-06-01,2025,Djerba,2,Volume de courses,19.868,Nombre,Haut,Somme
2025-06-01,2025,Djerba,3,Taux de complétion,0.9,Pourcentage,Haut,Niveau
2025-06-01,2025,Djerba,4,Note moyenne client,4.3,Note,Haut,Niveau
2025-06-01,2025,Djerba,5,Taux de marge,0.135,Pourcentage,Haut,Niveau
2025-06-01,2025,Djerba,6,Part payée par carte,0.45,Pourcentage,Haut,Niveau
2025-06-01,2025,Djerba,7,Coût flotte / CA,0.085,Pourcentage,Bas,Niveau
2025-06-01,2025,Djerba,8,Coût marketing / CA,0.035,Pourcentage,Bas,Niveau
2025-06-01,2025,Monastir,1,Chiffre d’affaires,326.96,TND,Haut,Somme
2025-06-01,2025,Monastir,2,Volume de courses,16.243,Nombre,Haut,Somme
2025-06-01,2025,Monastir,3,Taux de complétion,0.9,Pourcentage,Haut,Niveau
2025-06-01,2025,Monastir,4,Note moyenne client,4.3,Note,Haut,Niveau
2025-06-01,2025,Monastir,5,Taux de marge,0.135,Pourcentage,Haut,Niveau
2025-06-01,2025,Monastir,6,Part payée par carte,0.45,Pourcentage,Haut,Niveau
2025-06-01,2025,Monastir,7,Coût flotte / CA,0.085,Pourcentage,Bas,Niveau
2025-06-01,2025,Monastir,8,Coût marketing / CA,0.035,Pourcentage,Bas,Niveau
2025-06-01,2025,Mahdia,1,Chiffre d’affaires,283.77,TND,Haut,Somme
2025-06-01,2025,Mahdia,2,Volume de courses,14.098,Nombre,Haut,Somme
2025-06-01,2025,Mahdia,3,Taux de complétion,0.9,Pourcentage,Haut,Niveau
2025-06-01,2025,Mahdia,4,Note moyenne client,4.3,Note,Haut,Niveau
2025-06-01,2025,Mahdia,5,Taux de marge,0.135,Pourcentage,Haut,Niveau
2025-06-01,2025,Mahdia,6,Part payée par carte,0.45,Pourcentage,Haut,Niveau
2025-06-01,2025,Mahdia,7,Coût flotte / CA,0.085,Pourcentage,Bas,Niveau
2025-06-01,2025,Mahdia,8,Coût marketing / CA,0.035,Pourcentage,Bas,Niveau
2025-06-01,2025,Kairouan,1,Chiffre d’affaires,281.23,TND,Haut,Somme
2025-06-01,2025,Kairouan,2,Volume de courses,13.972,Nombre,Haut,Somme
2025-06-01,2025,Kairouan,3,Taux de complétion,0.9,Pourcentage,Haut,Niveau
2025-06-01,2025,Kairouan,4,Note moyenne client,4.3,Note,Haut,Niveau
2025-06-01,2025,Kairouan,5,Taux de marge,0.135,Pourcentage,Haut,Niveau
2025-06-01,2025,Kairouan,6,Part payée par carte,0.45,Pourcentage,Haut,Niveau
2025-06-01,2025,Kairouan,7,Coût flotte / CA,0.085,Pourcentage,Bas,Niveau
2025-06-01,2025,Kairouan,8,Coût marketing / CA,0.035,Pourcentage,Bas,Niveau
2025-06-01,2025,Manouba,1,Chiffre d’affaires,250.84,TND,Haut,Somme
2025-06-01,2025,Manouba,2,Volume de courses,12.462,Nombre,Haut,Somme
2025-06-01,2025,Manouba,3,Taux de complétion,0.9,Pourcentage,Haut,Niveau
2025-06-01,2025,Manouba,4,Note moyenne client,4.3,Note,Haut,Niveau
2025-06-01,2025,Manouba,5,Taux de marge,0.135,Pourcentage,Haut,Niveau
2025-06-01,2025,Manouba,6,Part payée par carte,0.45,Pourcentage,Haut,Niveau
2025-06-01,2025,Manouba,7,Coût flotte / CA,0.085,Pourcentage,Bas,Niveau
2025-06-01,2025,Manouba,8,Coût marketing / CA,0.035,Pourcentage,Bas,Niveau
2025-06-01,2025,Gabès,1,Chiffre d’affaires,224.47,TND,Haut,Somme
2025-06-01,2025,Gabès,2,Volume de courses,11.152,Nombre,Haut,Somme
2025-06-01,2025,Gabès,3,Taux de complétion,0.9,Pourcentage,Haut,Niveau
2025-06-01,2025,Gabès,4,Note moyenne client,4.3,Note,Haut,Niveau
2025-06-01,2025,Gabès,5,Taux de marge,0.135,Pourcentage,Haut,Niveau
2025-06-01,2025,Gabès,6,Part payée par carte,0.45,Pourcentage,Haut,Niveau
2025-06-01,2025,Gabès,7,Coût flotte / CA,0.085,Pourcentage,Bas,Niveau
2025-06-01,2025,Gabès,8,Coût marketing / CA,0.035,Pourcentage,Bas,Niveau
2025-07-01,2025,Tunis,1,Chiffre d’affaires,2039.92,TND,Haut,Somme
2025-07-01,2025,Tunis,2,Volume de courses,101.412,Nombre,Haut,Somme
2025-07-01,2025,Tunis,3,Taux de complétion,0.9,Pourcentage,Haut,Niveau
2025-07-01,2025,Tunis,4,Note moyenne client,4.3,Note,Haut,Niveau
2025-07-01,2025,Tunis,5,Taux de marge,0.135,Pourcentage,Haut,Niveau
2025-07-01,2025,Tunis,6,Part payée par carte,0.45,Pourcentage,Haut,Niveau
2025-07-01,2025,Tunis,7,Coût flotte / CA,0.085,Pourcentage,Bas,Niveau
2025-07-01,2025,Tunis,8,Coût marketing / CA,0.035,Pourcentage,Bas,Niveau
2025-07-01,2025,Sfax,1,Chiffre d’affaires,1081.72,TND,Haut,Somme
2025-07-01,2025,Sfax,2,Volume de courses,53.776,Nombre,Haut,Somme
2025-07-01,2025,Sfax,3,Taux de complétion,0.9,Pourcentage,Haut,Niveau
2025-07-01,2025,Sfax,4,Note moyenne client,4.3,Note,Haut,Niveau
2025-07-01,2025,Sfax,5,Taux de marge,0.135,Pourcentage,Haut,Niveau
2025-07-01,2025,Sfax,6,Part payée par carte,0.45,Pourcentage,Haut,Niveau
2025-07-01,2025,Sfax,7,Coût flotte / CA,0.085,Pourcentage,Bas,Niveau
2025-07-01,2025,Sfax,8,Coût marketing / CA,0.035,Pourcentage,Bas,Niveau
2025-07-01,2025,Sousse,1,Chiffre d’affaires,1016.91,TND,Haut,Somme
2025-07-01,2025,Sousse,2,Volume de courses,50.554,Nombre,Haut,Somme
2025-07-01,2025,Sousse,3,Taux de complétion,0.9,Pourcentage,Haut,Niveau
2025-07-01,2025,Sousse,4,Note moyenne client,4.3,Note,Haut,Niveau
2025-07-01,2025,Sousse,5,Taux de marge,0.135,Pourcentage,Haut,Niveau
2025-07-01,2025,Sousse,6,Part payée par carte,0.45,Pourcentage,Haut,Niveau
2025-07-01,2025,Sousse,7,Coût flotte / CA,0.085,Pourcentage,Bas,Niveau
2025-07-01,2025,Sousse,8,Coût marketing / CA,0.035,Pourcentage,Bas,Niveau
2025-07-01,2025,Ariana,1,Chiffre d’affaires,803.09,TND,Haut,Somme
2025-07-01,2025,Ariana,2,Volume de courses,39.925,Nombre,Haut,Somme
2025-07-01,2025,Ariana,3,Taux de complétion,0.9,Pourcentage,Haut,Niveau
2025-07-01,2025,Ariana,4,Note moyenne client,4.3,Note,Haut,Niveau
2025-07-01,2025,Ariana,5,Taux de marge,0.135,Pourcentage,Haut,Niveau
2025-07-01,2025,Ariana,6,Part payée par carte,0.45,Pourcentage,Haut,Niveau
2025-07-01,2025,Ariana,7,Coût flotte / CA,0.085,Pourcentage,Bas,Niveau
2025-07-01,2025,Ariana,8,Coût marketing / CA,0.035,Pourcentage,Bas,Niveau
2025-07-01,2025,Ben Arous,1,Chiffre d’affaires,674.29,TND,Haut,Somme
2025-07-01,2025,Ben Arous,2,Volume de courses,33.521,Nombre,Haut,Somme
2025-07-01,2025,Ben Arous,3,Taux de complétion,0.9,Pourcentage,Haut,Niveau
2025-07-01,2025,Ben Arous,4,Note moyenne client,4.3,Note,Haut,Niveau
2025-07-01,2025,Ben Arous,5,Taux de marge,0.135,Pourcentage,Haut,Niveau
2025-07-01,2025,Ben Arous,6,Part payée par carte,0.45,Pourcentage,Haut,Niveau
2025-07-01,2025,Ben Arous,7,Coût flotte / CA,0.085,Pourcentage,Bas,Niveau
2025-07-01,2025,Ben Arous,8,Coût marketing / CA,0.035,Pourcentage,Bas,Niveau
2025-07-01,2025,Bizerte,1,Chiffre d’affaires,522.26,TND,Haut,Somme
2025-07-01,2025,Bizerte,2,Volume de courses,25.964,Nombre,Haut,Somme
2025-07-01,2025,Bizerte,3,Taux de complétion,0.9,Pourcentage,Haut,Niveau
2025-07-01,2025,Bizerte,4,Note moyenne client,4.3,Note,Haut,Niveau
2025-07-01,2025,Bizerte,5,Taux de marge,0.135,Pourcentage,Haut,Niveau
2025-07-01,2025,Bizerte,6,Part payée par carte,0.45,Pourcentage,Haut,Niveau
2025-07-01,2025,Bizerte,7,Coût flotte / CA,0.085,Pourcentage,Bas,Niveau
2025-07-01,2025,Bizerte,8,Coût marketing / CA,0.035,Pourcentage,Bas,Niveau
2025-07-01,2025,Nabeul,1,Chiffre d’affaires,495.19,TND,Haut,Somme
2025-07-01,2025,Nabeul,2,Volume de courses,24.618,Nombre,Haut,Somme
2025-07-01,2025,Nabeul,3,Taux de complétion,0.9,Pourcentage,Haut,Niveau
2025-07-01,2025,Nabeul,4,Note moyenne client,4.3,Note,Haut,Niveau
2025-07-01,2025,Nabeul,5,Taux de marge,0.135,Pourcentage,Haut,Niveau
2025-07-01,2025,Nabeul,6,Part payée par carte,0.45,Pourcentage,Haut,Niveau
2025-07-01,2025,Nabeul,7,Coût flotte / CA,0.085,Pourcentage,Bas,Niveau
2025-07-01,2025,Nabeul,8,Coût marketing / CA,0.035,Pourcentage,Bas,Niveau
2025-07-01,2025,Djerba,1,Chiffre d’affaires,465.35,TND,Haut,Somme
2025-07-01,2025,Djerba,2,Volume de courses,23.134,Nombre,Haut,Somme
2025-07-01,2025,Djerba,3,Taux de complétion,0.9,Pourcentage,Haut,Niveau
2025-07-01,2025,Djerba,4,Note moyenne client,4.3,Note,Haut,Niveau
2025-07-01,2025,Djerba,5,Taux de marge,0.135,Pourcentage,Haut,Niveau
2025-07-01,2025,Djerba,6,Part payée par carte,0.45,Pourcentage,Haut,Niveau
2025-07-01,2025,Djerba,7,Coût flotte / CA,0.085,Pourcentage,Bas,Niveau
2025-07-01,2025,Djerba,8,Coût marketing / CA,0.035,Pourcentage,Bas,Niveau
2025-07-01,2025,Monastir,1,Chiffre d’affaires,380.46,TND,Haut,Somme
2025-07-01,2025,Monastir,2,Volume de courses,18.914,Nombre,Haut,Somme
2025-07-01,2025,Monastir,3,Taux de complétion,0.9,Pourcentage,Haut,Niveau
2025-07-01,2025,Monastir,4,Note moyenne client,4.3,Note,Haut,Niveau
2025-07-01,2025,Monastir,5,Taux de marge,0.135,Pourcentage,Haut,Niveau
2025-07-01,2025,Monastir,6,Part payée par carte,0.45,Pourcentage,Haut,Niveau
2025-07-01,2025,Monastir,7,Coût flotte / CA,0.085,Pourcentage,Bas,Niveau
2025-07-01,2025,Monastir,8,Coût marketing / CA,0.035,Pourcentage,Bas,Niveau
2025-07-01,2025,Mahdia,1,Chiffre d’affaires,330.21,TND,Haut,Somme
2025-07-01,2025,Mahdia,2,Volume de courses,16.416,Nombre,Haut,Somme
2025-07-01,2025,Mahdia,3,Taux de complétion,0.9,Pourcentage,Haut,Niveau
2025-07-01,2025,Mahdia,4,Note moyenne client,4.3,Note,Haut,Niveau
2025-07-01,2025,Mahdia,5,Taux de marge,0.135,Pourcentage,Haut,Niveau
2025-07-01,2025,Mahdia,6,Part payée par carte,0.45,Pourcentage,Haut,Niveau
2025-07-01,2025,Mahdia,7,Coût flotte / CA,0.085,Pourcentage,Bas,Niveau
2025-07-01,2025,Mahdia,8,Coût marketing / CA,0.035,Pourcentage,Bas,Niveau
2025-07-01,2025,Kairouan,1,Chiffre d’affaires,327.25,TND,Haut,Somme
2025-07-01,2025,Kairouan,2,Volume de courses,16.269,Nombre,Haut,Somme
2025-07-01,2025,Kairouan,3,Taux de complétion,0.9,Pourcentage,Haut,Niveau
2025-07-01,2025,Kairouan,4,Note moyenne client,4.3,Note,Haut,Niveau
2025-07-01,2025,Kairouan,5,Taux de marge,0.135,Pourcentage,Haut,Niveau
2025-07-01,2025,Kairouan,6,Part payée par carte,0.45,Pourcentage,Haut,Niveau
2025-07-01,2025,Kairouan,7,Coût flotte / CA,0.085,Pourcentage,Bas,Niveau
2025-07-01,2025,Kairouan,8,Coût marketing / CA,0.035,Pourcentage,Bas,Niveau
2025-07-01,2025,Manouba,1,Chiffre d’affaires,291.89,TND,Haut,Somme
2025-07-01,2025,Manouba,2,Volume de courses,14.511,Nombre,Haut,Somme
2025-07-01,2025,Manouba,3,Taux de complétion,0.9,Pourcentage,Haut,Niveau
2025-07-01,2025,Manouba,4,Note moyenne client,4.3,Note,Haut,Niveau
2025-07-01,2025,Manouba,5,Taux de marge,0.135,Pourcentage,Haut,Niveau
2025-07-01,2025,Manouba,6,Part payée par carte,0.45,Pourcentage,Haut,Niveau
2025-07-01,2025,Manouba,7,Coût flotte / CA,0.085,Pourcentage,Bas,Niveau
2025-07-01,2025,Manouba,8,Coût marketing / CA,0.035,Pourcentage,Bas,Niveau
2025-07-01,2025,Gabès,1,Chiffre d’affaires,261.2,TND,Haut,Somme
2025-07-01,2025,Gabès,2,Volume de courses,12.985,Nombre,Haut,Somme
2025-07-01,2025,Gabès,3,Taux de complétion,0.9,Pourcentage,Haut,Niveau
2025-07-01,2025,Gabès,4,Note moyenne client,4.3,Note,Haut,Niveau
2025-07-01,2025,Gabès,5,Taux de marge,0.135,Pourcentage,Haut,Niveau
2025-07-01,2025,Gabès,6,Part payée par carte,0.45,Pourcentage,Haut,Niveau
2025-07-01,2025,Gabès,7,Coût flotte / CA,0.085,Pourcentage,Bas,Niveau
2025-07-01,2025,Gabès,8,Coût marketing / CA,0.035,Pourcentage,Bas,Niveau
2025-08-01,2025,Tunis,1,Chiffre d’affaires,2071.79,TND,Haut,Somme
2025-08-01,2025,Tunis,2,Volume de courses,103.055,Nombre,Haut,Somme
2025-08-01,2025,Tunis,3,Taux de complétion,0.9,Pourcentage,Haut,Niveau
2025-08-01,2025,Tunis,4,Note moyenne client,4.3,Note,Haut,Niveau
2025-08-01,2025,Tunis,5,Taux de marge,0.135,Pourcentage,Haut,Niveau
2025-08-01,2025,Tunis,6,Part payée par carte,0.45,Pourcentage,Haut,Niveau
2025-08-01,2025,Tunis,7,Coût flotte / CA,0.085,Pourcentage,Bas,Niveau
2025-08-01,2025,Tunis,8,Coût marketing / CA,0.035,Pourcentage,Bas,Niveau
2025-08-01,2025,Sfax,1,Chiffre d’affaires,1098.62,TND,Haut,Somme
2025-08-01,2025,Sfax,2,Volume de courses,54.648,Nombre,Haut,Somme
2025-08-01,2025,Sfax,3,Taux de complétion,0.9,Pourcentage,Haut,Niveau
2025-08-01,2025,Sfax,4,Note moyenne client,4.3,Note,Haut,Niveau
2025-08-01,2025,Sfax,5,Taux de marge,0.135,Pourcentage,Haut,Niveau
2025-08-01,2025,Sfax,6,Part payée par carte,0.45,Pourcentage,Haut,Niveau
2025-08-01,2025,Sfax,7,Coût flotte / CA,0.085,Pourcentage,Bas,Niveau
2025-08-01,2025,Sfax,8,Coût marketing / CA,0.035,Pourcentage,Bas,Niveau
2025-08-01,2025,Sousse,1,Chiffre d’affaires,1032.8,TND,Haut,Somme
2025-08-01,2025,Sousse,2,Volume de courses,51.374,Nombre,Haut,Somme
2025-08-01,2025,Sousse,3,Taux de complétion,0.9,Pourcentage,Haut,Niveau
2025-08-01,2025,Sousse,4,Note moyenne client,4.3,Note,Haut,Niveau
2025-08-01,2025,Sousse,5,Taux de marge,0.135,Pourcentage,Haut,Niveau
2025-08-01,2025,Sousse,6,Part payée par carte,0.45,Pourcentage,Haut,Niveau
2025-08-01,2025,Sousse,7,Coût flotte / CA,0.085,Pourcentage,Bas,Niveau
2025-08-01,2025,Sousse,8,Coût marketing / CA,0.035,Pourcentage,Bas,Niveau
2025-08-01,2025,Ariana,1,Chiffre d’affaires,815.64,TND,Haut,Somme
2025-08-01,2025,Ariana,2,Volume de courses,40.572,Nombre,Haut,Somme
2025-08-01,2025,Ariana,3,Taux de complétion,0.9,Pourcentage,Haut,Niveau
2025-08-01,2025,Ariana,4,Note moyenne client,4.3,Note,Haut,Niveau
2025-08-01,2025,Ariana,5,Taux de marge,0.135,Pourcentage,Haut,Niveau
2025-08-01,2025,Ariana,6,Part payée par carte,0.45,Pourcentage,Haut,Niveau
2025-08-01,2025,Ariana,7,Coût flotte / CA,0.085,Pourcentage,Bas,Niveau
2025-08-01,2025,Ariana,8,Coût marketing / CA,0.035,Pourcentage,Bas,Niveau
2025-08-01,2025,Ben Arous,1,Chiffre d’affaires,684.82,TND,Haut,Somme
2025-08-01,2025,Ben Arous,2,Volume de courses,34.065,Nombre,Haut,Somme
2025-08-01,2025,Ben Arous,3,Taux de complétion,0.9,Pourcentage,Haut,Niveau
2025-08-01,2025,Ben Arous,4,Note moyenne client,4.3,Note,Haut,Niveau
2025-08-01,2025,Ben Arous,5,Taux de marge,0.135,Pourcentage,Haut,Niveau
2025-08-01,2025,Ben Arous,6,Part payée par carte,0.45,Pourcentage,Haut,Niveau
2025-08-01,2025,Ben Arous,7,Coût flotte / CA,0.085,Pourcentage,Bas,Niveau
2025-08-01,2025,Ben Arous,8,Coût marketing / CA,0.035,Pourcentage,Bas,Niveau
2025-08-01,2025,Bizerte,1,Chiffre d’affaires,530.42,TND,Haut,Somme
2025-08-01,2025,Bizerte,2,Volume de courses,26.384,Nombre,Haut,Somme
2025-08-01,2025,Bizerte,3,Taux de complétion,0.9,Pourcentage,Haut,Niveau
2025-08-01,2025,Bizerte,4,Note moyenne client,4.3,Note,Haut,Niveau
2025-08-01,2025,Bizerte,5,Taux de marge,0.135,Pourcentage,Haut,Niveau
2025-08-01,2025,Bizerte,6,Part payée par carte,0.45,Pourcentage,Haut,Niveau
2025-08-01,2025,Bizerte,7,Coût flotte / CA,0.085,Pourcentage,Bas,Niveau
2025-08-01,2025,Bizerte,8,Coût marketing / CA,0.035,Pourcentage,Bas,Niveau
2025-08-01,2025,Nabeul,1,Chiffre d’affaires,502.93,TND,Haut,Somme
2025-08-01,2025,Nabeul,2,Volume de courses,25.017,Nombre,Haut,Somme
2025-08-01,2025,Nabeul,3,Taux de complétion,0.9,Pourcentage,Haut,Niveau
2025-08-01,2025,Nabeul,4,Note moyenne client,4.3,Note,Haut,Niveau
2025-08-01,2025,Nabeul,5,Taux de marge,0.135,Pourcentage,Haut,Niveau
2025-08-01,2025,Nabeul,6,Part payée par carte,0.45,Pourcentage,Haut,Niveau
2025-08-01,2025,Nabeul,7,Coût flotte / CA,0.085,Pourcentage,Bas,Niveau
2025-08-01,2025,Nabeul,8,Coût marketing / CA,0.035,Pourcentage,Bas,Niveau
2025-08-01,2025,Djerba,1,Chiffre d’affaires,472.62,TND,Haut,Somme
2025-08-01,2025,Djerba,2,Volume de courses,23.509,Nombre,Haut,Somme
2025-08-01,2025,Djerba,3,Taux de complétion,0.9,Pourcentage,Haut,Niveau
2025-08-01,2025,Djerba,4,Note moyenne client,4.3,Note,Haut,Niveau
2025-08-01,2025,Djerba,5,Taux de marge,0.135,Pourcentage,Haut,Niveau
2025-08-01,2025,Djerba,6,Part payée par carte,0.45,Pourcentage,Haut,Niveau
2025-08-01,2025,Djerba,7,Coût flotte / CA,0.085,Pourcentage,Bas,Niveau
2025-08-01,2025,Djerba,8,Coût marketing / CA,0.035,Pourcentage,Bas,Niveau
2025-08-01,2025,Monastir,1,Chiffre d’affaires,386.41,TND,Haut,Somme
2025-08-01,2025,Monastir,2,Volume de courses,19.221,Nombre,Haut,Somme
2025-08-01,2025,Monastir,3,Taux de complétion,0.9,Pourcentage,Haut,Niveau
2025-08-01,2025,Monastir,4,Note moyenne client,4.3,Note,Haut,Niveau
2025-08-01,2025,Monastir,5,Taux de marge,0.135,Pourcentage,Haut,Niveau
2025-08-01,2025,Monastir,6,Part payée par carte,0.45,Pourcentage,Haut,Niveau
2025-08-01,2025,Monastir,7,Coût flotte / CA,0.085,Pourcentage,Bas,Niveau
2025-08-01,2025,Monastir,8,Coût marketing / CA,0.035,Pourcentage,Bas,Niveau
2025-08-01,2025,Mahdia,1,Chiffre d’affaires,335.36,TND,Haut,Somme
2025-08-01,2025,Mahdia,2,Volume de courses,16.682,Nombre,Haut,Somme
2025-08-01,2025,Mahdia,3,Taux de complétion,0.9,Pourcentage,Haut,Niveau
2025-08-01,2025,Mahdia,4,Note moyenne client,4.3,Note,Haut,Niveau
2025-08-01,2025,Mahdia,5,Taux de marge,0.135,Pourcentage,Haut,Niveau
2025-08-01,2025,Mahdia,6,Part payée par carte,0.45,Pourcentage,Haut,Niveau
2025-08-01,2025,Mahdia,7,Coût flotte / CA,0.085,Pourcentage,Bas,Niveau
2025-08-01,2025,Mahdia,8,Coût marketing / CA,0.035,Pourcentage,Bas,Niveau
2025-08-01,2025,Kairouan,1,Chiffre d’affaires,332.36,TND,Haut,Somme
2025-08-01,2025,Kairouan,2,Volume de courses,16.532,Nombre,Haut,Somme
2025-08-01,2025,Kairouan,3,Taux de complétion,0.9,Pourcentage,Haut,Niveau
2025-08-01,2025,Kairouan,4,Note moyenne client,4.3,Note,Haut,Niveau
2025-08-01,2025,Kairouan,5,Taux de marge,0.135,Pourcentage,Haut,Niveau
2025-08-01,2025,Kairouan,6,Part payée par carte,0.45,Pourcentage,Haut,Niveau
2025-08-01,2025,Kairouan,7,Coût flotte / CA,0.085,Pourcentage,Bas,Niveau
2025-08-01,2025,Kairouan,8,Coût marketing / CA,0.035,Pourcentage,Bas,Niveau
2025-08-01,2025,Manouba,1,Chiffre d’affaires,296.45,TND,Haut,Somme
2025-08-01,2025,Manouba,2,Volume de courses,14.746,Nombre,Haut,Somme
2025-08-01,2025,Manouba,3,Taux de complétion,0.9,Pourcentage,Haut,Niveau
2025-08-01,2025,Manouba,4,Note moyenne client,4.3,Note,Haut,Niveau
2025-08-01,2025,Manouba,5,Taux de marge,0.135,Pourcentage,Haut,Niveau
2025-08-01,2025,Manouba,6,Part payée par carte,0.45,Pourcentage,Haut,Niveau
2025-08-01,2025,Manouba,7,Coût flotte / CA,0.085,Pourcentage,Bas,Niveau
2025-08-01,2025,Manouba,8,Coût marketing / CA,0.035,Pourcentage,Bas,Niveau
2025-08-01,2025,Gabès,1,Chiffre d’affaires,265.28,TND,Haut,Somme
2025-08-01,2025,Gabès,2,Volume de courses,13.196,Nombre,Haut,Somme
2025-08-01,2025,Gabès,3,Taux de complétion,0.9,Pourcentage,Haut,Niveau
2025-08-01,2025,Gabès,4,Note moyenne client,4.3,Note,Haut,Niveau
2025-08-01,2025,Gabès,5,Taux de marge,0.135,Pourcentage,Haut,Niveau
2025-08-01,2025,Gabès,6,Part payée par carte,0.45,Pourcentage,Haut,Niveau
2025-08-01,2025,Gabès,7,Coût flotte / CA,0.085,Pourcentage,Bas,Niveau
2025-08-01,2025,Gabès,8,Coût marketing / CA,0.035,Pourcentage,Bas,Niveau
2025-09-01,2025,Tunis,1,Chiffre d’affaires,1673.37,TND,Haut,Somme
2025-09-01,2025,Tunis,2,Volume de courses,83.102,Nombre,Haut,Somme
2025-09-01,2025,Tunis,3,Taux de complétion,0.9,Pourcentage,Haut,Niveau
2025-09-01,2025,Tunis,4,Note moyenne client,4.3,Note,Haut,Niveau
2025-09-01,2025,Tunis,5,Taux de marge,0.135,Pourcentage,Haut,Niveau
2025-09-01,2025,Tunis,6,Part payée par carte,0.45,Pourcentage,Haut,Niveau
2025-09-01,2025,Tunis,7,Coût flotte / CA,0.085,Pourcentage,Bas,Niveau
2025-09-01,2025,Tunis,8,Coût marketing / CA,0.035,Pourcentage,Bas,Niveau
2025-09-01,2025,Sfax,1,Chiffre d’affaires,887.35,TND,Haut,Somme
2025-09-01,2025,Sfax,2,Volume de courses,44.067,Nombre,Haut,Somme
2025-09-01,2025,Sfax,3,Taux de complétion,0.9,Pourcentage,Haut,Niveau
2025-09-01,2025,Sfax,4,Note moyenne client,4.3,Note,Haut,Niveau
2025-09-01,2025,Sfax,5,Taux de marge,0.135,Pourcentage,Haut,Niveau
2025-09-01,2025,Sfax,6,Part payée par carte,0.45,Pourcentage,Haut,Niveau
2025-09-01,2025,Sfax,7,Coût flotte / CA,0.085,Pourcentage,Bas,Niveau
2025-09-01,2025,Sfax,8,Coût marketing / CA,0.035,Pourcentage,Bas,Niveau
2025-09-01,2025,Sousse,1,Chiffre d’affaires,834.18,TND,Haut,Somme
2025-09-01,2025,Sousse,2,Volume de courses,41.427,Nombre,Haut,Somme
2025-09-01,2025,Sousse,3,Taux de complétion,0.9,Pourcentage,Haut,Niveau
2025-09-01,2025,Sousse,4,Note moyenne client,4.3,Note,Haut,Niveau
2025-09-01,2025,Sousse,5,Taux de marge,0.135,Pourcentage,Haut,Niveau
2025-09-01,2025,Sousse,6,Part payée par carte,0.45,Pourcentage,Haut,Niveau
2025-09-01,2025,Sousse,7,Coût flotte / CA,0.085,Pourcentage,Bas,Niveau
2025-09-01,2025,Sousse,8,Coût marketing / CA,0.035,Pourcentage,Bas,Niveau
2025-09-01,2025,Ariana,1,Chiffre d’affaires,658.79,TND,Haut,Somme
2025-09-01,2025,Ariana,2,Volume de courses,32.716,Nombre,Haut,Somme
2025-09-01,2025,Ariana,3,Taux de complétion,0.9,Pourcentage,Haut,Niveau
2025-09-01,2025,Ariana,4,Note moyenne client,4.3,Note,Haut,Niveau
2025-09-01,2025,Ariana,5,Taux de marge,0.135,Pourcentage,Haut,Niveau
2025-09-01,2025,Ariana,6,Part payée par carte,0.45,Pourcentage,Haut,Niveau
2025-09-01,2025,Ariana,7,Coût flotte / CA,0.085,Pourcentage,Bas,Niveau
2025-09-01,2025,Ariana,8,Coût marketing / CA,0.035,Pourcentage,Bas,Niveau
2025-09-01,2025,Ben Arous,1,Chiffre d’affaires,553.13,TND,Haut,Somme
2025-09-01,2025,Ben Arous,2,Volume de courses,27.469,Nombre,Haut,Somme
2025-09-01,2025,Ben Arous,3,Taux de complétion,0.9,Pourcentage,Haut,Niveau
2025-09-01,2025,Ben Arous,4,Note moyenne client,4.3,Note,Haut,Niveau
2025-09-01,2025,Ben Arous,5,Taux de marge,0.135,Pourcentage,Haut,Niveau
2025-09-01,2025,Ben Arous,6,Part payée par carte,0.45,Pourcentage,Haut,Niveau
2025-09-01,2025,Ben Arous,7,Coût flotte / CA,0.085,Pourcentage,Bas,Niveau
2025-09-01,2025,Ben Arous,8,Coût marketing / CA,0.035,Pourcentage,Bas,Niveau
2025-09-01,2025,Bizerte,1,Chiffre d’affaires,428.42,TND,Haut,Somme
2025-09-01,2025,Bizerte,2,Volume de courses,21.276,Nombre,Haut,Somme
2025-09-01,2025,Bizerte,3,Taux de complétion,0.9,Pourcentage,Haut,Niveau
2025-09-01,2025,Bizerte,4,Note moyenne client,4.3,Note,Haut,Niveau
2025-09-01,2025,Bizerte,5,Taux de marge,0.135,Pourcentage,Haut,Niveau
2025-09-01,2025,Bizerte,6,Part payée par carte,0.45,Pourcentage,Haut,Niveau
2025-09-01,2025,Bizerte,7,Coût flotte / CA,0.085,Pourcentage,Bas,Niveau
2025-09-01,2025,Bizerte,8,Coût marketing / CA,0.035,Pourcentage,Bas,Niveau
2025-09-01,2025,Nabeul,1,Chiffre d’affaires,406.21,TND,Haut,Somme
2025-09-01,2025,Nabeul,2,Volume de courses,20.173,Nombre,Haut,Somme
2025-09-01,2025,Nabeul,3,Taux de complétion,0.9,Pourcentage,Haut,Niveau
2025-09-01,2025,Nabeul,4,Note moyenne client,4.3,Note,Haut,Niveau
2025-09-01,2025,Nabeul,5,Taux de marge,0.135,Pourcentage,Haut,Niveau
2025-09-01,2025,Nabeul,6,Part payée par carte,0.45,Pourcentage,Haut,Niveau
2025-09-01,2025,Nabeul,7,Coût flotte / CA,0.085,Pourcentage,Bas,Niveau
2025-09-01,2025,Nabeul,8,Coût marketing / CA,0.035,Pourcentage,Bas,Niveau
2025-09-01,2025,Djerba,1,Chiffre d’affaires,381.73,TND,Haut,Somme
2025-09-01,2025,Djerba,2,Volume de courses,18.957,Nombre,Haut,Somme
2025-09-01,2025,Djerba,3,Taux de complétion,0.9,Pourcentage,Haut,Niveau
2025-09-01,2025,Djerba,4,Note moyenne client,4.3,Note,Haut,Niveau
2025-09-01,2025,Djerba,5,Taux de marge,0.135,Pourcentage,Haut,Niveau
2025-09-01,2025,Djerba,6,Part payée par carte,0.45,Pourcentage,Haut,Niveau
2025-09-01,2025,Djerba,7,Coût flotte / CA,0.085,Pourcentage,Bas,Niveau
2025-09-01,2025,Djerba,8,Coût marketing / CA,0.035,Pourcentage,Bas,Niveau
2025-09-01,2025,Monastir,1,Chiffre d’affaires,312.1,TND,Haut,Somme
2025-09-01,2025,Monastir,2,Volume de courses,15.499,Nombre,Haut,Somme
2025-09-01,2025,Monastir,3,Taux de complétion,0.9,Pourcentage,Haut,Niveau
2025-09-01,2025,Monastir,4,Note moyenne client,4.3,Note,Haut,Niveau
2025-09-01,2025,Monastir,5,Taux de marge,0.135,Pourcentage,Haut,Niveau
2025-09-01,2025,Monastir,6,Part payée par carte,0.45,Pourcentage,Haut,Niveau
2025-09-01,2025,Monastir,7,Coût flotte / CA,0.085,Pourcentage,Bas,Niveau
2025-09-01,2025,Monastir,8,Coût marketing / CA,0.035,Pourcentage,Bas,Niveau
2025-09-01,2025,Mahdia,1,Chiffre d’affaires,270.87,TND,Haut,Somme
2025-09-01,2025,Mahdia,2,Volume de courses,13.452,Nombre,Haut,Somme
2025-09-01,2025,Mahdia,3,Taux de complétion,0.9,Pourcentage,Haut,Niveau
2025-09-01,2025,Mahdia,4,Note moyenne client,4.3,Note,Haut,Niveau
2025-09-01,2025,Mahdia,5,Taux de marge,0.135,Pourcentage,Haut,Niveau
2025-09-01,2025,Mahdia,6,Part payée par carte,0.45,Pourcentage,Haut,Niveau
2025-09-01,2025,Mahdia,7,Coût flotte / CA,0.085,Pourcentage,Bas,Niveau
2025-09-01,2025,Mahdia,8,Coût marketing / CA,0.035,Pourcentage,Bas,Niveau
2025-09-01,2025,Kairouan,1,Chiffre d’affaires,268.45,TND,Haut,Somme
2025-09-01,2025,Kairouan,2,Volume de courses,13.331,Nombre,Haut,Somme
2025-09-01,2025,Kairouan,3,Taux de complétion,0.9,Pourcentage,Haut,Niveau
2025-09-01,2025,Kairouan,4,Note moyenne client,4.3,Note,Haut,Niveau
2025-09-01,2025,Kairouan,5,Taux de marge,0.135,Pourcentage,Haut,Niveau
2025-09-01,2025,Kairouan,6,Part payée par carte,0.45,Pourcentage,Haut,Niveau
2025-09-01,2025,Kairouan,7,Coût flotte / CA,0.085,Pourcentage,Bas,Niveau
2025-09-01,2025,Kairouan,8,Coût marketing / CA,0.035,Pourcentage,Bas,Niveau
2025-09-01,2025,Manouba,1,Chiffre d’affaires,239.44,TND,Haut,Somme
2025-09-01,2025,Manouba,2,Volume de courses,11.891,Nombre,Haut,Somme
2025-09-01,2025,Manouba,3,Taux de complétion,0.9,Pourcentage,Haut,Niveau
2025-09-01,2025,Manouba,4,Note moyenne client,4.3,Note,Haut,Niveau
2025-09-01,2025,Manouba,5,Taux de marge,0.135,Pourcentage,Haut,Niveau
2025-09-01,2025,Manouba,6,Part payée par carte,0.45,Pourcentage,Haut,Niveau
2025-09-01,2025,Manouba,7,Coût flotte / CA,0.085,Pourcentage,Bas,Niveau
2025-09-01,2025,Manouba,8,Coût marketing / CA,0.035,Pourcentage,Bas,Niveau
2025-09-01,2025,Gabès,1,Chiffre d’affaires,214.27,TND,Haut,Somme
2025-09-01,2025,Gabès,2,Volume de courses,10.641,Nombre,Haut,Somme
2025-09-01,2025,Gabès,3,Taux de complétion,0.9,Pourcentage,Haut,Niveau
2025-09-01,2025,Gabès,4,Note moyenne client,4.3,Note,Haut,Niveau
2025-09-01,2025,Gabès,5,Taux de marge,0.135,Pourcentage,Haut,Niveau
2025-09-01,2025,Gabès,6,Part payée par carte,0.45,Pourcentage,Haut,Niveau
2025-09-01,2025,Gabès,7,Coût flotte / CA,0.085,Pourcentage,Bas,Niveau
2025-09-01,2025,Gabès,8,Coût marketing / CA,0.035,Pourcentage,Bas,Niveau
2025-10-01,2025,Tunis,1,Chiffre d’affaires,1561.81,TND,Haut,Somme
2025-10-01,2025,Tunis,2,Volume de courses,77.702,Nombre,Haut,Somme
2025-10-01,2025,Tunis,3,Taux de complétion,0.9,Pourcentage,Haut,Niveau
2025-10-01,2025,Tunis,4,Note moyenne client,4.3,Note,Haut,Niveau
2025-10-01,2025,Tunis,5,Taux de marge,0.135,Pourcentage,Haut,Niveau
2025-10-01,2025,Tunis,6,Part payée par carte,0.45,Pourcentage,Haut,Niveau
2025-10-01,2025,Tunis,7,Coût flotte / CA,0.085,Pourcentage,Bas,Niveau
2025-10-01,2025,Tunis,8,Coût marketing / CA,0.035,Pourcentage,Bas,Niveau
2025-10-01,2025,Sfax,1,Chiffre d’affaires,828.19,TND,Haut,Somme
2025-10-01,2025,Sfax,2,Volume de courses,41.204,Nombre,Haut,Somme
2025-10-01,2025,Sfax,3,Taux de complétion,0.9,Pourcentage,Haut,Niveau
2025-10-01,2025,Sfax,4,Note moyenne client,4.3,Note,Haut,Niveau
2025-10-01,2025,Sfax,5,Taux de marge,0.135,Pourcentage,Haut,Niveau
2025-10-01,2025,Sfax,6,Part payée par carte,0.45,Pourcentage,Haut,Niveau
2025-10-01,2025,Sfax,7,Coût flotte / CA,0.085,Pourcentage,Bas,Niveau
2025-10-01,2025,Sfax,8,Coût marketing / CA,0.035,Pourcentage,Bas,Niveau
2025-10-01,2025,Sousse,1,Chiffre d’affaires,778.57,TND,Haut,Somme
2025-10-01,2025,Sousse,2,Volume de courses,38.735,Nombre,Haut,Somme
2025-10-01,2025,Sousse,3,Taux de complétion,0.9,Pourcentage,Haut,Niveau
2025-10-01,2025,Sousse,4,Note moyenne client,4.3,Note,Haut,Niveau
2025-10-01,2025,Sousse,5,Taux de marge,0.135,Pourcentage,Haut,Niveau
2025-10-01,2025,Sousse,6,Part payée par carte,0.45,Pourcentage,Haut,Niveau
2025-10-01,2025,Sousse,7,Coût flotte / CA,0.085,Pourcentage,Bas,Niveau
2025-10-01,2025,Sousse,8,Coût marketing / CA,0.035,Pourcentage,Bas,Niveau
2025-10-01,2025,Ariana,1,Chiffre d’affaires,614.87,TND,Haut,Somme
2025-10-01,2025,Ariana,2,Volume de courses,30.591,Nombre,Haut,Somme
2025-10-01,2025,Ariana,3,Taux de complétion,0.9,Pourcentage,Haut,Niveau
2025-10-01,2025,Ariana,4,Note moyenne client,4.3,Note,Haut,Niveau
2025-10-01,2025,Ariana,5,Taux de marge,0.135,Pourcentage,Haut,Niveau
2025-10-01,2025,Ariana,6,Part payée par carte,0.45,Pourcentage,Haut,Niveau
2025-10-01,2025,Ariana,7,Coût flotte / CA,0.085,Pourcentage,Bas,Niveau
2025-10-01,2025,Ariana,8,Coût marketing / CA,0.035,Pourcentage,Bas,Niveau
2025-10-01,2025,Ben Arous,1,Chiffre d’affaires,516.25,TND,Haut,Somme
2025-10-01,2025,Ben Arous,2,Volume de courses,25.684,Nombre,Haut,Somme
2025-10-01,2025,Ben Arous,3,Taux de complétion,0.9,Pourcentage,Haut,Niveau
2025-10-01,2025,Ben Arous,4,Note moyenne client,4.3,Note,Haut,Niveau
2025-10-01,2025,Ben Arous,5,Taux de marge,0.135,Pourcentage,Haut,Niveau
2025-10-01,2025,Ben Arous,6,Part payée par carte,0.45,Pourcentage,Haut,Niveau
2025-10-01,2025,Ben Arous,7,Coût flotte / CA,0.085,Pourcentage,Bas,Niveau
2025-10-01,2025,Ben Arous,8,Coût marketing / CA,0.035,Pourcentage,Bas,Niveau
2025-10-01,2025,Bizerte,1,Chiffre d’affaires,399.86,TND,Haut,Somme
2025-10-01,2025,Bizerte,2,Volume de courses,19.894,Nombre,Haut,Somme
2025-10-01,2025,Bizerte,3,Taux de complétion,0.9,Pourcentage,Haut,Niveau
2025-10-01,2025,Bizerte,4,Note moyenne client,4.3,Note,Haut,Niveau
2025-10-01,2025,Bizerte,5,Taux de marge,0.135,Pourcentage,Haut,Niveau
2025-10-01,2025,Bizerte,6,Part payée par carte,0.45,Pourcentage,Haut,Niveau
2025-10-01,2025,Bizerte,7,Coût flotte / CA,0.085,Pourcentage,Bas,Niveau
2025-10-01,2025,Bizerte,8,Coût marketing / CA,0.035,Pourcentage,Bas,Niveau
2025-10-01,2025,Nabeul,1,Chiffre d’affaires,379.13,TND,Haut,Somme
2025-10-01,2025,Nabeul,2,Volume de courses,18.862,Nombre,Haut,Somme
2025-10-01,2025,Nabeul,3,Taux de complétion,0.9,Pourcentage,Haut,Niveau
2025-10-01,2025,Nabeul,4,Note moyenne client,4.3,Note,Haut,Niveau
2025-10-01,2025,Nabeul,5,Taux de marge,0.135,Pourcentage,Haut,Niveau
2025-10-01,2025,Nabeul,6,Part payée par carte,0.45,Pourcentage,Haut,Niveau
2025-10-01,2025,Nabeul,7,Coût flotte / CA,0.085,Pourcentage,Bas,Niveau
2025-10-01,2025,Nabeul,8,Coût marketing / CA,0.035,Pourcentage,Bas,Niveau
2025-10-01,2025,Djerba,1,Chiffre d’affaires,356.28,TND,Haut,Somme
2025-10-01,2025,Djerba,2,Volume de courses,17.725,Nombre,Haut,Somme
2025-10-01,2025,Djerba,3,Taux de complétion,0.9,Pourcentage,Haut,Niveau
2025-10-01,2025,Djerba,4,Note moyenne client,4.3,Note,Haut,Niveau
2025-10-01,2025,Djerba,5,Taux de marge,0.135,Pourcentage,Haut,Niveau
2025-10-01,2025,Djerba,6,Part payée par carte,0.45,Pourcentage,Haut,Niveau
2025-10-01,2025,Djerba,7,Coût flotte / CA,0.085,Pourcentage,Bas,Niveau
2025-10-01,2025,Djerba,8,Coût marketing / CA,0.035,Pourcentage,Bas,Niveau
2025-10-01,2025,Monastir,1,Chiffre d’affaires,291.29,TND,Haut,Somme
2025-10-01,2025,Monastir,2,Volume de courses,14.492,Nombre,Haut,Somme
2025-10-01,2025,Monastir,3,Taux de complétion,0.9,Pourcentage,Haut,Niveau
2025-10-01,2025,Monastir,4,Note moyenne client,4.3,Note,Haut,Niveau
2025-10-01,2025,Monastir,5,Taux de marge,0.135,Pourcentage,Haut,Niveau
2025-10-01,2025,Monastir,6,Part payée par carte,0.45,Pourcentage,Haut,Niveau
2025-10-01,2025,Monastir,7,Coût flotte / CA,0.085,Pourcentage,Bas,Niveau
2025-10-01,2025,Monastir,8,Coût marketing / CA,0.035,Pourcentage,Bas,Niveau
2025-10-01,2025,Mahdia,1,Chiffre d’affaires,252.81,TND,Haut,Somme
2025-10-01,2025,Mahdia,2,Volume de courses,12.578,Nombre,Haut,Somme
2025-10-01,2025,Mahdia,3,Taux de complétion,0.9,Pourcentage,Haut,Niveau
2025-10-01,2025,Mahdia,4,Note moyenne client,4.3,Note,Haut,Niveau
2025-10-01,2025,Mahdia,5,Taux de marge,0.135,Pourcentage,Haut,Niveau
2025-10-01,2025,Mahdia,6,Part payée par carte,0.45,Pourcentage,Haut,Niveau
2025-10-01,2025,Mahdia,7,Coût flotte / CA,0.085,Pourcentage,Bas,Niveau
2025-10-01,2025,Mahdia,8,Coût marketing / CA,0.035,Pourcentage,Bas,Niveau
2025-10-01,2025,Kairouan,1,Chiffre d’affaires,250.55,TND,Haut,Somme
2025-10-01,2025,Kairouan,2,Volume de courses,12.465,Nombre,Haut,Somme
2025-10-01,2025,Kairouan,3,Taux de complétion,0.9,Pourcentage,Haut,Niveau
2025-10-01,2025,Kairouan,4,Note moyenne client,4.3,Note,Haut,Niveau
2025-10-01,2025,Kairouan,5,Taux de marge,0.135,Pourcentage,Haut,Niveau
2025-10-01,2025,Kairouan,6,Part payée par carte,0.45,Pourcentage,Haut,Niveau
2025-10-01,2025,Kairouan,7,Coût flotte / CA,0.085,Pourcentage,Bas,Niveau
2025-10-01,2025,Kairouan,8,Coût marketing / CA,0.035,Pourcentage,Bas,Niveau
2025-10-01,2025,Manouba,1,Chiffre d’affaires,223.48,TND,Haut,Somme
2025-10-01,2025,Manouba,2,Volume de courses,11.118,Nombre,Haut,Somme
2025-10-01,2025,Manouba,3,Taux de complétion,0.9,Pourcentage,Haut,Niveau
2025-10-01,2025,Manouba,4,Note moyenne client,4.3,Note,Haut,Niveau
2025-10-01,2025,Manouba,5,Taux de marge,0.135,Pourcentage,Haut,Niveau
2025-10-01,2025,Manouba,6,Part payée par carte,0.45,Pourcentage,Haut,Niveau
2025-10-01,2025,Manouba,7,Coût flotte / CA,0.085,Pourcentage,Bas,Niveau
2025-10-01,2025,Manouba,8,Coût marketing / CA,0.035,Pourcentage,Bas,Niveau
2025-10-01,2025,Gabès,1,Chiffre d’affaires,199.98,TND,Haut,Somme
2025-10-01,2025,Gabès,2,Volume de courses,9.949,Nombre,Haut,Somme
2025-10-01,2025,Gabès,3,Taux de complétion,0.9,Pourcentage,Haut,Niveau
2025-10-01,2025,Gabès,4,Note moyenne client,4.3,Note,Haut,Niveau
2025-10-01,2025,Gabès,5,Taux de marge,0.135,Pourcentage,Haut,Niveau
2025-10-01,2025,Gabès,6,Part payée par carte,0.45,Pourcentage,Haut,Niveau
2025-10-01,2025,Gabès,7,Coût flotte / CA,0.085,Pourcentage,Bas,Niveau
2025-10-01,2025,Gabès,8,Coût marketing / CA,0.035,Pourcentage,Bas,Niveau
2025-11-01,2025,Tunis,1,Chiffre d’affaires,1466.19,TND,Haut,Somme
2025-11-01,2025,Tunis,2,Volume de courses,73.007,Nombre,Haut,Somme
2025-11-01,2025,Tunis,3,Taux de complétion,0.9,Pourcentage,Haut,Niveau
2025-11-01,2025,Tunis,4,Note moyenne client,4.3,Note,Haut,Niveau
2025-11-01,2025,Tunis,5,Taux de marge,0.135,Pourcentage,Haut,Niveau
2025-11-01,2025,Tunis,6,Part payée par carte,0.45,Pourcentage,Haut,Niveau
2025-11-01,2025,Tunis,7,Coût flotte / CA,0.085,Pourcentage,Bas,Niveau
2025-11-01,2025,Tunis,8,Coût marketing / CA,0.035,Pourcentage,Bas,Niveau
2025-11-01,2025,Sfax,1,Chiffre d’affaires,777.48,TND,Haut,Somme
2025-11-01,2025,Sfax,2,Volume de courses,38.714,Nombre,Haut,Somme
2025-11-01,2025,Sfax,3,Taux de complétion,0.9,Pourcentage,Haut,Niveau
2025-11-01,2025,Sfax,4,Note moyenne client,4.3,Note,Haut,Niveau
2025-11-01,2025,Sfax,5,Taux de marge,0.135,Pourcentage,Haut,Niveau
2025-11-01,2025,Sfax,6,Part payée par carte,0.45,Pourcentage,Haut,Niveau
2025-11-01,2025,Sfax,7,Coût flotte / CA,0.085,Pourcentage,Bas,Niveau
2025-11-01,2025,Sfax,8,Coût marketing / CA,0.035,Pourcentage,Bas,Niveau
2025-11-01,2025,Sousse,1,Chiffre d’affaires,730.9,TND,Haut,Somme
2025-11-01,2025,Sousse,2,Volume de courses,36.394,Nombre,Haut,Somme
2025-11-01,2025,Sousse,3,Taux de complétion,0.9,Pourcentage,Haut,Niveau
2025-11-01,2025,Sousse,4,Note moyenne client,4.3,Note,Haut,Niveau
2025-11-01,2025,Sousse,5,Taux de marge,0.135,Pourcentage,Haut,Niveau
2025-11-01,2025,Sousse,6,Part payée par carte,0.45,Pourcentage,Haut,Niveau
2025-11-01,2025,Sousse,7,Coût flotte / CA,0.085,Pourcentage,Bas,Niveau
2025-11-01,2025,Sousse,8,Coût marketing / CA,0.035,Pourcentage,Bas,Niveau
2025-11-01,2025,Ariana,1,Chiffre d’affaires,577.22,TND,Haut,Somme
2025-11-01,2025,Ariana,2,Volume de courses,28.742,Nombre,Haut,Somme
2025-11-01,2025,Ariana,3,Taux de complétion,0.9,Pourcentage,Haut,Niveau
2025-11-01,2025,Ariana,4,Note moyenne client,4.3,Note,Haut,Niveau
2025-11-01,2025,Ariana,5,Taux de marge,0.135,Pourcentage,Haut,Niveau
2025-11-01,2025,Ariana,6,Part payée par carte,0.45,Pourcentage,Haut,Niveau
2025-11-01,2025,Ariana,7,Coût flotte / CA,0.085,Pourcentage,Bas,Niveau
2025-11-01,2025,Ariana,8,Coût marketing / CA,0.035,Pourcentage,Bas,Niveau
2025-11-01,2025,Ben Arous,1,Chiffre d’affaires,484.64,TND,Haut,Somme
2025-11-01,2025,Ben Arous,2,Volume de courses,24.132,Nombre,Haut,Somme
2025-11-01,2025,Ben Arous,3,Taux de complétion,0.9,Pourcentage,Haut,Niveau
2025-11-01,2025,Ben Arous,4,Note moyenne client,4.3,Note,Haut,Niveau
2025-11-01,2025,Ben Arous,5,Taux de marge,0.135,Pourcentage,Haut,Niveau
2025-11-01,2025,Ben Arous,6,Part payée par carte,0.45,Pourcentage,Haut,Niveau
2025-11-01,2025,Ben Arous,7,Coût flotte / CA,0.085,Pourcentage,Bas,Niveau
2025-11-01,2025,Ben Arous,8,Coût marketing / CA,0.035,Pourcentage,Bas,Niveau
2025-11-01,2025,Bizerte,1,Chiffre d’affaires,375.38,TND,Haut,Somme
2025-11-01,2025,Bizerte,2,Volume de courses,18.691,Nombre,Haut,Somme
2025-11-01,2025,Bizerte,3,Taux de complétion,0.9,Pourcentage,Haut,Niveau
2025-11-01,2025,Bizerte,4,Note moyenne client,4.3,Note,Haut,Niveau
2025-11-01,2025,Bizerte,5,Taux de marge,0.135,Pourcentage,Haut,Niveau
2025-11-01,2025,Bizerte,6,Part payée par carte,0.45,Pourcentage,Haut,Niveau
2025-11-01,2025,Bizerte,7,Coût flotte / CA,0.085,Pourcentage,Bas,Niveau
2025-11-01,2025,Bizerte,8,Coût marketing / CA,0.035,Pourcentage,Bas,Niveau
2025-11-01,2025,Nabeul,1,Chiffre d’affaires,355.92,TND,Haut,Somme
2025-11-01,2025,Nabeul,2,Volume de courses,17.723,Nombre,Haut,Somme
2025-11-01,2025,Nabeul,3,Taux de complétion,0.9,Pourcentage,Haut,Niveau
2025-11-01,2025,Nabeul,4,Note moyenne client,4.3,Note,Haut,Niveau
2025-11-01,2025,Nabeul,5,Taux de marge,0.135,Pourcentage,Haut,Niveau
2025-11-01,2025,Nabeul,6,Part payée par carte,0.45,Pourcentage,Haut,Niveau
2025-11-01,2025,Nabeul,7,Coût flotte / CA,0.085,Pourcentage,Bas,Niveau
2025-11-01,2025,Nabeul,8,Coût marketing / CA,0.035,Pourcentage,Bas,Niveau
2025-11-01,2025,Djerba,1,Chiffre d’affaires,334.47,TND,Haut,Somme
2025-11-01,2025,Djerba,2,Volume de courses,16.654,Nombre,Haut,Somme
2025-11-01,2025,Djerba,3,Taux de complétion,0.9,Pourcentage,Haut,Niveau
2025-11-01,2025,Djerba,4,Note moyenne client,4.3,Note,Haut,Niveau
2025-11-01,2025,Djerba,5,Taux de marge,0.135,Pourcentage,Haut,Niveau
2025-11-01,2025,Djerba,6,Part payée par carte,0.45,Pourcentage,Haut,Niveau
2025-11-01,2025,Djerba,7,Coût flotte / CA,0.085,Pourcentage,Bas,Niveau
2025-11-01,2025,Djerba,8,Coût marketing / CA,0.035,Pourcentage,Bas,Niveau
2025-11-01,2025,Monastir,1,Chiffre d’affaires,273.46,TND,Haut,Somme
2025-11-01,2025,Monastir,2,Volume de courses,13.616,Nombre,Haut,Somme
2025-11-01,2025,Monastir,3,Taux de complétion,0.9,Pourcentage,Haut,Niveau
2025-11-01,2025,Monastir,4,Note moyenne client,4.3,Note,Haut,Niveau
2025-11-01,2025,Monastir,5,Taux de marge,0.135,Pourcentage,Haut,Niveau
2025-11-01,2025,Monastir,6,Part payée par carte,0.45,Pourcentage,Haut,Niveau
2025-11-01,2025,Monastir,7,Coût flotte / CA,0.085,Pourcentage,Bas,Niveau
2025-11-01,2025,Monastir,8,Coût marketing / CA,0.035,Pourcentage,Bas,Niveau
2025-11-01,2025,Mahdia,1,Chiffre d’affaires,237.33,TND,Haut,Somme
2025-11-01,2025,Mahdia,2,Volume de courses,11.818,Nombre,Haut,Somme
2025-11-01,2025,Mahdia,3,Taux de complétion,0.9,Pourcentage,Haut,Niveau
2025-11-01,2025,Mahdia,4,Note moyenne client,4.3,Note,Haut,Niveau
2025-11-01,2025,Mahdia,5,Taux de marge,0.135,Pourcentage,Haut,Niveau
2025-11-01,2025,Mahdia,6,Part payée par carte,0.45,Pourcentage,Haut,Niveau
2025-11-01,2025,Mahdia,7,Coût flotte / CA,0.085,Pourcentage,Bas,Niveau
2025-11-01,2025,Mahdia,8,Coût marketing / CA,0.035,Pourcentage,Bas,Niveau
2025-11-01,2025,Kairouan,1,Chiffre d’affaires,235.21,TND,Haut,Somme
2025-11-01,2025,Kairouan,2,Volume de courses,11.712,Nombre,Haut,Somme
2025-11-01,2025,Kairouan,3,Taux de complétion,0.9,Pourcentage,Haut,Niveau
2025-11-01,2025,Kairouan,4,Note moyenne client,4.3,Note,Haut,Niveau
2025-11-01,2025,Kairouan,5,Taux de marge,0.135,Pourcentage,Haut,Niveau
2025-11-01,2025,Kairouan,6,Part payée par carte,0.45,Pourcentage,Haut,Niveau
2025-11-01,2025,Kairouan,7,Coût flotte / CA,0.085,Pourcentage,Bas,Niveau
2025-11-01,2025,Kairouan,8,Coût marketing / CA,0.035,Pourcentage,Bas,Niveau
2025-11-01,2025,Manouba,1,Chiffre d’affaires,209.8,TND,Haut,Somme
2025-11-01,2025,Manouba,2,Volume de courses,10.447,Nombre,Haut,Somme
2025-11-01,2025,Manouba,3,Taux de complétion,0.9,Pourcentage,Haut,Niveau
2025-11-01,2025,Manouba,4,Note moyenne client,4.3,Note,Haut,Niveau
2025-11-01,2025,Manouba,5,Taux de marge,0.135,Pourcentage,Haut,Niveau
2025-11-01,2025,Manouba,6,Part payée par carte,0.45,Pourcentage,Haut,Niveau
2025-11-01,2025,Manouba,7,Coût flotte / CA,0.085,Pourcentage,Bas,Niveau
2025-11-01,2025,Manouba,8,Coût marketing / CA,0.035,Pourcentage,Bas,Niveau
2025-11-01,2025,Gabès,1,Chiffre d’affaires,187.74,TND,Haut,Somme
2025-11-01,2025,Gabès,2,Volume de courses,9.348,Nombre,Haut,Somme
2025-11-01,2025,Gabès,3,Taux de complétion,0.9,Pourcentage,Haut,Niveau
2025-11-01,2025,Gabès,4,Note moyenne client,4.3,Note,Haut,Niveau
2025-11-01,2025,Gabès,5,Taux de marge,0.135,Pourcentage,Haut,Niveau
2025-11-01,2025,Gabès,6,Part payée par carte,0.45,Pourcentage,Haut,Niveau
2025-11-01,2025,Gabès,7,Coût flotte / CA,0.085,Pourcentage,Bas,Niveau
2025-11-01,2025,Gabès,8,Coût marketing / CA,0.035,Pourcentage,Bas,Niveau
2025-12-01,2025,Tunis,1,Chiffre d’affaires,1753.06,TND,Haut,Somme
2025-12-01,2025,Tunis,2,Volume de courses,87.092,Nombre,Haut,Somme
2025-12-01,2025,Tunis,3,Taux de complétion,0.9,Pourcentage,Haut,Niveau
2025-12-01,2025,Tunis,4,Note moyenne client,4.3,Note,Haut,Niveau
2025-12-01,2025,Tunis,5,Taux de marge,0.135,Pourcentage,Haut,Niveau
2025-12-01,2025,Tunis,6,Part payée par carte,0.45,Pourcentage,Haut,Niveau
2025-12-01,2025,Tunis,7,Coût flotte / CA,0.085,Pourcentage,Bas,Niveau
2025-12-01,2025,Tunis,8,Coût marketing / CA,0.035,Pourcentage,Bas,Niveau
2025-12-01,2025,Sfax,1,Chiffre d’affaires,929.6,TND,Haut,Somme
2025-12-01,2025,Sfax,2,Volume de courses,46.183,Nombre,Haut,Somme
2025-12-01,2025,Sfax,3,Taux de complétion,0.9,Pourcentage,Haut,Niveau
2025-12-01,2025,Sfax,4,Note moyenne client,4.3,Note,Haut,Niveau
2025-12-01,2025,Sfax,5,Taux de marge,0.135,Pourcentage,Haut,Niveau
2025-12-01,2025,Sfax,6,Part payée par carte,0.45,Pourcentage,Haut,Niveau
2025-12-01,2025,Sfax,7,Coût flotte / CA,0.085,Pourcentage,Bas,Niveau
2025-12-01,2025,Sfax,8,Coût marketing / CA,0.035,Pourcentage,Bas,Niveau
2025-12-01,2025,Sousse,1,Chiffre d’affaires,873.91,TND,Haut,Somme
2025-12-01,2025,Sousse,2,Volume de courses,43.416,Nombre,Haut,Somme
2025-12-01,2025,Sousse,3,Taux de complétion,0.9,Pourcentage,Haut,Niveau
2025-12-01,2025,Sousse,4,Note moyenne client,4.3,Note,Haut,Niveau
2025-12-01,2025,Sousse,5,Taux de marge,0.135,Pourcentage,Haut,Niveau
2025-12-01,2025,Sousse,6,Part payée par carte,0.45,Pourcentage,Haut,Niveau
2025-12-01,2025,Sousse,7,Coût flotte / CA,0.085,Pourcentage,Bas,Niveau
2025-12-01,2025,Sousse,8,Coût marketing / CA,0.035,Pourcentage,Bas,Niveau
2025-12-01,2025,Ariana,1,Chiffre d’affaires,690.16,TND,Haut,Somme
2025-12-01,2025,Ariana,2,Volume de courses,34.287,Nombre,Haut,Somme
2025-12-01,2025,Ariana,3,Taux de complétion,0.9,Pourcentage,Haut,Niveau
2025-12-01,2025,Ariana,4,Note moyenne client,4.3,Note,Haut,Niveau
2025-12-01,2025,Ariana,5,Taux de marge,0.135,Pourcentage,Haut,Niveau
2025-12-01,2025,Ariana,6,Part payée par carte,0.45,Pourcentage,Haut,Niveau
2025-12-01,2025,Ariana,7,Coût flotte / CA,0.085,Pourcentage,Bas,Niveau
2025-12-01,2025,Ariana,8,Coût marketing / CA,0.035,Pourcentage,Bas,Niveau
2025-12-01,2025,Ben Arous,1,Chiffre d’affaires,579.47,TND,Haut,Somme
2025-12-01,2025,Ben Arous,2,Volume de courses,28.788,Nombre,Haut,Somme
2025-12-01,2025,Ben Arous,3,Taux de complétion,0.9,Pourcentage,Haut,Niveau
2025-12-01,2025,Ben Arous,4,Note moyenne client,4.3,Note,Haut,Niveau
2025-12-01,2025,Ben Arous,5,Taux de marge,0.135,Pourcentage,Haut,Niveau
2025-12-01,2025,Ben Arous,6,Part payée par carte,0.45,Pourcentage,Haut,Niveau
2025-12-01,2025,Ben Arous,7,Coût flotte / CA,0.085,Pourcentage,Bas,Niveau
2025-12-01,2025,Ben Arous,8,Coût marketing / CA,0.035,Pourcentage,Bas,Niveau
2025-12-01,2025,Bizerte,1,Chiffre d’affaires,448.82,TND,Haut,Somme
2025-12-01,2025,Bizerte,2,Volume de courses,22.298,Nombre,Haut,Somme
2025-12-01,2025,Bizerte,3,Taux de complétion,0.9,Pourcentage,Haut,Niveau
2025-12-01,2025,Bizerte,4,Note moyenne client,4.3,Note,Haut,Niveau
2025-12-01,2025,Bizerte,5,Taux de marge,0.135,Pourcentage,Haut,Niveau
2025-12-01,2025,Bizerte,6,Part payée par carte,0.45,Pourcentage,Haut,Niveau
2025-12-01,2025,Bizerte,7,Coût flotte / CA,0.085,Pourcentage,Bas,Niveau
2025-12-01,2025,Bizerte,8,Coût marketing / CA,0.035,Pourcentage,Bas,Niveau
2025-12-01,2025,Nabeul,1,Chiffre d’affaires,425.55,TND,Haut,Somme
2025-12-01,2025,Nabeul,2,Volume de courses,21.142,Nombre,Haut,Somme
2025-12-01,2025,Nabeul,3,Taux de complétion,0.9,Pourcentage,Haut,Niveau
2025-12-01,2025,Nabeul,4,Note moyenne client,4.3,Note,Haut,Niveau
2025-12-01,2025,Nabeul,5,Taux de marge,0.135,Pourcentage,Haut,Niveau
2025-12-01,2025,Nabeul,6,Part payée par carte,0.45,Pourcentage,Haut,Niveau
2025-12-01,2025,Nabeul,7,Coût flotte / CA,0.085,Pourcentage,Bas,Niveau
2025-12-01,2025,Nabeul,8,Coût marketing / CA,0.035,Pourcentage,Bas,Niveau
2025-12-01,2025,Djerba,1,Chiffre d’affaires,399.91,TND,Haut,Somme
2025-12-01,2025,Djerba,2,Volume de courses,19.868,Nombre,Haut,Somme
2025-12-01,2025,Djerba,3,Taux de complétion,0.9,Pourcentage,Haut,Niveau
2025-12-01,2025,Djerba,4,Note moyenne client,4.3,Note,Haut,Niveau
2025-12-01,2025,Djerba,5,Taux de marge,0.135,Pourcentage,Haut,Niveau
2025-12-01,2025,Djerba,6,Part payée par carte,0.45,Pourcentage,Haut,Niveau
2025-12-01,2025,Djerba,7,Coût flotte / CA,0.085,Pourcentage,Bas,Niveau
2025-12-01,2025,Djerba,8,Coût marketing / CA,0.035,Pourcentage,Bas,Niveau
2025-12-01,2025,Monastir,1,Chiffre d’affaires,326.96,TND,Haut,Somme
2025-12-01,2025,Monastir,2,Volume de courses,16.243,Nombre,Haut,Somme
2025-12-01,2025,Monastir,3,Taux de complétion,0.9,Pourcentage,Haut,Niveau
2025-12-01,2025,Monastir,4,Note moyenne client,4.3,Note,Haut,Niveau
2025-12-01,2025,Monastir,5,Taux de marge,0.135,Pourcentage,Haut,Niveau
2025-12-01,2025,Monastir,6,Part payée par carte,0.45,Pourcentage,Haut,Niveau
2025-12-01,2025,Monastir,7,Coût flotte / CA,0.085,Pourcentage,Bas,Niveau
2025-12-01,2025,Monastir,8,Coût marketing / CA,0.035,Pourcentage,Bas,Niveau
2025-12-01,2025,Mahdia,1,Chiffre d’affaires,283.77,TND,Haut,Somme
2025-12-01,2025,Mahdia,2,Volume de courses,14.098,Nombre,Haut,Somme
2025-12-01,2025,Mahdia,3,Taux de complétion,0.9,Pourcentage,Haut,Niveau
2025-12-01,2025,Mahdia,4,Note moyenne client,4.3,Note,Haut,Niveau
2025-12-01,2025,Mahdia,5,Taux de marge,0.135,Pourcentage,Haut,Niveau
2025-12-01,2025,Mahdia,6,Part payée par carte,0.45,Pourcentage,Haut,Niveau
2025-12-01,2025,Mahdia,7,Coût flotte / CA,0.085,Pourcentage,Bas,Niveau
2025-12-01,2025,Mahdia,8,Coût marketing / CA,0.035,Pourcentage,Bas,Niveau
2025-12-01,2025,Kairouan,1,Chiffre d’affaires,281.23,TND,Haut,Somme
2025-12-01,2025,Kairouan,2,Volume de courses,13.972,Nombre,Haut,Somme
2025-12-01,2025,Kairouan,3,Taux de complétion,0.9,Pourcentage,Haut,Niveau
2025-12-01,2025,Kairouan,4,Note moyenne client,4.3,Note,Haut,Niveau
2025-12-01,2025,Kairouan,5,Taux de marge,0.135,Pourcentage,Haut,Niveau
2025-12-01,2025,Kairouan,6,Part payée par carte,0.45,Pourcentage,Haut,Niveau
2025-12-01,2025,Kairouan,7,Coût flotte / CA,0.085,Pourcentage,Bas,Niveau
2025-12-01,2025,Kairouan,8,Coût marketing / CA,0.035,Pourcentage,Bas,Niveau
2025-12-01,2025,Manouba,1,Chiffre d’affaires,250.84,TND,Haut,Somme
2025-12-01,2025,Manouba,2,Volume de courses,12.462,Nombre,Haut,Somme
2025-12-01,2025,Manouba,3,Taux de complétion,0.9,Pourcentage,Haut,Niveau
2025-12-01,2025,Manouba,4,Note moyenne client,4.3,Note,Haut,Niveau
2025-12-01,2025,Manouba,5,Taux de marge,0.135,Pourcentage,Haut,Niveau
2025-12-01,2025,Manouba,6,Part payée par carte,0.45,Pourcentage,Haut,Niveau
2025-12-01,2025,Manouba,7,Coût flotte / CA,0.085,Pourcentage,Bas,Niveau
2025-12-01,2025,Manouba,8,Coût marketing / CA,0.035,Pourcentage,Bas,Niveau
2025-12-01,2025,Gabès,1,Chiffre d’affaires,224.47,TND,Haut,Somme
2025-12-01,2025,Gabès,2,Volume de courses,11.152,Nombre,Haut,Somme
2025-12-01,2025,Gabès,3,Taux de complétion,0.9,Pourcentage,Haut,Niveau
2025-12-01,2025,Gabès,4,Note moyenne client,4.3,Note,Haut,Niveau
2025-12-01,2025,Gabès,5,Taux de marge,0.135,Pourcentage,Haut,Niveau
2025-12-01,2025,Gabès,6,Part payée par carte,0.45,Pourcentage,Haut,Niveau
2025-12-01,2025,Gabès,7,Coût flotte / CA,0.085,Pourcentage,Bas,Niveau
2025-12-01,2025,Gabès,8,Coût marketing / CA,0.035,Pourcentage,Bas,Niveau
2026-01-01,2026,Tunis,1,Chiffre d’affaires,1514.72,TND,Haut,Somme
2026-01-01,2026,Tunis,2,Volume de courses,73.007,Nombre,Haut,Somme
2026-01-01,2026,Tunis,3,Taux de complétion,0.9,Pourcentage,Haut,Niveau
2026-01-01,2026,Tunis,4,Note moyenne client,4.3,Note,Haut,Niveau
2026-01-01,2026,Tunis,5,Taux de marge,0.135,Pourcentage,Haut,Niveau
2026-01-01,2026,Tunis,6,Part payée par carte,0.45,Pourcentage,Haut,Niveau
2026-01-01,2026,Tunis,7,Coût flotte / CA,0.085,Pourcentage,Bas,Niveau
2026-01-01,2026,Tunis,8,Coût marketing / CA,0.035,Pourcentage,Bas,Niveau
2026-01-01,2026,Sfax,1,Chiffre d’affaires,803.22,TND,Haut,Somme
2026-01-01,2026,Sfax,2,Volume de courses,38.714,Nombre,Haut,Somme
2026-01-01,2026,Sfax,3,Taux de complétion,0.9,Pourcentage,Haut,Niveau
2026-01-01,2026,Sfax,4,Note moyenne client,4.3,Note,Haut,Niveau
2026-01-01,2026,Sfax,5,Taux de marge,0.135,Pourcentage,Haut,Niveau
2026-01-01,2026,Sfax,6,Part payée par carte,0.45,Pourcentage,Haut,Niveau
2026-01-01,2026,Sfax,7,Coût flotte / CA,0.085,Pourcentage,Bas,Niveau
2026-01-01,2026,Sfax,8,Coût marketing / CA,0.035,Pourcentage,Bas,Niveau
2026-01-01,2026,Sousse,1,Chiffre d’affaires,755.09,TND,Haut,Somme
2026-01-01,2026,Sousse,2,Volume de courses,36.394,Nombre,Haut,Somme
2026-01-01,2026,Sousse,3,Taux de complétion,0.9,Pourcentage,Haut,Niveau
2026-01-01,2026,Sousse,4,Note moyenne client,4.3,Note,Haut,Niveau
2026-01-01,2026,Sousse,5,Taux de marge,0.135,Pourcentage,Haut,Niveau
2026-01-01,2026,Sousse,6,Part payée par carte,0.45,Pourcentage,Haut,Niveau
2026-01-01,2026,Sousse,7,Coût flotte / CA,0.085,Pourcentage,Bas,Niveau
2026-01-01,2026,Sousse,8,Coût marketing / CA,0.035,Pourcentage,Bas,Niveau
2026-01-01,2026,Ariana,1,Chiffre d’affaires,596.33,TND,Haut,Somme
2026-01-01,2026,Ariana,2,Volume de courses,28.742,Nombre,Haut,Somme
2026-01-01,2026,Ariana,3,Taux de complétion,0.9,Pourcentage,Haut,Niveau
2026-01-01,2026,Ariana,4,Note moyenne client,4.3,Note,Haut,Niveau
2026-01-01,2026,Ariana,5,Taux de marge,0.135,Pourcentage,Haut,Niveau
2026-01-01,2026,Ariana,6,Part payée par carte,0.45,Pourcentage,Haut,Niveau
2026-01-01,2026,Ariana,7,Coût flotte / CA,0.085,Pourcentage,Bas,Niveau
2026-01-01,2026,Ariana,8,Coût marketing / CA,0.035,Pourcentage,Bas,Niveau
2026-01-01,2026,Ben Arous,1,Chiffre d’affaires,500.68,TND,Haut,Somme
2026-01-01,2026,Ben Arous,2,Volume de courses,24.132,Nombre,Haut,Somme
2026-01-01,2026,Ben Arous,3,Taux de complétion,0.9,Pourcentage,Haut,Niveau
2026-01-01,2026,Ben Arous,4,Note moyenne client,4.3,Note,Haut,Niveau
2026-01-01,2026,Ben Arous,5,Taux de marge,0.135,Pourcentage,Haut,Niveau
2026-01-01,2026,Ben Arous,6,Part payée par carte,0.45,Pourcentage,Haut,Niveau
2026-01-01,2026,Ben Arous,7,Coût flotte / CA,0.085,Pourcentage,Bas,Niveau
2026-01-01,2026,Ben Arous,8,Coût marketing / CA,0.035,Pourcentage,Bas,Niveau
2026-01-01,2026,Bizerte,1,Chiffre d’affaires,387.8,TND,Haut,Somme
2026-01-01,2026,Bizerte,2,Volume de courses,18.691,Nombre,Haut,Somme
2026-01-01,2026,Bizerte,3,Taux de complétion,0.9,Pourcentage,Haut,Niveau
2026-01-01,2026,Bizerte,4,Note moyenne client,4.3,Note,Haut,Niveau
2026-01-01,2026,Bizerte,5,Taux de marge,0.135,Pourcentage,Haut,Niveau
2026-01-01,2026,Bizerte,6,Part payée par carte,0.45,Pourcentage,Haut,Niveau
2026-01-01,2026,Bizerte,7,Coût flotte / CA,0.085,Pourcentage,Bas,Niveau
2026-01-01,2026,Bizerte,8,Coût marketing / CA,0.035,Pourcentage,Bas,Niveau
2026-01-01,2026,Nabeul,1,Chiffre d’affaires,367.7,TND,Haut,Somme
2026-01-01,2026,Nabeul,2,Volume de courses,17.723,Nombre,Haut,Somme
2026-01-01,2026,Nabeul,3,Taux de complétion,0.9,Pourcentage,Haut,Niveau
2026-01-01,2026,Nabeul,4,Note moyenne client,4.3,Note,Haut,Niveau
2026-01-01,2026,Nabeul,5,Taux de marge,0.135,Pourcentage,Haut,Niveau
2026-01-01,2026,Nabeul,6,Part payée par carte,0.45,Pourcentage,Haut,Niveau
2026-01-01,2026,Nabeul,7,Coût flotte / CA,0.085,Pourcentage,Bas,Niveau
2026-01-01,2026,Nabeul,8,Coût marketing / CA,0.035,Pourcentage,Bas,Niveau
2026-01-01,2026,Djerba,1,Chiffre d’affaires,345.54,TND,Haut,Somme
2026-01-01,2026,Djerba,2,Volume de courses,16.654,Nombre,Haut,Somme
2026-01-01,2026,Djerba,3,Taux de complétion,0.9,Pourcentage,Haut,Niveau
2026-01-01,2026,Djerba,4,Note moyenne client,4.3,Note,Haut,Niveau
2026-01-01,2026,Djerba,5,Taux de marge,0.135,Pourcentage,Haut,Niveau
2026-01-01,2026,Djerba,6,Part payée par carte,0.45,Pourcentage,Haut,Niveau
2026-01-01,2026,Djerba,7,Coût flotte / CA,0.085,Pourcentage,Bas,Niveau
2026-01-01,2026,Djerba,8,Coût marketing / CA,0.035,Pourcentage,Bas,Niveau
2026-01-01,2026,Monastir,1,Chiffre d’affaires,282.51,TND,Haut,Somme
2026-01-01,2026,Monastir,2,Volume de courses,13.616,Nombre,Haut,Somme
2026-01-01,2026,Monastir,3,Taux de complétion,0.9,Pourcentage,Haut,Niveau
2026-01-01,2026,Monastir,4,Note moyenne client,4.3,Note,Haut,Niveau
2026-01-01,2026,Monastir,5,Taux de marge,0.135,Pourcentage,Haut,Niveau
2026-01-01,2026,Monastir,6,Part payée par carte,0.45,Pourcentage,Haut,Niveau
2026-01-01,2026,Monastir,7,Coût flotte / CA,0.085,Pourcentage,Bas,Niveau
2026-01-01,2026,Monastir,8,Coût marketing / CA,0.035,Pourcentage,Bas,Niveau
2026-01-01,2026,Mahdia,1,Chiffre d’affaires,245.19,TND,Haut,Somme
2026-01-01,2026,Mahdia,2,Volume de courses,11.818,Nombre,Haut,Somme
2026-01-01,2026,Mahdia,3,Taux de complétion,0.9,Pourcentage,Haut,Niveau
2026-01-01,2026,Mahdia,4,Note moyenne client,4.3,Note,Haut,Niveau
2026-01-01,2026,Mahdia,5,Taux de marge,0.135,Pourcentage,Haut,Niveau
2026-01-01,2026,Mahdia,6,Part payée par carte,0.45,Pourcentage,Haut,Niveau
2026-01-01,2026,Mahdia,7,Coût flotte / CA,0.085,Pourcentage,Bas,Niveau
2026-01-01,2026,Mahdia,8,Coût marketing / CA,0.035,Pourcentage,Bas,Niveau
2026-01-01,2026,Kairouan,1,Chiffre d’affaires,242.99,TND,Haut,Somme
2026-01-01,2026,Kairouan,2,Volume de courses,11.712,Nombre,Haut,Somme
2026-01-01,2026,Kairouan,3,Taux de complétion,0.9,Pourcentage,Haut,Niveau
2026-01-01,2026,Kairouan,4,Note moyenne client,4.3,Note,Haut,Niveau
2026-01-01,2026,Kairouan,5,Taux de marge,0.135,Pourcentage,Haut,Niveau
2026-01-01,2026,Kairouan,6,Part payée par carte,0.45,Pourcentage,Haut,Niveau
2026-01-01,2026,Kairouan,7,Coût flotte / CA,0.085,Pourcentage,Bas,Niveau
2026-01-01,2026,Kairouan,8,Coût marketing / CA,0.035,Pourcentage,Bas,Niveau
2026-01-01,2026,Manouba,1,Chiffre d’affaires,216.74,TND,Haut,Somme
2026-01-01,2026,Manouba,2,Volume de courses,10.447,Nombre,Haut,Somme
2026-01-01,2026,Manouba,3,Taux de complétion,0.9,Pourcentage,Haut,Niveau
2026-01-01,2026,Manouba,4,Note moyenne client,4.3,Note,Haut,Niveau
2026-01-01,2026,Manouba,5,Taux de marge,0.135,Pourcentage,Haut,Niveau
2026-01-01,2026,Manouba,6,Part payée par carte,0.45,Pourcentage,Haut,Niveau
2026-01-01,2026,Manouba,7,Coût flotte / CA,0.085,Pourcentage,Bas,Niveau
2026-01-01,2026,Manouba,8,Coût marketing / CA,0.035,Pourcentage,Bas,Niveau
2026-01-01,2026,Gabès,1,Chiffre d’affaires,193.95,TND,Haut,Somme
2026-01-01,2026,Gabès,2,Volume de courses,9.348,Nombre,Haut,Somme
2026-01-01,2026,Gabès,3,Taux de complétion,0.9,Pourcentage,Haut,Niveau
2026-01-01,2026,Gabès,4,Note moyenne client,4.3,Note,Haut,Niveau
2026-01-01,2026,Gabès,5,Taux de marge,0.135,Pourcentage,Haut,Niveau
2026-01-01,2026,Gabès,6,Part payée par carte,0.45,Pourcentage,Haut,Niveau
2026-01-01,2026,Gabès,7,Coût flotte / CA,0.085,Pourcentage,Bas,Niveau
2026-01-01,2026,Gabès,8,Coût marketing / CA,0.035,Pourcentage,Bas,Niveau
2026-02-01,2026,Tunis,1,Chiffre d’affaires,1477.77,TND,Haut,Somme
2026-02-01,2026,Tunis,2,Volume de courses,71.129,Nombre,Haut,Somme
2026-02-01,2026,Tunis,3,Taux de complétion,0.9,Pourcentage,Haut,Niveau
2026-02-01,2026,Tunis,4,Note moyenne client,4.3,Note,Haut,Niveau
2026-02-01,2026,Tunis,5,Taux de marge,0.135,Pourcentage,Haut,Niveau
2026-02-01,2026,Tunis,6,Part payée par carte,0.45,Pourcentage,Haut,Niveau
2026-02-01,2026,Tunis,7,Coût flotte / CA,0.085,Pourcentage,Bas,Niveau
2026-02-01,2026,Tunis,8,Coût marketing / CA,0.035,Pourcentage,Bas,Niveau
2026-02-01,2026,Sfax,1,Chiffre d’affaires,783.63,TND,Haut,Somme
2026-02-01,2026,Sfax,2,Volume de courses,37.718,Nombre,Haut,Somme
2026-02-01,2026,Sfax,3,Taux de complétion,0.9,Pourcentage,Haut,Niveau
2026-02-01,2026,Sfax,4,Note moyenne client,4.3,Note,Haut,Niveau
2026-02-01,2026,Sfax,5,Taux de marge,0.135,Pourcentage,Haut,Niveau
2026-02-01,2026,Sfax,6,Part payée par carte,0.45,Pourcentage,Haut,Niveau
2026-02-01,2026,Sfax,7,Coût flotte / CA,0.085,Pourcentage,Bas,Niveau
2026-02-01,2026,Sfax,8,Coût marketing / CA,0.035,Pourcentage,Bas,Niveau
2026-02-01,2026,Sousse,1,Chiffre d’affaires,736.68,TND,Haut,Somme
2026-02-01,2026,Sousse,2,Volume de courses,35.458,Nombre,Haut,Somme
2026-02-01,2026,Sousse,3,Taux de complétion,0.9,Pourcentage,Haut,Niveau
2026-02-01,2026,Sousse,4,Note moyenne client,4.3,Note,Haut,Niveau
2026-02-01,2026,Sousse,5,Taux de marge,0.135,Pourcentage,Haut,Niveau
2026-02-01,2026,Sousse,6,Part payée par carte,0.45,Pourcentage,Haut,Niveau
2026-02-01,2026,Sousse,7,Coût flotte / CA,0.085,Pourcentage,Bas,Niveau
2026-02-01,2026,Sousse,8,Coût marketing / CA,0.035,Pourcentage,Bas,Niveau
2026-02-01,2026,Ariana,1,Chiffre d’affaires,581.78,TND,Haut,Somme
2026-02-01,2026,Ariana,2,Volume de courses,28.003,Nombre,Haut,Somme
2026-02-01,2026,Ariana,3,Taux de complétion,0.9,Pourcentage,Haut,Niveau
2026-02-01,2026,Ariana,4,Note moyenne client,4.3,Note,Haut,Niveau
2026-02-01,2026,Ariana,5,Taux de marge,0.135,Pourcentage,Haut,Niveau
2026-02-01,2026,Ariana,6,Part payée par carte,0.45,Pourcentage,Haut,Niveau
2026-02-01,2026,Ariana,7,Coût flotte / CA,0.085,Pourcentage,Bas,Niveau
2026-02-01,2026,Ariana,8,Coût marketing / CA,0.035,Pourcentage,Bas,Niveau
2026-02-01,2026,Ben Arous,1,Chiffre d’affaires,488.47,TND,Haut,Somme
2026-02-01,2026,Ben Arous,2,Volume de courses,23.512,Nombre,Haut,Somme
2026-02-01,2026,Ben Arous,3,Taux de complétion,0.9,Pourcentage,Haut,Niveau
2026-02-01,2026,Ben Arous,4,Note moyenne client,4.3,Note,Haut,Niveau
2026-02-01,2026,Ben Arous,5,Taux de marge,0.135,Pourcentage,Haut,Niveau
2026-02-01,2026,Ben Arous,6,Part payée par carte,0.45,Pourcentage,Haut,Niveau
2026-02-01,2026,Ben Arous,7,Coût flotte / CA,0.085,Pourcentage,Bas,Niveau
2026-02-01,2026,Ben Arous,8,Coût marketing / CA,0.035,Pourcentage,Bas,Niveau
2026-02-01,2026,Bizerte,1,Chiffre d’affaires,378.34,TND,Haut,Somme
2026-02-01,2026,Bizerte,2,Volume de courses,18.211,Nombre,Haut,Somme
2026-02-01,2026,Bizerte,3,Taux de complétion,0.9,Pourcentage,Haut,Niveau
2026-02-01,2026,Bizerte,4,Note moyenne client,4.3,Note,Haut,Niveau
2026-02-01,2026,Bizerte,5,Taux de marge,0.135,Pourcentage,Haut,Niveau
2026-02-01,2026,Bizerte,6,Part payée par carte,0.45,Pourcentage,Haut,Niveau
2026-02-01,2026,Bizerte,7,Coût flotte / CA,0.085,Pourcentage,Bas,Niveau
2026-02-01,2026,Bizerte,8,Coût marketing / CA,0.035,Pourcentage,Bas,Niveau
2026-02-01,2026,Nabeul,1,Chiffre d’affaires,358.73,TND,Haut,Somme
2026-02-01,2026,Nabeul,2,Volume de courses,17.267,Nombre,Haut,Somme
2026-02-01,2026,Nabeul,3,Taux de complétion,0.9,Pourcentage,Haut,Niveau
2026-02-01,2026,Nabeul,4,Note moyenne client,4.3,Note,Haut,Niveau
2026-02-01,2026,Nabeul,5,Taux de marge,0.135,Pourcentage,Haut,Niveau
2026-02-01,2026,Nabeul,6,Part payée par carte,0.45,Pourcentage,Haut,Niveau
2026-02-01,2026,Nabeul,7,Coût flotte / CA,0.085,Pourcentage,Bas,Niveau
2026-02-01,2026,Nabeul,8,Coût marketing / CA,0.035,Pourcentage,Bas,Niveau
2026-02-01,2026,Djerba,1,Chiffre d’affaires,337.11,TND,Haut,Somme
2026-02-01,2026,Djerba,2,Volume de courses,16.226,Nombre,Haut,Somme
2026-02-01,2026,Djerba,3,Taux de complétion,0.9,Pourcentage,Haut,Niveau
2026-02-01,2026,Djerba,4,Note moyenne client,4.3,Note,Haut,Niveau
2026-02-01,2026,Djerba,5,Taux de marge,0.135,Pourcentage,Haut,Niveau
2026-02-01,2026,Djerba,6,Part payée par carte,0.45,Pourcentage,Haut,Niveau
2026-02-01,2026,Djerba,7,Coût flotte / CA,0.085,Pourcentage,Bas,Niveau
2026-02-01,2026,Djerba,8,Coût marketing / CA,0.035,Pourcentage,Bas,Niveau
2026-02-01,2026,Monastir,1,Chiffre d’affaires,275.62,TND,Haut,Somme
2026-02-01,2026,Monastir,2,Volume de courses,13.266,Nombre,Haut,Somme
2026-02-01,2026,Monastir,3,Taux de complétion,0.9,Pourcentage,Haut,Niveau
2026-02-01,2026,Monastir,4,Note moyenne client,4.3,Note,Haut,Niveau
2026-02-01,2026,Monastir,5,Taux de marge,0.135,Pourcentage,Haut,Niveau
2026-02-01,2026,Monastir,6,Part payée par carte,0.45,Pourcentage,Haut,Niveau
2026-02-01,2026,Monastir,7,Coût flotte / CA,0.085,Pourcentage,Bas,Niveau
2026-02-01,2026,Monastir,8,Coût marketing / CA,0.035,Pourcentage,Bas,Niveau
2026-02-01,2026,Mahdia,1,Chiffre d’affaires,239.21,TND,Haut,Somme
2026-02-01,2026,Mahdia,2,Volume de courses,11.514,Nombre,Haut,Somme
2026-02-01,2026,Mahdia,3,Taux de complétion,0.9,Pourcentage,Haut,Niveau
2026-02-01,2026,Mahdia,4,Note moyenne client,4.3,Note,Haut,Niveau
2026-02-01,2026,Mahdia,5,Taux de marge,0.135,Pourcentage,Haut,Niveau
2026-02-01,2026,Mahdia,6,Part payée par carte,0.45,Pourcentage,Haut,Niveau
2026-02-01,2026,Mahdia,7,Coût flotte / CA,0.085,Pourcentage,Bas,Niveau
2026-02-01,2026,Mahdia,8,Coût marketing / CA,0.035,Pourcentage,Bas,Niveau
2026-02-01,2026,Kairouan,1,Chiffre d’affaires,237.07,TND,Haut,Somme
2026-02-01,2026,Kairouan,2,Volume de courses,11.411,Nombre,Haut,Somme
2026-02-01,2026,Kairouan,3,Taux de complétion,0.9,Pourcentage,Haut,Niveau
2026-02-01,2026,Kairouan,4,Note moyenne client,4.3,Note,Haut,Niveau
2026-02-01,2026,Kairouan,5,Taux de marge,0.135,Pourcentage,Haut,Niveau
2026-02-01,2026,Kairouan,6,Part payée par carte,0.45,Pourcentage,Haut,Niveau
2026-02-01,2026,Kairouan,7,Coût flotte / CA,0.085,Pourcentage,Bas,Niveau
2026-02-01,2026,Kairouan,8,Coût marketing / CA,0.035,Pourcentage,Bas,Niveau
2026-02-01,2026,Manouba,1,Chiffre d’affaires,211.45,TND,Haut,Somme
2026-02-01,2026,Manouba,2,Volume de courses,10.178,Nombre,Haut,Somme
2026-02-01,2026,Manouba,3,Taux de complétion,0.9,Pourcentage,Haut,Niveau
2026-02-01,2026,Manouba,4,Note moyenne client,4.3,Note,Haut,Niveau
2026-02-01,2026,Manouba,5,Taux de marge,0.135,Pourcentage,Haut,Niveau
2026-02-01,2026,Manouba,6,Part payée par carte,0.45,Pourcentage,Haut,Niveau
2026-02-01,2026,Manouba,7,Coût flotte / CA,0.085,Pourcentage,Bas,Niveau
2026-02-01,2026,Manouba,8,Coût marketing / CA,0.035,Pourcentage,Bas,Niveau
2026-02-01,2026,Gabès,1,Chiffre d’affaires,189.22,TND,Haut,Somme
2026-02-01,2026,Gabès,2,Volume de courses,9.108,Nombre,Haut,Somme
2026-02-01,2026,Gabès,3,Taux de complétion,0.9,Pourcentage,Haut,Niveau
2026-02-01,2026,Gabès,4,Note moyenne client,4.3,Note,Haut,Niveau
2026-02-01,2026,Gabès,5,Taux de marge,0.135,Pourcentage,Haut,Niveau
2026-02-01,2026,Gabès,6,Part payée par carte,0.45,Pourcentage,Haut,Niveau
2026-02-01,2026,Gabès,7,Coût flotte / CA,0.085,Pourcentage,Bas,Niveau
2026-02-01,2026,Gabès,8,Coût marketing / CA,0.035,Pourcentage,Bas,Niveau
2026-03-01,2026,Tunis,1,Chiffre d’affaires,1625.55,TND,Haut,Somme
2026-03-01,2026,Tunis,2,Volume de courses,78.172,Nombre,Haut,Somme
2026-03-01,2026,Tunis,3,Taux de complétion,0.9,Pourcentage,Haut,Niveau
2026-03-01,2026,Tunis,4,Note moyenne client,4.3,Note,Haut,Niveau
2026-03-01,2026,Tunis,5,Taux de marge,0.135,Pourcentage,Haut,Niveau
2026-03-01,2026,Tunis,6,Part payée par carte,0.45,Pourcentage,Haut,Niveau
2026-03-01,2026,Tunis,7,Coût flotte / CA,0.085,Pourcentage,Bas,Niveau
2026-03-01,2026,Tunis,8,Coût marketing / CA,0.035,Pourcentage,Bas,Niveau
2026-03-01,2026,Sfax,1,Chiffre d’affaires,861.99,TND,Haut,Somme
2026-03-01,2026,Sfax,2,Volume de courses,41.453,Nombre,Haut,Somme
2026-03-01,2026,Sfax,3,Taux de complétion,0.9,Pourcentage,Haut,Niveau
2026-03-01,2026,Sfax,4,Note moyenne client,4.3,Note,Haut,Niveau
2026-03-01,2026,Sfax,5,Taux de marge,0.135,Pourcentage,Haut,Niveau
2026-03-01,2026,Sfax,6,Part payée par carte,0.45,Pourcentage,Haut,Niveau
2026-03-01,2026,Sfax,7,Coût flotte / CA,0.085,Pourcentage,Bas,Niveau
2026-03-01,2026,Sfax,8,Coût marketing / CA,0.035,Pourcentage,Bas,Niveau
2026-03-01,2026,Sousse,1,Chiffre d’affaires,810.34,TND,Haut,Somme
2026-03-01,2026,Sousse,2,Volume de courses,38.969,Nombre,Haut,Somme
2026-03-01,2026,Sousse,3,Taux de complétion,0.9,Pourcentage,Haut,Niveau
2026-03-01,2026,Sousse,4,Note moyenne client,4.3,Note,Haut,Niveau
2026-03-01,2026,Sousse,5,Taux de marge,0.135,Pourcentage,Haut,Niveau
2026-03-01,2026,Sousse,6,Part payée par carte,0.45,Pourcentage,Haut,Niveau
2026-03-01,2026,Sousse,7,Coût flotte / CA,0.085,Pourcentage,Bas,Niveau
2026-03-01,2026,Sousse,8,Coût marketing / CA,0.035,Pourcentage,Bas,Niveau
2026-03-01,2026,Ariana,1,Chiffre d’affaires,639.96,TND,Haut,Somme
2026-03-01,2026,Ariana,2,Volume de courses,30.775,Nombre,Haut,Somme
2026-03-01,2026,Ariana,3,Taux de complétion,0.9,Pourcentage,Haut,Niveau
2026-03-01,2026,Ariana,4,Note moyenne client,4.3,Note,Haut,Niveau
2026-03-01,2026,Ariana,5,Taux de marge,0.135,Pourcentage,Haut,Niveau
2026-03-01,2026,Ariana,6,Part payée par carte,0.45,Pourcentage,Haut,Niveau
2026-03-01,2026,Ariana,7,Coût flotte / CA,0.085,Pourcentage,Bas,Niveau
2026-03-01,2026,Ariana,8,Coût marketing / CA,0.035,Pourcentage,Bas,Niveau
2026-03-01,2026,Ben Arous,1,Chiffre d’affaires,537.32,TND,Haut,Somme
2026-03-01,2026,Ben Arous,2,Volume de courses,25.839,Nombre,Haut,Somme
2026-03-01,2026,Ben Arous,3,Taux de complétion,0.9,Pourcentage,Haut,Niveau
2026-03-01,2026,Ben Arous,4,Note moyenne client,4.3,Note,Haut,Niveau
2026-03-01,2026,Ben Arous,5,Taux de marge,0.135,Pourcentage,Haut,Niveau
2026-03-01,2026,Ben Arous,6,Part payée par carte,0.45,Pourcentage,Haut,Niveau
2026-03-01,2026,Ben Arous,7,Coût flotte / CA,0.085,Pourcentage,Bas,Niveau
2026-03-01,2026,Ben Arous,8,Coût marketing / CA,0.035,Pourcentage,Bas,Niveau
2026-03-01,2026,Bizerte,1,Chiffre d’affaires,416.18,TND,Haut,Somme
2026-03-01,2026,Bizerte,2,Volume de courses,20.014,Nombre,Haut,Somme
2026-03-01,2026,Bizerte,3,Taux de complétion,0.9,Pourcentage,Haut,Niveau
2026-03-01,2026,Bizerte,4,Note moyenne client,4.3,Note,Haut,Niveau
2026-03-01,2026,Bizerte,5,Taux de marge,0.135,Pourcentage,Haut,Niveau
2026-03-01,2026,Bizerte,6,Part payée par carte,0.45,Pourcentage,Haut,Niveau
2026-03-01,2026,Bizerte,7,Coût flotte / CA,0.085,Pourcentage,Bas,Niveau
2026-03-01,2026,Bizerte,8,Coût marketing / CA,0.035,Pourcentage,Bas,Niveau
2026-03-01,2026,Nabeul,1,Chiffre d’affaires,394.6,TND,Haut,Somme
2026-03-01,2026,Nabeul,2,Volume de courses,18.976,Nombre,Haut,Somme
2026-03-01,2026,Nabeul,3,Taux de complétion,0.9,Pourcentage,Haut,Niveau
2026-03-01,2026,Nabeul,4,Note moyenne client,4.3,Note,Haut,Niveau
2026-03-01,2026,Nabeul,5,Taux de marge,0.135,Pourcentage,Haut,Niveau
2026-03-01,2026,Nabeul,6,Part payée par carte,0.45,Pourcentage,Haut,Niveau
2026-03-01,2026,Nabeul,7,Coût flotte / CA,0.085,Pourcentage,Bas,Niveau
2026-03-01,2026,Nabeul,8,Coût marketing / CA,0.035,Pourcentage,Bas,Niveau
2026-03-01,2026,Djerba,1,Chiffre d’affaires,370.82,TND,Haut,Somme
2026-03-01,2026,Djerba,2,Volume de courses,17.833,Nombre,Haut,Somme
2026-03-01,2026,Djerba,3,Taux de complétion,0.9,Pourcentage,Haut,Niveau
2026-03-01,2026,Djerba,4,Note moyenne client,4.3,Note,Haut,Niveau
2026-03-01,2026,Djerba,5,Taux de marge,0.135,Pourcentage,Haut,Niveau
2026-03-01,2026,Djerba,6,Part payée par carte,0.45,Pourcentage,Haut,Niveau
2026-03-01,2026,Djerba,7,Coût flotte / CA,0.085,Pourcentage,Bas,Niveau
2026-03-01,2026,Djerba,8,Coût marketing / CA,0.035,Pourcentage,Bas,Niveau
2026-03-01,2026,Monastir,1,Chiffre d’affaires,303.18,TND,Haut,Somme
2026-03-01,2026,Monastir,2,Volume de courses,14.58,Nombre,Haut,Somme
2026-03-01,2026,Monastir,3,Taux de complétion,0.9,Pourcentage,Haut,Niveau
2026-03-01,2026,Monastir,4,Note moyenne client,4.3,Note,Haut,Niveau
2026-03-01,2026,Monastir,5,Taux de marge,0.135,Pourcentage,Haut,Niveau
2026-03-01,2026,Monastir,6,Part payée par carte,0.45,Pourcentage,Haut,Niveau
2026-03-01,2026,Monastir,7,Coût flotte / CA,0.085,Pourcentage,Bas,Niveau
2026-03-01,2026,Monastir,8,Coût marketing / CA,0.035,Pourcentage,Bas,Niveau
2026-03-01,2026,Mahdia,1,Chiffre d’affaires,263.13,TND,Haut,Somme
2026-03-01,2026,Mahdia,2,Volume de courses,12.654,Nombre,Haut,Somme
2026-03-01,2026,Mahdia,3,Taux de complétion,0.9,Pourcentage,Haut,Niveau
2026-03-01,2026,Mahdia,4,Note moyenne client,4.3,Note,Haut,Niveau
2026-03-01,2026,Mahdia,5,Taux de marge,0.135,Pourcentage,Haut,Niveau
2026-03-01,2026,Mahdia,6,Part payée par carte,0.45,Pourcentage,Haut,Niveau
2026-03-01,2026,Mahdia,7,Coût flotte / CA,0.085,Pourcentage,Bas,Niveau
2026-03-01,2026,Mahdia,8,Coût marketing / CA,0.035,Pourcentage,Bas,Niveau
2026-03-01,2026,Kairouan,1,Chiffre d’affaires,260.78,TND,Haut,Somme
2026-03-01,2026,Kairouan,2,Volume de courses,12.541,Nombre,Haut,Somme
2026-03-01,2026,Kairouan,3,Taux de complétion,0.9,Pourcentage,Haut,Niveau
2026-03-01,2026,Kairouan,4,Note moyenne client,4.3,Note,Haut,Niveau
2026-03-01,2026,Kairouan,5,Taux de marge,0.135,Pourcentage,Haut,Niveau
2026-03-01,2026,Kairouan,6,Part payée par carte,0.45,Pourcentage,Haut,Niveau
2026-03-01,2026,Kairouan,7,Coût flotte / CA,0.085,Pourcentage,Bas,Niveau
2026-03-01,2026,Kairouan,8,Coût marketing / CA,0.035,Pourcentage,Bas,Niveau
2026-03-01,2026,Manouba,1,Chiffre d’affaires,232.6,TND,Haut,Somme
2026-03-01,2026,Manouba,2,Volume de courses,11.186,Nombre,Haut,Somme
2026-03-01,2026,Manouba,3,Taux de complétion,0.9,Pourcentage,Haut,Niveau
2026-03-01,2026,Manouba,4,Note moyenne client,4.3,Note,Haut,Niveau
2026-03-01,2026,Manouba,5,Taux de marge,0.135,Pourcentage,Haut,Niveau
2026-03-01,2026,Manouba,6,Part payée par carte,0.45,Pourcentage,Haut,Niveau
2026-03-01,2026,Manouba,7,Coût flotte / CA,0.085,Pourcentage,Bas,Niveau
2026-03-01,2026,Manouba,8,Coût marketing / CA,0.035,Pourcentage,Bas,Niveau
2026-03-01,2026,Gabès,1,Chiffre d’affaires,208.14,TND,Haut,Somme
2026-03-01,2026,Gabès,2,Volume de courses,10.01,Nombre,Haut,Somme
2026-03-01,2026,Gabès,3,Taux de complétion,0.9,Pourcentage,Haut,Niveau
2026-03-01,2026,Gabès,4,Note moyenne client,4.3,Note,Haut,Niveau
2026-03-01,2026,Gabès,5,Taux de marge,0.135,Pourcentage,Haut,Niveau
2026-03-01,2026,Gabès,6,Part payée par carte,0.45,Pourcentage,Haut,Niveau
2026-03-01,2026,Gabès,7,Coût flotte / CA,0.085,Pourcentage,Bas,Niveau
2026-03-01,2026,Gabès,8,Coût marketing / CA,0.035,Pourcentage,Bas,Niveau
2026-04-01,2026,Tunis,1,Chiffre d’affaires,1754.86,TND,Haut,Somme
2026-04-01,2026,Tunis,2,Volume de courses,84.51,Nombre,Haut,Somme
2026-04-01,2026,Tunis,3,Taux de complétion,0.9,Pourcentage,Haut,Niveau
2026-04-01,2026,Tunis,4,Note moyenne client,4.3,Note,Haut,Niveau
2026-04-01,2026,Tunis,5,Taux de marge,0.135,Pourcentage,Haut,Niveau
2026-04-01,2026,Tunis,6,Part payée par carte,0.45,Pourcentage,Haut,Niveau
2026-04-01,2026,Tunis,7,Coût flotte / CA,0.085,Pourcentage,Bas,Niveau
2026-04-01,2026,Tunis,8,Coût marketing / CA,0.035,Pourcentage,Bas,Niveau
2026-04-01,2026,Sfax,1,Chiffre d’affaires,930.56,TND,Haut,Somme
2026-04-01,2026,Sfax,2,Volume de courses,44.814,Nombre,Haut,Somme
2026-04-01,2026,Sfax,3,Taux de complétion,0.9,Pourcentage,Haut,Niveau
2026-04-01,2026,Sfax,4,Note moyenne client,4.3,Note,Haut,Niveau
2026-04-01,2026,Sfax,5,Taux de marge,0.135,Pourcentage,Haut,Niveau
2026-04-01,2026,Sfax,6,Part payée par carte,0.45,Pourcentage,Haut,Niveau
2026-04-01,2026,Sfax,7,Coût flotte / CA,0.085,Pourcentage,Bas,Niveau
2026-04-01,2026,Sfax,8,Coût marketing / CA,0.035,Pourcentage,Bas,Niveau
2026-04-01,2026,Sousse,1,Chiffre d’affaires,874.8,TND,Haut,Somme
2026-04-01,2026,Sousse,2,Volume de courses,42.129,Nombre,Haut,Somme
2026-04-01,2026,Sousse,3,Taux de complétion,0.9,Pourcentage,Haut,Niveau
2026-04-01,2026,Sousse,4,Note moyenne client,4.3,Note,Haut,Niveau
2026-04-01,2026,Sousse,5,Taux de marge,0.135,Pourcentage,Haut,Niveau
2026-04-01,2026,Sousse,6,Part payée par carte,0.45,Pourcentage,Haut,Niveau
2026-04-01,2026,Sousse,7,Coût flotte / CA,0.085,Pourcentage,Bas,Niveau
2026-04-01,2026,Sousse,8,Coût marketing / CA,0.035,Pourcentage,Bas,Niveau
2026-04-01,2026,Ariana,1,Chiffre d’affaires,690.87,TND,Haut,Somme
2026-04-01,2026,Ariana,2,Volume de courses,33.271,Nombre,Haut,Somme
2026-04-01,2026,Ariana,3,Taux de complétion,0.9,Pourcentage,Haut,Niveau
2026-04-01,2026,Ariana,4,Note moyenne client,4.3,Note,Haut,Niveau
2026-04-01,2026,Ariana,5,Taux de marge,0.135,Pourcentage,Haut,Niveau
2026-04-01,2026,Ariana,6,Part payée par carte,0.45,Pourcentage,Haut,Niveau
2026-04-01,2026,Ariana,7,Coût flotte / CA,0.085,Pourcentage,Bas,Niveau
2026-04-01,2026,Ariana,8,Coût marketing / CA,0.035,Pourcentage,Bas,Niveau
2026-04-01,2026,Ben Arous,1,Chiffre d’affaires,580.06,TND,Haut,Somme
2026-04-01,2026,Ben Arous,2,Volume de courses,27.935,Nombre,Haut,Somme
2026-04-01,2026,Ben Arous,3,Taux de complétion,0.9,Pourcentage,Haut,Niveau
2026-04-01,2026,Ben Arous,4,Note moyenne client,4.3,Note,Haut,Niveau
2026-04-01,2026,Ben Arous,5,Taux de marge,0.135,Pourcentage,Haut,Niveau
2026-04-01,2026,Ben Arous,6,Part payée par carte,0.45,Pourcentage,Haut,Niveau
2026-04-01,2026,Ben Arous,7,Coût flotte / CA,0.085,Pourcentage,Bas,Niveau
2026-04-01,2026,Ben Arous,8,Coût marketing / CA,0.035,Pourcentage,Bas,Niveau
2026-04-01,2026,Bizerte,1,Chiffre d’affaires,449.28,TND,Haut,Somme
2026-04-01,2026,Bizerte,2,Volume de courses,21.636,Nombre,Haut,Somme
2026-04-01,2026,Bizerte,3,Taux de complétion,0.9,Pourcentage,Haut,Niveau
2026-04-01,2026,Bizerte,4,Note moyenne client,4.3,Note,Haut,Niveau
2026-04-01,2026,Bizerte,5,Taux de marge,0.135,Pourcentage,Haut,Niveau
2026-04-01,2026,Bizerte,6,Part payée par carte,0.45,Pourcentage,Haut,Niveau
2026-04-01,2026,Bizerte,7,Coût flotte / CA,0.085,Pourcentage,Bas,Niveau
2026-04-01,2026,Bizerte,8,Coût marketing / CA,0.035,Pourcentage,Bas,Niveau
2026-04-01,2026,Nabeul,1,Chiffre d’affaires,425.99,TND,Haut,Somme
2026-04-01,2026,Nabeul,2,Volume de courses,20.515,Nombre,Haut,Somme
2026-04-01,2026,Nabeul,3,Taux de complétion,0.9,Pourcentage,Haut,Niveau
2026-04-01,2026,Nabeul,4,Note moyenne client,4.3,Note,Haut,Niveau
2026-04-01,2026,Nabeul,5,Taux de marge,0.135,Pourcentage,Haut,Niveau
2026-04-01,2026,Nabeul,6,Part payée par carte,0.45,Pourcentage,Haut,Niveau
2026-04-01,2026,Nabeul,7,Coût flotte / CA,0.085,Pourcentage,Bas,Niveau
2026-04-01,2026,Nabeul,8,Coût marketing / CA,0.035,Pourcentage,Bas,Niveau
2026-04-01,2026,Djerba,1,Chiffre d’affaires,400.32,TND,Haut,Somme
2026-04-01,2026,Djerba,2,Volume de courses,19.278,Nombre,Haut,Somme
2026-04-01,2026,Djerba,3,Taux de complétion,0.9,Pourcentage,Haut,Niveau
2026-04-01,2026,Djerba,4,Note moyenne client,4.3,Note,Haut,Niveau
2026-04-01,2026,Djerba,5,Taux de marge,0.135,Pourcentage,Haut,Niveau
2026-04-01,2026,Djerba,6,Part payée par carte,0.45,Pourcentage,Haut,Niveau
2026-04-01,2026,Djerba,7,Coût flotte / CA,0.085,Pourcentage,Bas,Niveau
2026-04-01,2026,Djerba,8,Coût marketing / CA,0.035,Pourcentage,Bas,Niveau
2026-04-01,2026,Monastir,1,Chiffre d’affaires,327.29,TND,Haut,Somme
2026-04-01,2026,Monastir,2,Volume de courses,15.762,Nombre,Haut,Somme
2026-04-01,2026,Monastir,3,Taux de complétion,0.9,Pourcentage,Haut,Niveau
2026-04-01,2026,Monastir,4,Note moyenne client,4.3,Note,Haut,Niveau
2026-04-01,2026,Monastir,5,Taux de marge,0.135,Pourcentage,Haut,Niveau
2026-04-01,2026,Monastir,6,Part payée par carte,0.45,Pourcentage,Haut,Niveau
2026-04-01,2026,Monastir,7,Coût flotte / CA,0.085,Pourcentage,Bas,Niveau
2026-04-01,2026,Monastir,8,Coût marketing / CA,0.035,Pourcentage,Bas,Niveau
2026-04-01,2026,Mahdia,1,Chiffre d’affaires,284.06,TND,Haut,Somme
2026-04-01,2026,Mahdia,2,Volume de courses,13.68,Nombre,Haut,Somme
2026-04-01,2026,Mahdia,3,Taux de complétion,0.9,Pourcentage,Haut,Niveau
2026-04-01,2026,Mahdia,4,Note moyenne client,4.3,Note,Haut,Niveau
2026-04-01,2026,Mahdia,5,Taux de marge,0.135,Pourcentage,Haut,Niveau
2026-04-01,2026,Mahdia,6,Part payée par carte,0.45,Pourcentage,Haut,Niveau
2026-04-01,2026,Mahdia,7,Coût flotte / CA,0.085,Pourcentage,Bas,Niveau
2026-04-01,2026,Mahdia,8,Coût marketing / CA,0.035,Pourcentage,Bas,Niveau
2026-04-01,2026,Kairouan,1,Chiffre d’affaires,281.52,TND,Haut,Somme
2026-04-01,2026,Kairouan,2,Volume de courses,13.557,Nombre,Haut,Somme
2026-04-01,2026,Kairouan,3,Taux de complétion,0.9,Pourcentage,Haut,Niveau
2026-04-01,2026,Kairouan,4,Note moyenne client,4.3,Note,Haut,Niveau
2026-04-01,2026,Kairouan,5,Taux de marge,0.135,Pourcentage,Haut,Niveau
2026-04-01,2026,Kairouan,6,Part payée par carte,0.45,Pourcentage,Haut,Niveau
2026-04-01,2026,Kairouan,7,Coût flotte / CA,0.085,Pourcentage,Bas,Niveau
2026-04-01,2026,Kairouan,8,Coût marketing / CA,0.035,Pourcentage,Bas,Niveau
2026-04-01,2026,Manouba,1,Chiffre d’affaires,251.1,TND,Haut,Somme
2026-04-01,2026,Manouba,2,Volume de courses,12.093,Nombre,Haut,Somme
2026-04-01,2026,Manouba,3,Taux de complétion,0.9,Pourcentage,Haut,Niveau
2026-04-01,2026,Manouba,4,Note moyenne client,4.3,Note,Haut,Niveau
2026-04-01,2026,Manouba,5,Taux de marge,0.135,Pourcentage,Haut,Niveau
2026-04-01,2026,Manouba,6,Part payée par carte,0.45,Pourcentage,Haut,Niveau
2026-04-01,2026,Manouba,7,Coût flotte / CA,0.085,Pourcentage,Bas,Niveau
2026-04-01,2026,Manouba,8,Coût marketing / CA,0.035,Pourcentage,Bas,Niveau
2026-04-01,2026,Gabès,1,Chiffre d’affaires,224.7,TND,Haut,Somme
2026-04-01,2026,Gabès,2,Volume de courses,10.821,Nombre,Haut,Somme
2026-04-01,2026,Gabès,3,Taux de complétion,0.9,Pourcentage,Haut,Niveau
2026-04-01,2026,Gabès,4,Note moyenne client,4.3,Note,Haut,Niveau
2026-04-01,2026,Gabès,5,Taux de marge,0.135,Pourcentage,Haut,Niveau
2026-04-01,2026,Gabès,6,Part payée par carte,0.45,Pourcentage,Haut,Niveau
2026-04-01,2026,Gabès,7,Coût flotte / CA,0.085,Pourcentage,Bas,Niveau
2026-04-01,2026,Gabès,8,Coût marketing / CA,0.035,Pourcentage,Bas,Niveau
2026-05-01,2026,Tunis,1,Chiffre d’affaires,1884.16,TND,Haut,Somme
2026-05-01,2026,Tunis,2,Volume de courses,90.614,Nombre,Haut,Somme
2026-05-01,2026,Tunis,3,Taux de complétion,0.9,Pourcentage,Haut,Niveau
2026-05-01,2026,Tunis,4,Note moyenne client,4.3,Note,Haut,Niveau
2026-05-01,2026,Tunis,5,Taux de marge,0.135,Pourcentage,Haut,Niveau
2026-05-01,2026,Tunis,6,Part payée par carte,0.45,Pourcentage,Haut,Niveau
2026-05-01,2026,Tunis,7,Coût flotte / CA,0.085,Pourcentage,Bas,Niveau
2026-05-01,2026,Tunis,8,Coût marketing / CA,0.035,Pourcentage,Bas,Niveau
2026-05-01,2026,Sfax,1,Chiffre d’affaires,999.12,TND,Haut,Somme
2026-05-01,2026,Sfax,2,Volume de courses,48.05,Nombre,Haut,Somme
2026-05-01,2026,Sfax,3,Taux de complétion,0.9,Pourcentage,Haut,Niveau
2026-05-01,2026,Sfax,4,Note moyenne client,4.3,Note,Haut,Niveau
2026-05-01,2026,Sfax,5,Taux de marge,0.135,Pourcentage,Haut,Niveau
2026-05-01,2026,Sfax,6,Part payée par carte,0.45,Pourcentage,Haut,Niveau
2026-05-01,2026,Sfax,7,Coût flotte / CA,0.085,Pourcentage,Bas,Niveau
2026-05-01,2026,Sfax,8,Coût marketing / CA,0.035,Pourcentage,Bas,Niveau
2026-05-01,2026,Sousse,1,Chiffre d’affaires,939.26,TND,Haut,Somme
2026-05-01,2026,Sousse,2,Volume de courses,45.171,Nombre,Haut,Somme
2026-05-01,2026,Sousse,3,Taux de complétion,0.9,Pourcentage,Haut,Niveau
2026-05-01,2026,Sousse,4,Note moyenne client,4.3,Note,Haut,Niveau
2026-05-01,2026,Sousse,5,Taux de marge,0.135,Pourcentage,Haut,Niveau
2026-05-01,2026,Sousse,6,Part payée par carte,0.45,Pourcentage,Haut,Niveau
2026-05-01,2026,Sousse,7,Coût flotte / CA,0.085,Pourcentage,Bas,Niveau
2026-05-01,2026,Sousse,8,Coût marketing / CA,0.035,Pourcentage,Bas,Niveau
2026-05-01,2026,Ariana,1,Chiffre d’affaires,741.77,TND,Haut,Somme
2026-05-01,2026,Ariana,2,Volume de courses,35.674,Nombre,Haut,Somme
2026-05-01,2026,Ariana,3,Taux de complétion,0.9,Pourcentage,Haut,Niveau
2026-05-01,2026,Ariana,4,Note moyenne client,4.3,Note,Haut,Niveau
2026-05-01,2026,Ariana,5,Taux de marge,0.135,Pourcentage,Haut,Niveau
2026-05-01,2026,Ariana,6,Part payée par carte,0.45,Pourcentage,Haut,Niveau
2026-05-01,2026,Ariana,7,Coût flotte / CA,0.085,Pourcentage,Bas,Niveau
2026-05-01,2026,Ariana,8,Coût marketing / CA,0.035,Pourcentage,Bas,Niveau
2026-05-01,2026,Ben Arous,1,Chiffre d’affaires,622.8,TND,Haut,Somme
2026-05-01,2026,Ben Arous,2,Volume de courses,29.952,Nombre,Haut,Somme
2026-05-01,2026,Ben Arous,3,Taux de complétion,0.9,Pourcentage,Haut,Niveau
2026-05-01,2026,Ben Arous,4,Note moyenne client,4.3,Note,Haut,Niveau
2026-05-01,2026,Ben Arous,5,Taux de marge,0.135,Pourcentage,Haut,Niveau
2026-05-01,2026,Ben Arous,6,Part payée par carte,0.45,Pourcentage,Haut,Niveau
2026-05-01,2026,Ben Arous,7,Coût flotte / CA,0.085,Pourcentage,Bas,Niveau
2026-05-01,2026,Ben Arous,8,Coût marketing / CA,0.035,Pourcentage,Bas,Niveau
2026-05-01,2026,Bizerte,1,Chiffre d’affaires,482.39,TND,Haut,Somme
2026-05-01,2026,Bizerte,2,Volume de courses,23.199,Nombre,Haut,Somme
2026-05-01,2026,Bizerte,3,Taux de complétion,0.9,Pourcentage,Haut,Niveau
2026-05-01,2026,Bizerte,4,Note moyenne client,4.3,Note,Haut,Niveau
2026-05-01,2026,Bizerte,5,Taux de marge,0.135,Pourcentage,Haut,Niveau
2026-05-01,2026,Bizerte,6,Part payée par carte,0.45,Pourcentage,Haut,Niveau
2026-05-01,2026,Bizerte,7,Coût flotte / CA,0.085,Pourcentage,Bas,Niveau
2026-05-01,2026,Bizerte,8,Coût marketing / CA,0.035,Pourcentage,Bas,Niveau
2026-05-01,2026,Nabeul,1,Chiffre d’affaires,457.38,TND,Haut,Somme
2026-05-01,2026,Nabeul,2,Volume de courses,21.996,Nombre,Haut,Somme
2026-05-01,2026,Nabeul,3,Taux de complétion,0.9,Pourcentage,Haut,Niveau
2026-05-01,2026,Nabeul,4,Note moyenne client,4.3,Note,Haut,Niveau
2026-05-01,2026,Nabeul,5,Taux de marge,0.135,Pourcentage,Haut,Niveau
2026-05-01,2026,Nabeul,6,Part payée par carte,0.45,Pourcentage,Haut,Niveau
2026-05-01,2026,Nabeul,7,Coût flotte / CA,0.085,Pourcentage,Bas,Niveau
2026-05-01,2026,Nabeul,8,Coût marketing / CA,0.035,Pourcentage,Bas,Niveau
2026-05-01,2026,Djerba,1,Chiffre d’affaires,429.81,TND,Haut,Somme
2026-05-01,2026,Djerba,2,Volume de courses,20.671,Nombre,Haut,Somme
2026-05-01,2026,Djerba,3,Taux de complétion,0.9,Pourcentage,Haut,Niveau
2026-05-01,2026,Djerba,4,Note moyenne client,4.3,Note,Haut,Niveau
2026-05-01,2026,Djerba,5,Taux de marge,0.135,Pourcentage,Haut,Niveau
2026-05-01,2026,Djerba,6,Part payée par carte,0.45,Pourcentage,Haut,Niveau
2026-05-01,2026,Djerba,7,Coût flotte / CA,0.085,Pourcentage,Bas,Niveau
2026-05-01,2026,Djerba,8,Coût marketing / CA,0.035,Pourcentage,Bas,Niveau
2026-05-01,2026,Monastir,1,Chiffre d’affaires,351.41,TND,Haut,Somme
2026-05-01,2026,Monastir,2,Volume de courses,16.9,Nombre,Haut,Somme
2026-05-01,2026,Monastir,3,Taux de complétion,0.9,Pourcentage,Haut,Niveau
2026-05-01,2026,Monastir,4,Note moyenne client,4.3,Note,Haut,Niveau
2026-05-01,2026,Monastir,5,Taux de marge,0.135,Pourcentage,Haut,Niveau
2026-05-01,2026,Monastir,6,Part payée par carte,0.45,Pourcentage,Haut,Niveau
2026-05-01,2026,Monastir,7,Coût flotte / CA,0.085,Pourcentage,Bas,Niveau
2026-05-01,2026,Monastir,8,Coût marketing / CA,0.035,Pourcentage,Bas,Niveau
2026-05-01,2026,Mahdia,1,Chiffre d’affaires,304.99,TND,Haut,Somme
2026-05-01,2026,Mahdia,2,Volume de courses,14.668,Nombre,Haut,Somme
2026-05-01,2026,Mahdia,3,Taux de complétion,0.9,Pourcentage,Haut,Niveau
2026-05-01,2026,Mahdia,4,Note moyenne client,4.3,Note,Haut,Niveau
2026-05-01,2026,Mahdia,5,Taux de marge,0.135,Pourcentage,Haut,Niveau
2026-05-01,2026,Mahdia,6,Part payée par carte,0.45,Pourcentage,Haut,Niveau
2026-05-01,2026,Mahdia,7,Coût flotte / CA,0.085,Pourcentage,Bas,Niveau
2026-05-01,2026,Mahdia,8,Coût marketing / CA,0.035,Pourcentage,Bas,Niveau
2026-05-01,2026,Kairouan,1,Chiffre d’affaires,302.26,TND,Haut,Somme
2026-05-01,2026,Kairouan,2,Volume de courses,14.536,Nombre,Haut,Somme
2026-05-01,2026,Kairouan,3,Taux de complétion,0.9,Pourcentage,Haut,Niveau
2026-05-01,2026,Kairouan,4,Note moyenne client,4.3,Note,Haut,Niveau
2026-05-01,2026,Kairouan,5,Taux de marge,0.135,Pourcentage,Haut,Niveau
2026-05-01,2026,Kairouan,6,Part payée par carte,0.45,Pourcentage,Haut,Niveau
2026-05-01,2026,Kairouan,7,Coût flotte / CA,0.085,Pourcentage,Bas,Niveau
2026-05-01,2026,Kairouan,8,Coût marketing / CA,0.035,Pourcentage,Bas,Niveau
2026-05-01,2026,Manouba,1,Chiffre d’affaires,269.6,TND,Haut,Somme
2026-05-01,2026,Manouba,2,Volume de courses,12.966,Nombre,Haut,Somme
2026-05-01,2026,Manouba,3,Taux de complétion,0.9,Pourcentage,Haut,Niveau
2026-05-01,2026,Manouba,4,Note moyenne client,4.3,Note,Haut,Niveau
2026-05-01,2026,Manouba,5,Taux de marge,0.135,Pourcentage,Haut,Niveau
2026-05-01,2026,Manouba,6,Part payée par carte,0.45,Pourcentage,Haut,Niveau
2026-05-01,2026,Manouba,7,Coût flotte / CA,0.085,Pourcentage,Bas,Niveau
2026-05-01,2026,Manouba,8,Coût marketing / CA,0.035,Pourcentage,Bas,Niveau
2026-05-01,2026,Gabès,1,Chiffre d’affaires,241.26,TND,Haut,Somme
2026-05-01,2026,Gabès,2,Volume de courses,11.603,Nombre,Haut,Somme
2026-05-01,2026,Gabès,3,Taux de complétion,0.9,Pourcentage,Haut,Niveau
2026-05-01,2026,Gabès,4,Note moyenne client,4.3,Note,Haut,Niveau
2026-05-01,2026,Gabès,5,Taux de marge,0.135,Pourcentage,Haut,Niveau
2026-05-01,2026,Gabès,6,Part payée par carte,0.45,Pourcentage,Haut,Niveau
2026-05-01,2026,Gabès,7,Coût flotte / CA,0.085,Pourcentage,Bas,Niveau
2026-05-01,2026,Gabès,8,Coût marketing / CA,0.035,Pourcentage,Bas,Niveau
2026-06-01,2026,Tunis,1,Chiffre d’affaires,2031.94,TND,Haut,Somme
2026-06-01,2026,Tunis,2,Volume de courses,97.891,Nombre,Haut,Somme
2026-06-01,2026,Tunis,3,Taux de complétion,0.9,Pourcentage,Haut,Niveau
2026-06-01,2026,Tunis,4,Note moyenne client,4.3,Note,Haut,Niveau
2026-06-01,2026,Tunis,5,Taux de marge,0.135,Pourcentage,Haut,Niveau
2026-06-01,2026,Tunis,6,Part payée par carte,0.45,Pourcentage,Haut,Niveau
2026-06-01,2026,Tunis,7,Coût flotte / CA,0.085,Pourcentage,Bas,Niveau
2026-06-01,2026,Tunis,8,Coût marketing / CA,0.035,Pourcentage,Bas,Niveau
2026-06-01,2026,Sfax,1,Chiffre d’affaires,1077.49,TND,Haut,Somme
2026-06-01,2026,Sfax,2,Volume de courses,51.909,Nombre,Haut,Somme
2026-06-01,2026,Sfax,3,Taux de complétion,0.9,Pourcentage,Haut,Niveau
2026-06-01,2026,Sfax,4,Note moyenne client,4.3,Note,Haut,Niveau
2026-06-01,2026,Sfax,5,Taux de marge,0.135,Pourcentage,Haut,Niveau
2026-06-01,2026,Sfax,6,Part payée par carte,0.45,Pourcentage,Haut,Niveau
2026-06-01,2026,Sfax,7,Coût flotte / CA,0.085,Pourcentage,Bas,Niveau
2026-06-01,2026,Sfax,8,Coût marketing / CA,0.035,Pourcentage,Bas,Niveau
2026-06-01,2026,Sousse,1,Chiffre d’affaires,1012.93,TND,Haut,Somme
2026-06-01,2026,Sousse,2,Volume de courses,48.799,Nombre,Haut,Somme
2026-06-01,2026,Sousse,3,Taux de complétion,0.9,Pourcentage,Haut,Niveau
2026-06-01,2026,Sousse,4,Note moyenne client,4.3,Note,Haut,Niveau
2026-06-01,2026,Sousse,5,Taux de marge,0.135,Pourcentage,Haut,Niveau
2026-06-01,2026,Sousse,6,Part payée par carte,0.45,Pourcentage,Haut,Niveau
2026-06-01,2026,Sousse,7,Coût flotte / CA,0.085,Pourcentage,Bas,Niveau
2026-06-01,2026,Sousse,8,Coût marketing / CA,0.035,Pourcentage,Bas,Niveau
2026-06-01,2026,Ariana,1,Chiffre d’affaires,799.95,TND,Haut,Somme
2026-06-01,2026,Ariana,2,Volume de courses,38.538,Nombre,Haut,Somme
2026-06-01,2026,Ariana,3,Taux de complétion,0.9,Pourcentage,Haut,Niveau
2026-06-01,2026,Ariana,4,Note moyenne client,4.3,Note,Haut,Niveau
2026-06-01,2026,Ariana,5,Taux de marge,0.135,Pourcentage,Haut,Niveau
2026-06-01,2026,Ariana,6,Part payée par carte,0.45,Pourcentage,Haut,Niveau
2026-06-01,2026,Ariana,7,Coût flotte / CA,0.085,Pourcentage,Bas,Niveau
2026-06-01,2026,Ariana,8,Coût marketing / CA,0.035,Pourcentage,Bas,Niveau
2026-06-01,2026,Ben Arous,1,Chiffre d’affaires,671.65,TND,Haut,Somme
2026-06-01,2026,Ben Arous,2,Volume de courses,32.357,Nombre,Haut,Somme
2026-06-01,2026,Ben Arous,3,Taux de complétion,0.9,Pourcentage,Haut,Niveau
2026-06-01,2026,Ben Arous,4,Note moyenne client,4.3,Note,Haut,Niveau
2026-06-01,2026,Ben Arous,5,Taux de marge,0.135,Pourcentage,Haut,Niveau
2026-06-01,2026,Ben Arous,6,Part payée par carte,0.45,Pourcentage,Haut,Niveau
2026-06-01,2026,Ben Arous,7,Coût flotte / CA,0.085,Pourcentage,Bas,Niveau
2026-06-01,2026,Ben Arous,8,Coût marketing / CA,0.035,Pourcentage,Bas,Niveau
2026-06-01,2026,Bizerte,1,Chiffre d’affaires,520.22,TND,Haut,Somme
2026-06-01,2026,Bizerte,2,Volume de courses,25.062,Nombre,Haut,Somme
2026-06-01,2026,Bizerte,3,Taux de complétion,0.9,Pourcentage,Haut,Niveau
2026-06-01,2026,Bizerte,4,Note moyenne client,4.3,Note,Haut,Niveau
2026-06-01,2026,Bizerte,5,Taux de marge,0.135,Pourcentage,Haut,Niveau
2026-06-01,2026,Bizerte,6,Part payée par carte,0.45,Pourcentage,Haut,Niveau
2026-06-01,2026,Bizerte,7,Coût flotte / CA,0.085,Pourcentage,Bas,Niveau
2026-06-01,2026,Bizerte,8,Coût marketing / CA,0.035,Pourcentage,Bas,Niveau
2026-06-01,2026,Nabeul,1,Chiffre d’affaires,493.25,TND,Haut,Somme
2026-06-01,2026,Nabeul,2,Volume de courses,23.763,Nombre,Haut,Somme
2026-06-01,2026,Nabeul,3,Taux de complétion,0.9,Pourcentage,Haut,Niveau
2026-06-01,2026,Nabeul,4,Note moyenne client,4.3,Note,Haut,Niveau
2026-06-01,2026,Nabeul,5,Taux de marge,0.135,Pourcentage,Haut,Niveau
2026-06-01,2026,Nabeul,6,Part payée par carte,0.45,Pourcentage,Haut,Niveau
2026-06-01,2026,Nabeul,7,Coût flotte / CA,0.085,Pourcentage,Bas,Niveau
2026-06-01,2026,Nabeul,8,Coût marketing / CA,0.035,Pourcentage,Bas,Niveau
2026-06-01,2026,Djerba,1,Chiffre d’affaires,463.53,TND,Haut,Somme
2026-06-01,2026,Djerba,2,Volume de courses,22.331,Nombre,Haut,Somme
2026-06-01,2026,Djerba,3,Taux de complétion,0.9,Pourcentage,Haut,Niveau
2026-06-01,2026,Djerba,4,Note moyenne client,4.3,Note,Haut,Niveau
2026-06-01,2026,Djerba,5,Taux de marge,0.135,Pourcentage,Haut,Niveau
2026-06-01,2026,Djerba,6,Part payée par carte,0.45,Pourcentage,Haut,Niveau
2026-06-01,2026,Djerba,7,Coût flotte / CA,0.085,Pourcentage,Bas,Niveau
2026-06-01,2026,Djerba,8,Coût marketing / CA,0.035,Pourcentage,Bas,Niveau
2026-06-01,2026,Monastir,1,Chiffre d’affaires,378.97,TND,Haut,Somme
2026-06-01,2026,Monastir,2,Volume de courses,18.257,Nombre,Haut,Somme
2026-06-01,2026,Monastir,3,Taux de complétion,0.9,Pourcentage,Haut,Niveau
2026-06-01,2026,Monastir,4,Note moyenne client,4.3,Note,Haut,Niveau
2026-06-01,2026,Monastir,5,Taux de marge,0.135,Pourcentage,Haut,Niveau
2026-06-01,2026,Monastir,6,Part payée par carte,0.45,Pourcentage,Haut,Niveau
2026-06-01,2026,Monastir,7,Coût flotte / CA,0.085,Pourcentage,Bas,Niveau
2026-06-01,2026,Monastir,8,Coût marketing / CA,0.035,Pourcentage,Bas,Niveau
2026-06-01,2026,Mahdia,1,Chiffre d’affaires,328.91,TND,Haut,Somme
2026-06-01,2026,Mahdia,2,Volume de courses,15.846,Nombre,Haut,Somme
2026-06-01,2026,Mahdia,3,Taux de complétion,0.9,Pourcentage,Haut,Niveau
2026-06-01,2026,Mahdia,4,Note moyenne client,4.3,Note,Haut,Niveau
2026-06-01,2026,Mahdia,5,Taux de marge,0.135,Pourcentage,Haut,Niveau
2026-06-01,2026,Mahdia,6,Part payée par carte,0.45,Pourcentage,Haut,Niveau
2026-06-01,2026,Mahdia,7,Coût flotte / CA,0.085,Pourcentage,Bas,Niveau
2026-06-01,2026,Mahdia,8,Coût marketing / CA,0.035,Pourcentage,Bas,Niveau
2026-06-01,2026,Kairouan,1,Chiffre d’affaires,325.97,TND,Haut,Somme
2026-06-01,2026,Kairouan,2,Volume de courses,15.704,Nombre,Haut,Somme
2026-06-01,2026,Kairouan,3,Taux de complétion,0.9,Pourcentage,Haut,Niveau
2026-06-01,2026,Kairouan,4,Note moyenne client,4.3,Note,Haut,Niveau
2026-06-01,2026,Kairouan,5,Taux de marge,0.135,Pourcentage,Haut,Niveau
2026-06-01,2026,Kairouan,6,Part payée par carte,0.45,Pourcentage,Haut,Niveau
2026-06-01,2026,Kairouan,7,Coût flotte / CA,0.085,Pourcentage,Bas,Niveau
2026-06-01,2026,Kairouan,8,Coût marketing / CA,0.035,Pourcentage,Bas,Niveau
2026-06-01,2026,Manouba,1,Chiffre d’affaires,290.75,TND,Haut,Somme
2026-06-01,2026,Manouba,2,Volume de courses,14.007,Nombre,Haut,Somme
2026-06-01,2026,Manouba,3,Taux de complétion,0.9,Pourcentage,Haut,Niveau
2026-06-01,2026,Manouba,4,Note moyenne client,4.3,Note,Haut,Niveau
2026-06-01,2026,Manouba,5,Taux de marge,0.135,Pourcentage,Haut,Niveau
2026-06-01,2026,Manouba,6,Part payée par carte,0.45,Pourcentage,Haut,Niveau
2026-06-01,2026,Manouba,7,Coût flotte / CA,0.085,Pourcentage,Bas,Niveau
2026-06-01,2026,Manouba,8,Coût marketing / CA,0.035,Pourcentage,Bas,Niveau
2026-06-01,2026,Gabès,1,Chiffre d’affaires,260.18,TND,Haut,Somme
2026-06-01,2026,Gabès,2,Volume de courses,12.534,Nombre,Haut,Somme
2026-06-01,2026,Gabès,3,Taux de complétion,0.9,Pourcentage,Haut,Niveau
2026-06-01,2026,Gabès,4,Note moyenne client,4.3,Note,Haut,Niveau
2026-06-01,2026,Gabès,5,Taux de marge,0.135,Pourcentage,Haut,Niveau
2026-06-01,2026,Gabès,6,Part payée par carte,0.45,Pourcentage,Haut,Niveau
2026-06-01,2026,Gabès,7,Coût flotte / CA,0.085,Pourcentage,Bas,Niveau
2026-06-01,2026,Gabès,8,Coût marketing / CA,0.035,Pourcentage,Bas,Niveau
2026-07-01,2026,Tunis,1,Chiffre d’affaires,2364.44,TND,Haut,Somme
2026-07-01,2026,Tunis,2,Volume de courses,113.854,Nombre,Haut,Somme
2026-07-01,2026,Tunis,3,Taux de complétion,0.9,Pourcentage,Haut,Niveau
2026-07-01,2026,Tunis,4,Note moyenne client,4.3,Note,Haut,Niveau
2026-07-01,2026,Tunis,5,Taux de marge,0.135,Pourcentage,Haut,Niveau
2026-07-01,2026,Tunis,6,Part payée par carte,0.45,Pourcentage,Haut,Niveau
2026-07-01,2026,Tunis,7,Coût flotte / CA,0.085,Pourcentage,Bas,Niveau
2026-07-01,2026,Tunis,8,Coût marketing / CA,0.035,Pourcentage,Bas,Niveau
2026-07-01,2026,Sfax,1,Chiffre d’affaires,1253.8,TND,Haut,Somme
2026-07-01,2026,Sfax,2,Volume de courses,60.374,Nombre,Haut,Somme
2026-07-01,2026,Sfax,3,Taux de complétion,0.9,Pourcentage,Haut,Niveau
2026-07-01,2026,Sfax,4,Note moyenne client,4.3,Note,Haut,Niveau
2026-07-01,2026,Sfax,5,Taux de marge,0.135,Pourcentage,Haut,Niveau
2026-07-01,2026,Sfax,6,Part payée par carte,0.45,Pourcentage,Haut,Niveau
2026-07-01,2026,Sfax,7,Coût flotte / CA,0.085,Pourcentage,Bas,Niveau
2026-07-01,2026,Sfax,8,Coût marketing / CA,0.035,Pourcentage,Bas,Niveau
2026-07-01,2026,Sousse,1,Chiffre d’affaires,1178.68,TND,Haut,Somme
2026-07-01,2026,Sousse,2,Volume de courses,56.757,Nombre,Haut,Somme
2026-07-01,2026,Sousse,3,Taux de complétion,0.9,Pourcentage,Haut,Niveau
2026-07-01,2026,Sousse,4,Note moyenne client,4.3,Note,Haut,Niveau
2026-07-01,2026,Sousse,5,Taux de marge,0.135,Pourcentage,Haut,Niveau
2026-07-01,2026,Sousse,6,Part payée par carte,0.45,Pourcentage,Haut,Niveau
2026-07-01,2026,Sousse,7,Coût flotte / CA,0.085,Pourcentage,Bas,Niveau
2026-07-01,2026,Sousse,8,Coût marketing / CA,0.035,Pourcentage,Bas,Niveau
2026-07-01,2026,Ariana,1,Chiffre d’affaires,930.85,TND,Haut,Somme
2026-07-01,2026,Ariana,2,Volume de courses,44.823,Nombre,Haut,Somme
2026-07-01,2026,Ariana,3,Taux de complétion,0.9,Pourcentage,Haut,Niveau
2026-07-01,2026,Ariana,4,Note moyenne client,4.3,Note,Haut,Niveau
2026-07-01,2026,Ariana,5,Taux de marge,0.135,Pourcentage,Haut,Niveau
2026-07-01,2026,Ariana,6,Part payée par carte,0.45,Pourcentage,Haut,Niveau
2026-07-01,2026,Ariana,7,Coût flotte / CA,0.085,Pourcentage,Bas,Niveau
2026-07-01,2026,Ariana,8,Coût marketing / CA,0.035,Pourcentage,Bas,Niveau
2026-07-01,2026,Ben Arous,1,Chiffre d’affaires,781.56,TND,Haut,Somme
2026-07-01,2026,Ben Arous,2,Volume de courses,37.634,Nombre,Haut,Somme
2026-07-01,2026,Ben Arous,3,Taux de complétion,0.9,Pourcentage,Haut,Niveau
2026-07-01,2026,Ben Arous,4,Note moyenne client,4.3,Note,Haut,Niveau
2026-07-01,2026,Ben Arous,5,Taux de marge,0.135,Pourcentage,Haut,Niveau
2026-07-01,2026,Ben Arous,6,Part payée par carte,0.45,Pourcentage,Haut,Niveau
2026-07-01,2026,Ben Arous,7,Coût flotte / CA,0.085,Pourcentage,Bas,Niveau
2026-07-01,2026,Ben Arous,8,Coût marketing / CA,0.035,Pourcentage,Bas,Niveau
2026-07-01,2026,Bizerte,1,Chiffre d’affaires,605.35,TND,Haut,Somme
2026-07-01,2026,Bizerte,2,Volume de courses,29.149,Nombre,Haut,Somme
2026-07-01,2026,Bizerte,3,Taux de complétion,0.9,Pourcentage,Haut,Niveau
2026-07-01,2026,Bizerte,4,Note moyenne client,4.3,Note,Haut,Niveau
2026-07-01,2026,Bizerte,5,Taux de marge,0.135,Pourcentage,Haut,Niveau
2026-07-01,2026,Bizerte,6,Part payée par carte,0.45,Pourcentage,Haut,Niveau
2026-07-01,2026,Bizerte,7,Coût flotte / CA,0.085,Pourcentage,Bas,Niveau
2026-07-01,2026,Bizerte,8,Coût marketing / CA,0.035,Pourcentage,Bas,Niveau
2026-07-01,2026,Nabeul,1,Chiffre d’affaires,573.97,TND,Haut,Somme
2026-07-01,2026,Nabeul,2,Volume de courses,27.638,Nombre,Haut,Somme
2026-07-01,2026,Nabeul,3,Taux de complétion,0.9,Pourcentage,Haut,Niveau
2026-07-01,2026,Nabeul,4,Note moyenne client,4.3,Note,Haut,Niveau
2026-07-01,2026,Nabeul,5,Taux de marge,0.135,Pourcentage,Haut,Niveau
2026-07-01,2026,Nabeul,6,Part payée par carte,0.45,Pourcentage,Haut,Niveau
2026-07-01,2026,Nabeul,7,Coût flotte / CA,0.085,Pourcentage,Bas,Niveau
2026-07-01,2026,Nabeul,8,Coût marketing / CA,0.035,Pourcentage,Bas,Niveau
2026-07-01,2026,Djerba,1,Chiffre d’affaires,539.38,TND,Haut,Somme
2026-07-01,2026,Djerba,2,Volume de courses,25.972,Nombre,Haut,Somme
2026-07-01,2026,Djerba,3,Taux de complétion,0.9,Pourcentage,Haut,Niveau
2026-07-01,2026,Djerba,4,Note moyenne client,4.3,Note,Haut,Niveau
2026-07-01,2026,Djerba,5,Taux de marge,0.135,Pourcentage,Haut,Niveau
2026-07-01,2026,Djerba,6,Part payée par carte,0.45,Pourcentage,Haut,Niveau
2026-07-01,2026,Djerba,7,Coût flotte / CA,0.085,Pourcentage,Bas,Niveau
2026-07-01,2026,Djerba,8,Coût marketing / CA,0.035,Pourcentage,Bas,Niveau
2026-07-01,2026,Monastir,1,Chiffre d’affaires,440.99,TND,Haut,Somme
2026-07-01,2026,Monastir,2,Volume de courses,21.235,Nombre,Haut,Somme
2026-07-01,2026,Monastir,3,Taux de complétion,0.9,Pourcentage,Haut,Niveau
2026-07-01,2026,Monastir,4,Note moyenne client,4.3,Note,Haut,Niveau
2026-07-01,2026,Monastir,5,Taux de marge,0.135,Pourcentage,Haut,Niveau
2026-07-01,2026,Monastir,6,Part payée par carte,0.45,Pourcentage,Haut,Niveau
2026-07-01,2026,Monastir,7,Coût flotte / CA,0.085,Pourcentage,Bas,Niveau
2026-07-01,2026,Monastir,8,Coût marketing / CA,0.035,Pourcentage,Bas,Niveau
2026-07-01,2026,Mahdia,1,Chiffre d’affaires,382.74,TND,Haut,Somme
2026-07-01,2026,Mahdia,2,Volume de courses,18.43,Nombre,Haut,Somme
2026-07-01,2026,Mahdia,3,Taux de complétion,0.9,Pourcentage,Haut,Niveau
2026-07-01,2026,Mahdia,4,Note moyenne client,4.3,Note,Haut,Niveau
2026-07-01,2026,Mahdia,5,Taux de marge,0.135,Pourcentage,Haut,Niveau
2026-07-01,2026,Mahdia,6,Part payée par carte,0.45,Pourcentage,Haut,Niveau
2026-07-01,2026,Mahdia,7,Coût flotte / CA,0.085,Pourcentage,Bas,Niveau
2026-07-01,2026,Mahdia,8,Coût marketing / CA,0.035,Pourcentage,Bas,Niveau
2026-07-01,2026,Kairouan,1,Chiffre d’affaires,379.31,TND,Haut,Somme
2026-07-01,2026,Kairouan,2,Volume de courses,18.265,Nombre,Haut,Somme
2026-07-01,2026,Kairouan,3,Taux de complétion,0.9,Pourcentage,Haut,Niveau
2026-07-01,2026,Kairouan,4,Note moyenne client,4.3,Note,Haut,Niveau
2026-07-01,2026,Kairouan,5,Taux de marge,0.135,Pourcentage,Haut,Niveau
2026-07-01,2026,Kairouan,6,Part payée par carte,0.45,Pourcentage,Haut,Niveau
2026-07-01,2026,Kairouan,7,Coût flotte / CA,0.085,Pourcentage,Bas,Niveau
2026-07-01,2026,Kairouan,8,Coût marketing / CA,0.035,Pourcentage,Bas,Niveau
2026-07-01,2026,Manouba,1,Chiffre d’affaires,338.33,TND,Haut,Somme
2026-07-01,2026,Manouba,2,Volume de courses,16.291,Nombre,Haut,Somme
2026-07-01,2026,Manouba,3,Taux de complétion,0.9,Pourcentage,Haut,Niveau
2026-07-01,2026,Manouba,4,Note moyenne client,4.3,Note,Haut,Niveau
2026-07-01,2026,Manouba,5,Taux de marge,0.135,Pourcentage,Haut,Niveau
2026-07-01,2026,Manouba,6,Part payée par carte,0.45,Pourcentage,Haut,Niveau
2026-07-01,2026,Manouba,7,Coût flotte / CA,0.085,Pourcentage,Bas,Niveau
2026-07-01,2026,Manouba,8,Coût marketing / CA,0.035,Pourcentage,Bas,Niveau
2026-07-01,2026,Gabès,1,Chiffre d’affaires,302.75,TND,Haut,Somme
2026-07-01,2026,Gabès,2,Volume de courses,14.578,Nombre,Haut,Somme
2026-07-01,2026,Gabès,3,Taux de complétion,0.9,Pourcentage,Haut,Niveau
2026-07-01,2026,Gabès,4,Note moyenne client,4.3,Note,Haut,Niveau
2026-07-01,2026,Gabès,5,Taux de marge,0.135,Pourcentage,Haut,Niveau
2026-07-01,2026,Gabès,6,Part payée par carte,0.45,Pourcentage,Haut,Niveau
2026-07-01,2026,Gabès,7,Coût flotte / CA,0.085,Pourcentage,Bas,Niveau
2026-07-01,2026,Gabès,8,Coût marketing / CA,0.035,Pourcentage,Bas,Niveau
2026-08-01,2026,Tunis,1,Chiffre d’affaires,2401.38,TND,Haut,Somme
2026-08-01,2026,Tunis,2,Volume de courses,115.497,Nombre,Haut,Somme
2026-08-01,2026,Tunis,3,Taux de complétion,0.9,Pourcentage,Haut,Niveau
2026-08-01,2026,Tunis,4,Note moyenne client,4.3,Note,Haut,Niveau
2026-08-01,2026,Tunis,5,Taux de marge,0.135,Pourcentage,Haut,Niveau
2026-08-01,2026,Tunis,6,Part payée par carte,0.45,Pourcentage,Haut,Niveau
2026-08-01,2026,Tunis,7,Coût flotte / CA,0.085,Pourcentage,Bas,Niveau
2026-08-01,2026,Tunis,8,Coût marketing / CA,0.035,Pourcentage,Bas,Niveau
2026-08-01,2026,Sfax,1,Chiffre d’affaires,1273.39,TND,Haut,Somme
2026-08-01,2026,Sfax,2,Volume de courses,61.245,Nombre,Haut,Somme
2026-08-01,2026,Sfax,3,Taux de complétion,0.9,Pourcentage,Haut,Niveau
2026-08-01,2026,Sfax,4,Note moyenne client,4.3,Note,Haut,Niveau
2026-08-01,2026,Sfax,5,Taux de marge,0.135,Pourcentage,Haut,Niveau
2026-08-01,2026,Sfax,6,Part payée par carte,0.45,Pourcentage,Haut,Niveau
2026-08-01,2026,Sfax,7,Coût flotte / CA,0.085,Pourcentage,Bas,Niveau
2026-08-01,2026,Sfax,8,Coût marketing / CA,0.035,Pourcentage,Bas,Niveau
2026-08-01,2026,Sousse,1,Chiffre d’affaires,1197.1,TND,Haut,Somme
2026-08-01,2026,Sousse,2,Volume de courses,57.576,Nombre,Haut,Somme
2026-08-01,2026,Sousse,3,Taux de complétion,0.9,Pourcentage,Haut,Niveau
2026-08-01,2026,Sousse,4,Note moyenne client,4.3,Note,Haut,Niveau
2026-08-01,2026,Sousse,5,Taux de marge,0.135,Pourcentage,Haut,Niveau
2026-08-01,2026,Sousse,6,Part payée par carte,0.45,Pourcentage,Haut,Niveau
2026-08-01,2026,Sousse,7,Coût flotte / CA,0.085,Pourcentage,Bas,Niveau
2026-08-01,2026,Sousse,8,Coût marketing / CA,0.035,Pourcentage,Bas,Niveau
2026-08-01,2026,Ariana,1,Chiffre d’affaires,945.4,TND,Haut,Somme
2026-08-01,2026,Ariana,2,Volume de courses,45.47,Nombre,Haut,Somme
2026-08-01,2026,Ariana,3,Taux de complétion,0.9,Pourcentage,Haut,Niveau
2026-08-01,2026,Ariana,4,Note moyenne client,4.3,Note,Haut,Niveau
2026-08-01,2026,Ariana,5,Taux de marge,0.135,Pourcentage,Haut,Niveau
2026-08-01,2026,Ariana,6,Part payée par carte,0.45,Pourcentage,Haut,Niveau
2026-08-01,2026,Ariana,7,Coût flotte / CA,0.085,Pourcentage,Bas,Niveau
2026-08-01,2026,Ariana,8,Coût marketing / CA,0.035,Pourcentage,Bas,Niveau
2026-08-01,2026,Ben Arous,1,Chiffre d’affaires,793.77,TND,Haut,Somme
2026-08-01,2026,Ben Arous,2,Volume de courses,38.177,Nombre,Haut,Somme
2026-08-01,2026,Ben Arous,3,Taux de complétion,0.9,Pourcentage,Haut,Niveau
2026-08-01,2026,Ben Arous,4,Note moyenne client,4.3,Note,Haut,Niveau
2026-08-01,2026,Ben Arous,5,Taux de marge,0.135,Pourcentage,Haut,Niveau
2026-08-01,2026,Ben Arous,6,Part payée par carte,0.45,Pourcentage,Haut,Niveau
2026-08-01,2026,Ben Arous,7,Coût flotte / CA,0.085,Pourcentage,Bas,Niveau
2026-08-01,2026,Ben Arous,8,Coût marketing / CA,0.035,Pourcentage,Bas,Niveau
2026-08-01,2026,Bizerte,1,Chiffre d’affaires,614.81,TND,Haut,Somme
2026-08-01,2026,Bizerte,2,Volume de courses,29.57,Nombre,Haut,Somme
2026-08-01,2026,Bizerte,3,Taux de complétion,0.9,Pourcentage,Haut,Niveau
2026-08-01,2026,Bizerte,4,Note moyenne client,4.3,Note,Haut,Niveau
2026-08-01,2026,Bizerte,5,Taux de marge,0.135,Pourcentage,Haut,Niveau
2026-08-01,2026,Bizerte,6,Part payée par carte,0.45,Pourcentage,Haut,Niveau
2026-08-01,2026,Bizerte,7,Coût flotte / CA,0.085,Pourcentage,Bas,Niveau
2026-08-01,2026,Bizerte,8,Coût marketing / CA,0.035,Pourcentage,Bas,Niveau
2026-08-01,2026,Nabeul,1,Chiffre d’affaires,582.94,TND,Haut,Somme
2026-08-01,2026,Nabeul,2,Volume de courses,28.037,Nombre,Haut,Somme
2026-08-01,2026,Nabeul,3,Taux de complétion,0.9,Pourcentage,Haut,Niveau
2026-08-01,2026,Nabeul,4,Note moyenne client,4.3,Note,Haut,Niveau
2026-08-01,2026,Nabeul,5,Taux de marge,0.135,Pourcentage,Haut,Niveau
2026-08-01,2026,Nabeul,6,Part payée par carte,0.45,Pourcentage,Haut,Niveau
2026-08-01,2026,Nabeul,7,Coût flotte / CA,0.085,Pourcentage,Bas,Niveau
2026-08-01,2026,Nabeul,8,Coût marketing / CA,0.035,Pourcentage,Bas,Niveau
2026-08-01,2026,Djerba,1,Chiffre d’affaires,547.8,TND,Haut,Somme
2026-08-01,2026,Djerba,2,Volume de courses,26.347,Nombre,Haut,Somme
2026-08-01,2026,Djerba,3,Taux de complétion,0.9,Pourcentage,Haut,Niveau
2026-08-01,2026,Djerba,4,Note moyenne client,4.3,Note,Haut,Niveau
2026-08-01,2026,Djerba,5,Taux de marge,0.135,Pourcentage,Haut,Niveau
2026-08-01,2026,Djerba,6,Part payée par carte,0.45,Pourcentage,Haut,Niveau
2026-08-01,2026,Djerba,7,Coût flotte / CA,0.085,Pourcentage,Bas,Niveau
2026-08-01,2026,Djerba,8,Coût marketing / CA,0.035,Pourcentage,Bas,Niveau
2026-08-01,2026,Monastir,1,Chiffre d’affaires,447.88,TND,Haut,Somme
2026-08-01,2026,Monastir,2,Volume de courses,21.541,Nombre,Haut,Somme
2026-08-01,2026,Monastir,3,Taux de complétion,0.9,Pourcentage,Haut,Niveau
2026-08-01,2026,Monastir,4,Note moyenne client,4.3,Note,Haut,Niveau
2026-08-01,2026,Monastir,5,Taux de marge,0.135,Pourcentage,Haut,Niveau
2026-08-01,2026,Monastir,6,Part payée par carte,0.45,Pourcentage,Haut,Niveau
2026-08-01,2026,Monastir,7,Coût flotte / CA,0.085,Pourcentage,Bas,Niveau
2026-08-01,2026,Monastir,8,Coût marketing / CA,0.035,Pourcentage,Bas,Niveau
2026-08-01,2026,Mahdia,1,Chiffre d’affaires,388.72,TND,Haut,Somme
2026-08-01,2026,Mahdia,2,Volume de courses,18.696,Nombre,Haut,Somme
2026-08-01,2026,Mahdia,3,Taux de complétion,0.9,Pourcentage,Haut,Niveau
2026-08-01,2026,Mahdia,4,Note moyenne client,4.3,Note,Haut,Niveau
2026-08-01,2026,Mahdia,5,Taux de marge,0.135,Pourcentage,Haut,Niveau
2026-08-01,2026,Mahdia,6,Part payée par carte,0.45,Pourcentage,Haut,Niveau
2026-08-01,2026,Mahdia,7,Coût flotte / CA,0.085,Pourcentage,Bas,Niveau
2026-08-01,2026,Mahdia,8,Coût marketing / CA,0.035,Pourcentage,Bas,Niveau
2026-08-01,2026,Kairouan,1,Chiffre d’affaires,385.24,TND,Haut,Somme
2026-08-01,2026,Kairouan,2,Volume de courses,18.528,Nombre,Haut,Somme
2026-08-01,2026,Kairouan,3,Taux de complétion,0.9,Pourcentage,Haut,Niveau
2026-08-01,2026,Kairouan,4,Note moyenne client,4.3,Note,Haut,Niveau
2026-08-01,2026,Kairouan,5,Taux de marge,0.135,Pourcentage,Haut,Niveau
2026-08-01,2026,Kairouan,6,Part payée par carte,0.45,Pourcentage,Haut,Niveau
2026-08-01,2026,Kairouan,7,Coût flotte / CA,0.085,Pourcentage,Bas,Niveau
2026-08-01,2026,Kairouan,8,Coût marketing / CA,0.035,Pourcentage,Bas,Niveau
2026-08-01,2026,Manouba,1,Chiffre d’affaires,343.61,TND,Haut,Somme
2026-08-01,2026,Manouba,2,Volume de courses,16.526,Nombre,Haut,Somme
2026-08-01,2026,Manouba,3,Taux de complétion,0.9,Pourcentage,Haut,Niveau
2026-08-01,2026,Manouba,4,Note moyenne client,4.3,Note,Haut,Niveau
2026-08-01,2026,Manouba,5,Taux de marge,0.135,Pourcentage,Haut,Niveau
2026-08-01,2026,Manouba,6,Part payée par carte,0.45,Pourcentage,Haut,Niveau
2026-08-01,2026,Manouba,7,Coût flotte / CA,0.085,Pourcentage,Bas,Niveau
2026-08-01,2026,Manouba,8,Coût marketing / CA,0.035,Pourcentage,Bas,Niveau
2026-08-01,2026,Gabès,1,Chiffre d’affaires,307.49,TND,Haut,Somme
2026-08-01,2026,Gabès,2,Volume de courses,14.789,Nombre,Haut,Somme
2026-08-01,2026,Gabès,3,Taux de complétion,0.9,Pourcentage,Haut,Niveau
2026-08-01,2026,Gabès,4,Note moyenne client,4.3,Note,Haut,Niveau
2026-08-01,2026,Gabès,5,Taux de marge,0.135,Pourcentage,Haut,Niveau
2026-08-01,2026,Gabès,6,Part payée par carte,0.45,Pourcentage,Haut,Niveau
2026-08-01,2026,Gabès,7,Coût flotte / CA,0.085,Pourcentage,Bas,Niveau
2026-08-01,2026,Gabès,8,Coût marketing / CA,0.035,Pourcentage,Bas,Niveau
2026-09-01,2026,Tunis,1,Chiffre d’affaires,1939.58,TND,Haut,Somme
2026-09-01,2026,Tunis,2,Volume de courses,93.431,Nombre,Haut,Somme
2026-09-01,2026,Tunis,3,Taux de complétion,0.9,Pourcentage,Haut,Niveau
2026-09-01,2026,Tunis,4,Note moyenne client,4.3,Note,Haut,Niveau
2026-09-01,2026,Tunis,5,Taux de marge,0.135,Pourcentage,Haut,Niveau
2026-09-01,2026,Tunis,6,Part payée par carte,0.45,Pourcentage,Haut,Niveau
2026-09-01,2026,Tunis,7,Coût flotte / CA,0.085,Pourcentage,Bas,Niveau
2026-09-01,2026,Tunis,8,Coût marketing / CA,0.035,Pourcentage,Bas,Niveau
2026-09-01,2026,Sfax,1,Chiffre d’affaires,1028.51,TND,Haut,Somme
2026-09-01,2026,Sfax,2,Volume de courses,49.544,Nombre,Haut,Somme
2026-09-01,2026,Sfax,3,Taux de complétion,0.9,Pourcentage,Haut,Niveau
2026-09-01,2026,Sfax,4,Note moyenne client,4.3,Note,Haut,Niveau
2026-09-01,2026,Sfax,5,Taux de marge,0.135,Pourcentage,Haut,Niveau
2026-09-01,2026,Sfax,6,Part payée par carte,0.45,Pourcentage,Haut,Niveau
2026-09-01,2026,Sfax,7,Coût flotte / CA,0.085,Pourcentage,Bas,Niveau
2026-09-01,2026,Sfax,8,Coût marketing / CA,0.035,Pourcentage,Bas,Niveau
2026-09-01,2026,Sousse,1,Chiffre d’affaires,966.89,TND,Haut,Somme
2026-09-01,2026,Sousse,2,Volume de courses,46.576,Nombre,Haut,Somme
2026-09-01,2026,Sousse,3,Taux de complétion,0.9,Pourcentage,Haut,Niveau
2026-09-01,2026,Sousse,4,Note moyenne client,4.3,Note,Haut,Niveau
2026-09-01,2026,Sousse,5,Taux de marge,0.135,Pourcentage,Haut,Niveau
2026-09-01,2026,Sousse,6,Part payée par carte,0.45,Pourcentage,Haut,Niveau
2026-09-01,2026,Sousse,7,Coût flotte / CA,0.085,Pourcentage,Bas,Niveau
2026-09-01,2026,Sousse,8,Coût marketing / CA,0.035,Pourcentage,Bas,Niveau
2026-09-01,2026,Ariana,1,Chiffre d’affaires,763.59,TND,Haut,Somme
2026-09-01,2026,Ariana,2,Volume de courses,36.783,Nombre,Haut,Somme
2026-09-01,2026,Ariana,3,Taux de complétion,0.9,Pourcentage,Haut,Niveau
2026-09-01,2026,Ariana,4,Note moyenne client,4.3,Note,Haut,Niveau
2026-09-01,2026,Ariana,5,Taux de marge,0.135,Pourcentage,Haut,Niveau
2026-09-01,2026,Ariana,6,Part payée par carte,0.45,Pourcentage,Haut,Niveau
2026-09-01,2026,Ariana,7,Coût flotte / CA,0.085,Pourcentage,Bas,Niveau
2026-09-01,2026,Ariana,8,Coût marketing / CA,0.035,Pourcentage,Bas,Niveau
2026-09-01,2026,Ben Arous,1,Chiffre d’affaires,641.12,TND,Haut,Somme
2026-09-01,2026,Ben Arous,2,Volume de courses,30.883,Nombre,Haut,Somme
2026-09-01,2026,Ben Arous,3,Taux de complétion,0.9,Pourcentage,Haut,Niveau
2026-09-01,2026,Ben Arous,4,Note moyenne client,4.3,Note,Haut,Niveau
2026-09-01,2026,Ben Arous,5,Taux de marge,0.135,Pourcentage,Haut,Niveau
2026-09-01,2026,Ben Arous,6,Part payée par carte,0.45,Pourcentage,Haut,Niveau
2026-09-01,2026,Ben Arous,7,Coût flotte / CA,0.085,Pourcentage,Bas,Niveau
2026-09-01,2026,Ben Arous,8,Coût marketing / CA,0.035,Pourcentage,Bas,Niveau
2026-09-01,2026,Bizerte,1,Chiffre d’affaires,496.57,TND,Haut,Somme
2026-09-01,2026,Bizerte,2,Volume de courses,23.92,Nombre,Haut,Somme
2026-09-01,2026,Bizerte,3,Taux de complétion,0.9,Pourcentage,Haut,Niveau
2026-09-01,2026,Bizerte,4,Note moyenne client,4.3,Note,Haut,Niveau
2026-09-01,2026,Bizerte,5,Taux de marge,0.135,Pourcentage,Haut,Niveau
2026-09-01,2026,Bizerte,6,Part payée par carte,0.45,Pourcentage,Haut,Niveau
2026-09-01,2026,Bizerte,7,Coût flotte / CA,0.085,Pourcentage,Bas,Niveau
2026-09-01,2026,Bizerte,8,Coût marketing / CA,0.035,Pourcentage,Bas,Niveau
2026-09-01,2026,Nabeul,1,Chiffre d’affaires,470.83,TND,Haut,Somme
2026-09-01,2026,Nabeul,2,Volume de courses,22.68,Nombre,Haut,Somme
2026-09-01,2026,Nabeul,3,Taux de complétion,0.9,Pourcentage,Haut,Niveau
2026-09-01,2026,Nabeul,4,Note moyenne client,4.3,Note,Haut,Niveau
2026-09-01,2026,Nabeul,5,Taux de marge,0.135,Pourcentage,Haut,Niveau
2026-09-01,2026,Nabeul,6,Part payée par carte,0.45,Pourcentage,Haut,Niveau
2026-09-01,2026,Nabeul,7,Coût flotte / CA,0.085,Pourcentage,Bas,Niveau
2026-09-01,2026,Nabeul,8,Coût marketing / CA,0.035,Pourcentage,Bas,Niveau
2026-09-01,2026,Djerba,1,Chiffre d’affaires,442.46,TND,Haut,Somme
2026-09-01,2026,Djerba,2,Volume de courses,21.313,Nombre,Haut,Somme
2026-09-01,2026,Djerba,3,Taux de complétion,0.9,Pourcentage,Haut,Niveau
2026-09-01,2026,Djerba,4,Note moyenne client,4.3,Note,Haut,Niveau
2026-09-01,2026,Djerba,5,Taux de marge,0.135,Pourcentage,Haut,Niveau
2026-09-01,2026,Djerba,6,Part payée par carte,0.45,Pourcentage,Haut,Niveau
2026-09-01,2026,Djerba,7,Coût flotte / CA,0.085,Pourcentage,Bas,Niveau
2026-09-01,2026,Djerba,8,Coût marketing / CA,0.035,Pourcentage,Bas,Niveau
2026-09-01,2026,Monastir,1,Chiffre d’affaires,361.75,TND,Haut,Somme
2026-09-01,2026,Monastir,2,Volume de courses,17.426,Nombre,Haut,Somme
2026-09-01,2026,Monastir,3,Taux de complétion,0.9,Pourcentage,Haut,Niveau
2026-09-01,2026,Monastir,4,Note moyenne client,4.3,Note,Haut,Niveau
2026-09-01,2026,Monastir,5,Taux de marge,0.135,Pourcentage,Haut,Niveau
2026-09-01,2026,Monastir,6,Part payée par carte,0.45,Pourcentage,Haut,Niveau
2026-09-01,2026,Monastir,7,Coût flotte / CA,0.085,Pourcentage,Bas,Niveau
2026-09-01,2026,Monastir,8,Coût marketing / CA,0.035,Pourcentage,Bas,Niveau
2026-09-01,2026,Mahdia,1,Chiffre d’affaires,313.96,TND,Haut,Somme
2026-09-01,2026,Mahdia,2,Volume de courses,15.124,Nombre,Haut,Somme
2026-09-01,2026,Mahdia,3,Taux de complétion,0.9,Pourcentage,Haut,Niveau
2026-09-01,2026,Mahdia,4,Note moyenne client,4.3,Note,Haut,Niveau
2026-09-01,2026,Mahdia,5,Taux de marge,0.135,Pourcentage,Haut,Niveau
2026-09-01,2026,Mahdia,6,Part payée par carte,0.45,Pourcentage,Haut,Niveau
2026-09-01,2026,Mahdia,7,Coût flotte / CA,0.085,Pourcentage,Bas,Niveau
2026-09-01,2026,Mahdia,8,Coût marketing / CA,0.035,Pourcentage,Bas,Niveau
2026-09-01,2026,Kairouan,1,Chiffre d’affaires,311.15,TND,Haut,Somme
2026-09-01,2026,Kairouan,2,Volume de courses,14.988,Nombre,Haut,Somme
2026-09-01,2026,Kairouan,3,Taux de complétion,0.9,Pourcentage,Haut,Niveau
2026-09-01,2026,Kairouan,4,Note moyenne client,4.3,Note,Haut,Niveau
2026-09-01,2026,Kairouan,5,Taux de marge,0.135,Pourcentage,Haut,Niveau
2026-09-01,2026,Kairouan,6,Part payée par carte,0.45,Pourcentage,Haut,Niveau
2026-09-01,2026,Kairouan,7,Coût flotte / CA,0.085,Pourcentage,Bas,Niveau
2026-09-01,2026,Kairouan,8,Coût marketing / CA,0.035,Pourcentage,Bas,Niveau
2026-09-01,2026,Manouba,1,Chiffre d’affaires,277.53,TND,Haut,Somme
2026-09-01,2026,Manouba,2,Volume de courses,13.369,Nombre,Haut,Somme
2026-09-01,2026,Manouba,3,Taux de complétion,0.9,Pourcentage,Haut,Niveau
2026-09-01,2026,Manouba,4,Note moyenne client,4.3,Note,Haut,Niveau
2026-09-01,2026,Manouba,5,Taux de marge,0.135,Pourcentage,Haut,Niveau
2026-09-01,2026,Manouba,6,Part payée par carte,0.45,Pourcentage,Haut,Niveau
2026-09-01,2026,Manouba,7,Coût flotte / CA,0.085,Pourcentage,Bas,Niveau
2026-09-01,2026,Manouba,8,Coût marketing / CA,0.035,Pourcentage,Bas,Niveau
2026-09-01,2026,Gabès,1,Chiffre d’affaires,248.35,TND,Haut,Somme
2026-09-01,2026,Gabès,2,Volume de courses,11.963,Nombre,Haut,Somme
2026-09-01,2026,Gabès,3,Taux de complétion,0.9,Pourcentage,Haut,Niveau
2026-09-01,2026,Gabès,4,Note moyenne client,4.3,Note,Haut,Niveau
2026-09-01,2026,Gabès,5,Taux de marge,0.135,Pourcentage,Haut,Niveau
2026-09-01,2026,Gabès,6,Part payée par carte,0.45,Pourcentage,Haut,Niveau
2026-09-01,2026,Gabès,7,Coût flotte / CA,0.085,Pourcentage,Bas,Niveau
2026-09-01,2026,Gabès,8,Coût marketing / CA,0.035,Pourcentage,Bas,Niveau
2026-10-01,2026,Tunis,1,Chiffre d’affaires,1810.27,TND,Haut,Somme
2026-10-01,2026,Tunis,2,Volume de courses,87.092,Nombre,Haut,Somme
2026-10-01,2026,Tunis,3,Taux de complétion,0.9,Pourcentage,Haut,Niveau
2026-10-01,2026,Tunis,4,Note moyenne client,4.3,Note,Haut,Niveau
2026-10-01,2026,Tunis,5,Taux de marge,0.135,Pourcentage,Haut,Niveau
2026-10-01,2026,Tunis,6,Part payée par carte,0.45,Pourcentage,Haut,Niveau
2026-10-01,2026,Tunis,7,Coût flotte / CA,0.085,Pourcentage,Bas,Niveau
2026-10-01,2026,Tunis,8,Coût marketing / CA,0.035,Pourcentage,Bas,Niveau
2026-10-01,2026,Sfax,1,Chiffre d’affaires,959.94,TND,Haut,Somme
2026-10-01,2026,Sfax,2,Volume de courses,46.183,Nombre,Haut,Somme
2026-10-01,2026,Sfax,3,Taux de complétion,0.9,Pourcentage,Haut,Niveau
2026-10-01,2026,Sfax,4,Note moyenne client,4.3,Note,Haut,Niveau
2026-10-01,2026,Sfax,5,Taux de marge,0.135,Pourcentage,Haut,Niveau
2026-10-01,2026,Sfax,6,Part payée par carte,0.45,Pourcentage,Haut,Niveau
2026-10-01,2026,Sfax,7,Coût flotte / CA,0.085,Pourcentage,Bas,Niveau
2026-10-01,2026,Sfax,8,Coût marketing / CA,0.035,Pourcentage,Bas,Niveau
2026-10-01,2026,Sousse,1,Chiffre d’affaires,902.43,TND,Haut,Somme
2026-10-01,2026,Sousse,2,Volume de courses,43.416,Nombre,Haut,Somme
2026-10-01,2026,Sousse,3,Taux de complétion,0.9,Pourcentage,Haut,Niveau
2026-10-01,2026,Sousse,4,Note moyenne client,4.3,Note,Haut,Niveau
2026-10-01,2026,Sousse,5,Taux de marge,0.135,Pourcentage,Haut,Niveau
2026-10-01,2026,Sousse,6,Part payée par carte,0.45,Pourcentage,Haut,Niveau
2026-10-01,2026,Sousse,7,Coût flotte / CA,0.085,Pourcentage,Bas,Niveau
2026-10-01,2026,Sousse,8,Coût marketing / CA,0.035,Pourcentage,Bas,Niveau
2026-10-01,2026,Ariana,1,Chiffre d’affaires,712.68,TND,Haut,Somme
2026-10-01,2026,Ariana,2,Volume de courses,34.287,Nombre,Haut,Somme
2026-10-01,2026,Ariana,3,Taux de complétion,0.9,Pourcentage,Haut,Niveau
2026-10-01,2026,Ariana,4,Note moyenne client,4.3,Note,Haut,Niveau
2026-10-01,2026,Ariana,5,Taux de marge,0.135,Pourcentage,Haut,Niveau
2026-10-01,2026,Ariana,6,Part payée par carte,0.45,Pourcentage,Haut,Niveau
2026-10-01,2026,Ariana,7,Coût flotte / CA,0.085,Pourcentage,Bas,Niveau
2026-10-01,2026,Ariana,8,Coût marketing / CA,0.035,Pourcentage,Bas,Niveau
2026-10-01,2026,Ben Arous,1,Chiffre d’affaires,598.38,TND,Haut,Somme
2026-10-01,2026,Ben Arous,2,Volume de courses,28.788,Nombre,Haut,Somme
2026-10-01,2026,Ben Arous,3,Taux de complétion,0.9,Pourcentage,Haut,Niveau
2026-10-01,2026,Ben Arous,4,Note moyenne client,4.3,Note,Haut,Niveau
2026-10-01,2026,Ben Arous,5,Taux de marge,0.135,Pourcentage,Haut,Niveau
2026-10-01,2026,Ben Arous,6,Part payée par carte,0.45,Pourcentage,Haut,Niveau
2026-10-01,2026,Ben Arous,7,Coût flotte / CA,0.085,Pourcentage,Bas,Niveau
2026-10-01,2026,Ben Arous,8,Coût marketing / CA,0.035,Pourcentage,Bas,Niveau
2026-10-01,2026,Bizerte,1,Chiffre d’affaires,463.47,TND,Haut,Somme
2026-10-01,2026,Bizerte,2,Volume de courses,22.298,Nombre,Haut,Somme
2026-10-01,2026,Bizerte,3,Taux de complétion,0.9,Pourcentage,Haut,Niveau
2026-10-01,2026,Bizerte,4,Note moyenne client,4.3,Note,Haut,Niveau
2026-10-01,2026,Bizerte,5,Taux de marge,0.135,Pourcentage,Haut,Niveau
2026-10-01,2026,Bizerte,6,Part payée par carte,0.45,Pourcentage,Haut,Niveau
2026-10-01,2026,Bizerte,7,Coût flotte / CA,0.085,Pourcentage,Bas,Niveau
2026-10-01,2026,Bizerte,8,Coût marketing / CA,0.035,Pourcentage,Bas,Niveau
2026-10-01,2026,Nabeul,1,Chiffre d’affaires,439.44,TND,Haut,Somme
2026-10-01,2026,Nabeul,2,Volume de courses,21.142,Nombre,Haut,Somme
2026-10-01,2026,Nabeul,3,Taux de complétion,0.9,Pourcentage,Haut,Niveau
2026-10-01,2026,Nabeul,4,Note moyenne client,4.3,Note,Haut,Niveau
2026-10-01,2026,Nabeul,5,Taux de marge,0.135,Pourcentage,Haut,Niveau
2026-10-01,2026,Nabeul,6,Part payée par carte,0.45,Pourcentage,Haut,Niveau
2026-10-01,2026,Nabeul,7,Coût flotte / CA,0.085,Pourcentage,Bas,Niveau
2026-10-01,2026,Nabeul,8,Coût marketing / CA,0.035,Pourcentage,Bas,Niveau
2026-10-01,2026,Djerba,1,Chiffre d’affaires,412.96,TND,Haut,Somme
2026-10-01,2026,Djerba,2,Volume de courses,19.868,Nombre,Haut,Somme
2026-10-01,2026,Djerba,3,Taux de complétion,0.9,Pourcentage,Haut,Niveau
2026-10-01,2026,Djerba,4,Note moyenne client,4.3,Note,Haut,Niveau
2026-10-01,2026,Djerba,5,Taux de marge,0.135,Pourcentage,Haut,Niveau
2026-10-01,2026,Djerba,6,Part payée par carte,0.45,Pourcentage,Haut,Niveau
2026-10-01,2026,Djerba,7,Coût flotte / CA,0.085,Pourcentage,Bas,Niveau
2026-10-01,2026,Djerba,8,Coût marketing / CA,0.035,Pourcentage,Bas,Niveau
2026-10-01,2026,Monastir,1,Chiffre d’affaires,337.63,TND,Haut,Somme
2026-10-01,2026,Monastir,2,Volume de courses,16.243,Nombre,Haut,Somme
2026-10-01,2026,Monastir,3,Taux de complétion,0.9,Pourcentage,Haut,Niveau
2026-10-01,2026,Monastir,4,Note moyenne client,4.3,Note,Haut,Niveau
2026-10-01,2026,Monastir,5,Taux de marge,0.135,Pourcentage,Haut,Niveau
2026-10-01,2026,Monastir,6,Part payée par carte,0.45,Pourcentage,Haut,Niveau
2026-10-01,2026,Monastir,7,Coût flotte / CA,0.085,Pourcentage,Bas,Niveau
2026-10-01,2026,Monastir,8,Coût marketing / CA,0.035,Pourcentage,Bas,Niveau
2026-10-01,2026,Mahdia,1,Chiffre d’affaires,293.03,TND,Haut,Somme
2026-10-01,2026,Mahdia,2,Volume de courses,14.098,Nombre,Haut,Somme
2026-10-01,2026,Mahdia,3,Taux de complétion,0.9,Pourcentage,Haut,Niveau
2026-10-01,2026,Mahdia,4,Note moyenne client,4.3,Note,Haut,Niveau
2026-10-01,2026,Mahdia,5,Taux de marge,0.135,Pourcentage,Haut,Niveau
2026-10-01,2026,Mahdia,6,Part payée par carte,0.45,Pourcentage,Haut,Niveau
2026-10-01,2026,Mahdia,7,Coût flotte / CA,0.085,Pourcentage,Bas,Niveau
2026-10-01,2026,Mahdia,8,Coût marketing / CA,0.035,Pourcentage,Bas,Niveau
2026-10-01,2026,Kairouan,1,Chiffre d’affaires,290.41,TND,Haut,Somme
2026-10-01,2026,Kairouan,2,Volume de courses,13.972,Nombre,Haut,Somme
2026-10-01,2026,Kairouan,3,Taux de complétion,0.9,Pourcentage,Haut,Niveau
2026-10-01,2026,Kairouan,4,Note moyenne client,4.3,Note,Haut,Niveau
2026-10-01,2026,Kairouan,5,Taux de marge,0.135,Pourcentage,Haut,Niveau
2026-10-01,2026,Kairouan,6,Part payée par carte,0.45,Pourcentage,Haut,Niveau
2026-10-01,2026,Kairouan,7,Coût flotte / CA,0.085,Pourcentage,Bas,Niveau
2026-10-01,2026,Kairouan,8,Coût marketing / CA,0.035,Pourcentage,Bas,Niveau
2026-10-01,2026,Manouba,1,Chiffre d’affaires,259.03,TND,Haut,Somme
2026-10-01,2026,Manouba,2,Volume de courses,12.462,Nombre,Haut,Somme
2026-10-01,2026,Manouba,3,Taux de complétion,0.9,Pourcentage,Haut,Niveau
2026-10-01,2026,Manouba,4,Note moyenne client,4.3,Note,Haut,Niveau
2026-10-01,2026,Manouba,5,Taux de marge,0.135,Pourcentage,Haut,Niveau
2026-10-01,2026,Manouba,6,Part payée par carte,0.45,Pourcentage,Haut,Niveau
2026-10-01,2026,Manouba,7,Coût flotte / CA,0.085,Pourcentage,Bas,Niveau
2026-10-01,2026,Manouba,8,Coût marketing / CA,0.035,Pourcentage,Bas,Niveau
2026-10-01,2026,Gabès,1,Chiffre d’affaires,231.8,TND,Haut,Somme
2026-10-01,2026,Gabès,2,Volume de courses,11.152,Nombre,Haut,Somme
2026-10-01,2026,Gabès,3,Taux de complétion,0.9,Pourcentage,Haut,Niveau
2026-10-01,2026,Gabès,4,Note moyenne client,4.3,Note,Haut,Niveau
2026-10-01,2026,Gabès,5,Taux de marge,0.135,Pourcentage,Haut,Niveau
2026-10-01,2026,Gabès,6,Part payée par carte,0.45,Pourcentage,Haut,Niveau
2026-10-01,2026,Gabès,7,Coût flotte / CA,0.085,Pourcentage,Bas,Niveau
2026-10-01,2026,Gabès,8,Coût marketing / CA,0.035,Pourcentage,Bas,Niveau
2026-11-01,2026,Tunis,1,Chiffre d’affaires,1699.44,TND,Haut,Somme
2026-11-01,2026,Tunis,2,Volume de courses,81.693,Nombre,Haut,Somme
2026-11-01,2026,Tunis,3,Taux de complétion,0.9,Pourcentage,Haut,Niveau
2026-11-01,2026,Tunis,4,Note moyenne client,4.3,Note,Haut,Niveau
2026-11-01,2026,Tunis,5,Taux de marge,0.135,Pourcentage,Haut,Niveau
2026-11-01,2026,Tunis,6,Part payée par carte,0.45,Pourcentage,Haut,Niveau
2026-11-01,2026,Tunis,7,Coût flotte / CA,0.085,Pourcentage,Bas,Niveau
2026-11-01,2026,Tunis,8,Coût marketing / CA,0.035,Pourcentage,Bas,Niveau
2026-11-01,2026,Sfax,1,Chiffre d’affaires,901.17,TND,Haut,Somme
2026-11-01,2026,Sfax,2,Volume de courses,43.32,Nombre,Haut,Somme
2026-11-01,2026,Sfax,3,Taux de complétion,0.9,Pourcentage,Haut,Niveau
2026-11-01,2026,Sfax,4,Note moyenne client,4.3,Note,Haut,Niveau
2026-11-01,2026,Sfax,5,Taux de marge,0.135,Pourcentage,Haut,Niveau
2026-11-01,2026,Sfax,6,Part payée par carte,0.45,Pourcentage,Haut,Niveau
2026-11-01,2026,Sfax,7,Coût flotte / CA,0.085,Pourcentage,Bas,Niveau
2026-11-01,2026,Sfax,8,Coût marketing / CA,0.035,Pourcentage,Bas,Niveau
2026-11-01,2026,Sousse,1,Chiffre d’affaires,847.18,TND,Haut,Somme
2026-11-01,2026,Sousse,2,Volume de courses,40.724,Nombre,Haut,Somme
2026-11-01,2026,Sousse,3,Taux de complétion,0.9,Pourcentage,Haut,Niveau
2026-11-01,2026,Sousse,4,Note moyenne client,4.3,Note,Haut,Niveau
2026-11-01,2026,Sousse,5,Taux de marge,0.135,Pourcentage,Haut,Niveau
2026-11-01,2026,Sousse,6,Part payée par carte,0.45,Pourcentage,Haut,Niveau
2026-11-01,2026,Sousse,7,Coût flotte / CA,0.085,Pourcentage,Bas,Niveau
2026-11-01,2026,Sousse,8,Coût marketing / CA,0.035,Pourcentage,Bas,Niveau
2026-11-01,2026,Ariana,1,Chiffre d’affaires,669.05,TND,Haut,Somme
2026-11-01,2026,Ariana,2,Volume de courses,32.162,Nombre,Haut,Somme
2026-11-01,2026,Ariana,3,Taux de complétion,0.9,Pourcentage,Haut,Niveau
2026-11-01,2026,Ariana,4,Note moyenne client,4.3,Note,Haut,Niveau
2026-11-01,2026,Ariana,5,Taux de marge,0.135,Pourcentage,Haut,Niveau
2026-11-01,2026,Ariana,6,Part payée par carte,0.45,Pourcentage,Haut,Niveau
2026-11-01,2026,Ariana,7,Coût flotte / CA,0.085,Pourcentage,Bas,Niveau
2026-11-01,2026,Ariana,8,Coût marketing / CA,0.035,Pourcentage,Bas,Niveau
2026-11-01,2026,Ben Arous,1,Chiffre d’affaires,561.74,TND,Haut,Somme
2026-11-01,2026,Ben Arous,2,Volume de courses,27.003,Nombre,Haut,Somme
2026-11-01,2026,Ben Arous,3,Taux de complétion,0.9,Pourcentage,Haut,Niveau
2026-11-01,2026,Ben Arous,4,Note moyenne client,4.3,Note,Haut,Niveau
2026-11-01,2026,Ben Arous,5,Taux de marge,0.135,Pourcentage,Haut,Niveau
2026-11-01,2026,Ben Arous,6,Part payée par carte,0.45,Pourcentage,Haut,Niveau
2026-11-01,2026,Ben Arous,7,Coût flotte / CA,0.085,Pourcentage,Bas,Niveau
2026-11-01,2026,Ben Arous,8,Coût marketing / CA,0.035,Pourcentage,Bas,Niveau
2026-11-01,2026,Bizerte,1,Chiffre d’affaires,435.09,TND,Haut,Somme
2026-11-01,2026,Bizerte,2,Volume de courses,20.915,Nombre,Haut,Somme
2026-11-01,2026,Bizerte,3,Taux de complétion,0.9,Pourcentage,Haut,Niveau
2026-11-01,2026,Bizerte,4,Note moyenne client,4.3,Note,Haut,Niveau
2026-11-01,2026,Bizerte,5,Taux de marge,0.135,Pourcentage,Haut,Niveau
2026-11-01,2026,Bizerte,6,Part payée par carte,0.45,Pourcentage,Haut,Niveau
2026-11-01,2026,Bizerte,7,Coût flotte / CA,0.085,Pourcentage,Bas,Niveau
2026-11-01,2026,Bizerte,8,Coût marketing / CA,0.035,Pourcentage,Bas,Niveau
2026-11-01,2026,Nabeul,1,Chiffre d’affaires,412.54,TND,Haut,Somme
2026-11-01,2026,Nabeul,2,Volume de courses,19.831,Nombre,Haut,Somme
2026-11-01,2026,Nabeul,3,Taux de complétion,0.9,Pourcentage,Haut,Niveau
2026-11-01,2026,Nabeul,4,Note moyenne client,4.3,Note,Haut,Niveau
2026-11-01,2026,Nabeul,5,Taux de marge,0.135,Pourcentage,Haut,Niveau
2026-11-01,2026,Nabeul,6,Part payée par carte,0.45,Pourcentage,Haut,Niveau
2026-11-01,2026,Nabeul,7,Coût flotte / CA,0.085,Pourcentage,Bas,Niveau
2026-11-01,2026,Nabeul,8,Coût marketing / CA,0.035,Pourcentage,Bas,Niveau
2026-11-01,2026,Djerba,1,Chiffre d’affaires,387.68,TND,Haut,Somme
2026-11-01,2026,Djerba,2,Volume de courses,18.636,Nombre,Haut,Somme
2026-11-01,2026,Djerba,3,Taux de complétion,0.9,Pourcentage,Haut,Niveau
2026-11-01,2026,Djerba,4,Note moyenne client,4.3,Note,Haut,Niveau
2026-11-01,2026,Djerba,5,Taux de marge,0.135,Pourcentage,Haut,Niveau
2026-11-01,2026,Djerba,6,Part payée par carte,0.45,Pourcentage,Haut,Niveau
2026-11-01,2026,Djerba,7,Coût flotte / CA,0.085,Pourcentage,Bas,Niveau
2026-11-01,2026,Djerba,8,Coût marketing / CA,0.035,Pourcentage,Bas,Niveau
2026-11-01,2026,Monastir,1,Chiffre d’affaires,316.96,TND,Haut,Somme
2026-11-01,2026,Monastir,2,Volume de courses,15.236,Nombre,Haut,Somme
2026-11-01,2026,Monastir,3,Taux de complétion,0.9,Pourcentage,Haut,Niveau
2026-11-01,2026,Monastir,4,Note moyenne client,4.3,Note,Haut,Niveau
2026-11-01,2026,Monastir,5,Taux de marge,0.135,Pourcentage,Haut,Niveau
2026-11-01,2026,Monastir,6,Part payée par carte,0.45,Pourcentage,Haut,Niveau
2026-11-01,2026,Monastir,7,Coût flotte / CA,0.085,Pourcentage,Bas,Niveau
2026-11-01,2026,Monastir,8,Coût marketing / CA,0.035,Pourcentage,Bas,Niveau
2026-11-01,2026,Mahdia,1,Chiffre d’affaires,275.09,TND,Haut,Somme
2026-11-01,2026,Mahdia,2,Volume de courses,13.224,Nombre,Haut,Somme
2026-11-01,2026,Mahdia,3,Taux de complétion,0.9,Pourcentage,Haut,Niveau
2026-11-01,2026,Mahdia,4,Note moyenne client,4.3,Note,Haut,Niveau
2026-11-01,2026,Mahdia,5,Taux de marge,0.135,Pourcentage,Haut,Niveau
2026-11-01,2026,Mahdia,6,Part payée par carte,0.45,Pourcentage,Haut,Niveau
2026-11-01,2026,Mahdia,7,Coût flotte / CA,0.085,Pourcentage,Bas,Niveau
2026-11-01,2026,Mahdia,8,Coût marketing / CA,0.035,Pourcentage,Bas,Niveau
2026-11-01,2026,Kairouan,1,Chiffre d’affaires,272.63,TND,Haut,Somme
2026-11-01,2026,Kairouan,2,Volume de courses,13.105,Nombre,Haut,Somme
2026-11-01,2026,Kairouan,3,Taux de complétion,0.9,Pourcentage,Haut,Niveau
2026-11-01,2026,Kairouan,4,Note moyenne client,4.3,Note,Haut,Niveau
2026-11-01,2026,Kairouan,5,Taux de marge,0.135,Pourcentage,Haut,Niveau
2026-11-01,2026,Kairouan,6,Part payée par carte,0.45,Pourcentage,Haut,Niveau
2026-11-01,2026,Kairouan,7,Coût flotte / CA,0.085,Pourcentage,Bas,Niveau
2026-11-01,2026,Kairouan,8,Coût marketing / CA,0.035,Pourcentage,Bas,Niveau
2026-11-01,2026,Manouba,1,Chiffre d’affaires,243.17,TND,Haut,Somme
2026-11-01,2026,Manouba,2,Volume de courses,11.689,Nombre,Haut,Somme
2026-11-01,2026,Manouba,3,Taux de complétion,0.9,Pourcentage,Haut,Niveau
2026-11-01,2026,Manouba,4,Note moyenne client,4.3,Note,Haut,Niveau
2026-11-01,2026,Manouba,5,Taux de marge,0.135,Pourcentage,Haut,Niveau
2026-11-01,2026,Manouba,6,Part payée par carte,0.45,Pourcentage,Haut,Niveau
2026-11-01,2026,Manouba,7,Coût flotte / CA,0.085,Pourcentage,Bas,Niveau
2026-11-01,2026,Manouba,8,Coût marketing / CA,0.035,Pourcentage,Bas,Niveau
2026-11-01,2026,Gabès,1,Chiffre d’affaires,217.6,TND,Haut,Somme
2026-11-01,2026,Gabès,2,Volume de courses,10.46,Nombre,Haut,Somme
2026-11-01,2026,Gabès,3,Taux de complétion,0.9,Pourcentage,Haut,Niveau
2026-11-01,2026,Gabès,4,Note moyenne client,4.3,Note,Haut,Niveau
2026-11-01,2026,Gabès,5,Taux de marge,0.135,Pourcentage,Haut,Niveau
2026-11-01,2026,Gabès,6,Part payée par carte,0.45,Pourcentage,Haut,Niveau
2026-11-01,2026,Gabès,7,Coût flotte / CA,0.085,Pourcentage,Bas,Niveau
2026-11-01,2026,Gabès,8,Coût marketing / CA,0.035,Pourcentage,Bas,Niveau
2026-12-01,2026,Tunis,1,Chiffre d’affaires,2031.94,TND,Haut,Somme
2026-12-01,2026,Tunis,2,Volume de courses,97.891,Nombre,Haut,Somme
2026-12-01,2026,Tunis,3,Taux de complétion,0.9,Pourcentage,Haut,Niveau
2026-12-01,2026,Tunis,4,Note moyenne client,4.3,Note,Haut,Niveau
2026-12-01,2026,Tunis,5,Taux de marge,0.135,Pourcentage,Haut,Niveau
2026-12-01,2026,Tunis,6,Part payée par carte,0.45,Pourcentage,Haut,Niveau
2026-12-01,2026,Tunis,7,Coût flotte / CA,0.085,Pourcentage,Bas,Niveau
2026-12-01,2026,Tunis,8,Coût marketing / CA,0.035,Pourcentage,Bas,Niveau
2026-12-01,2026,Sfax,1,Chiffre d’affaires,1077.49,TND,Haut,Somme
2026-12-01,2026,Sfax,2,Volume de courses,51.909,Nombre,Haut,Somme
2026-12-01,2026,Sfax,3,Taux de complétion,0.9,Pourcentage,Haut,Niveau
2026-12-01,2026,Sfax,4,Note moyenne client,4.3,Note,Haut,Niveau
2026-12-01,2026,Sfax,5,Taux de marge,0.135,Pourcentage,Haut,Niveau
2026-12-01,2026,Sfax,6,Part payée par carte,0.45,Pourcentage,Haut,Niveau
2026-12-01,2026,Sfax,7,Coût flotte / CA,0.085,Pourcentage,Bas,Niveau
2026-12-01,2026,Sfax,8,Coût marketing / CA,0.035,Pourcentage,Bas,Niveau
2026-12-01,2026,Sousse,1,Chiffre d’affaires,1012.93,TND,Haut,Somme
2026-12-01,2026,Sousse,2,Volume de courses,48.799,Nombre,Haut,Somme
2026-12-01,2026,Sousse,3,Taux de complétion,0.9,Pourcentage,Haut,Niveau
2026-12-01,2026,Sousse,4,Note moyenne client,4.3,Note,Haut,Niveau
2026-12-01,2026,Sousse,5,Taux de marge,0.135,Pourcentage,Haut,Niveau
2026-12-01,2026,Sousse,6,Part payée par carte,0.45,Pourcentage,Haut,Niveau
2026-12-01,2026,Sousse,7,Coût flotte / CA,0.085,Pourcentage,Bas,Niveau
2026-12-01,2026,Sousse,8,Coût marketing / CA,0.035,Pourcentage,Bas,Niveau
2026-12-01,2026,Ariana,1,Chiffre d’affaires,799.95,TND,Haut,Somme
2026-12-01,2026,Ariana,2,Volume de courses,38.538,Nombre,Haut,Somme
2026-12-01,2026,Ariana,3,Taux de complétion,0.9,Pourcentage,Haut,Niveau
2026-12-01,2026,Ariana,4,Note moyenne client,4.3,Note,Haut,Niveau
2026-12-01,2026,Ariana,5,Taux de marge,0.135,Pourcentage,Haut,Niveau
2026-12-01,2026,Ariana,6,Part payée par carte,0.45,Pourcentage,Haut,Niveau
2026-12-01,2026,Ariana,7,Coût flotte / CA,0.085,Pourcentage,Bas,Niveau
2026-12-01,2026,Ariana,8,Coût marketing / CA,0.035,Pourcentage,Bas,Niveau
2026-12-01,2026,Ben Arous,1,Chiffre d’affaires,671.65,TND,Haut,Somme
2026-12-01,2026,Ben Arous,2,Volume de courses,32.357,Nombre,Haut,Somme
2026-12-01,2026,Ben Arous,3,Taux de complétion,0.9,Pourcentage,Haut,Niveau
2026-12-01,2026,Ben Arous,4,Note moyenne client,4.3,Note,Haut,Niveau
2026-12-01,2026,Ben Arous,5,Taux de marge,0.135,Pourcentage,Haut,Niveau
2026-12-01,2026,Ben Arous,6,Part payée par carte,0.45,Pourcentage,Haut,Niveau
2026-12-01,2026,Ben Arous,7,Coût flotte / CA,0.085,Pourcentage,Bas,Niveau
2026-12-01,2026,Ben Arous,8,Coût marketing / CA,0.035,Pourcentage,Bas,Niveau
2026-12-01,2026,Bizerte,1,Chiffre d’affaires,520.22,TND,Haut,Somme
2026-12-01,2026,Bizerte,2,Volume de courses,25.062,Nombre,Haut,Somme
2026-12-01,2026,Bizerte,3,Taux de complétion,0.9,Pourcentage,Haut,Niveau
2026-12-01,2026,Bizerte,4,Note moyenne client,4.3,Note,Haut,Niveau
2026-12-01,2026,Bizerte,5,Taux de marge,0.135,Pourcentage,Haut,Niveau
2026-12-01,2026,Bizerte,6,Part payée par carte,0.45,Pourcentage,Haut,Niveau
2026-12-01,2026,Bizerte,7,Coût flotte / CA,0.085,Pourcentage,Bas,Niveau
2026-12-01,2026,Bizerte,8,Coût marketing / CA,0.035,Pourcentage,Bas,Niveau
2026-12-01,2026,Nabeul,1,Chiffre d’affaires,493.25,TND,Haut,Somme
2026-12-01,2026,Nabeul,2,Volume de courses,23.763,Nombre,Haut,Somme
2026-12-01,2026,Nabeul,3,Taux de complétion,0.9,Pourcentage,Haut,Niveau
2026-12-01,2026,Nabeul,4,Note moyenne client,4.3,Note,Haut,Niveau
2026-12-01,2026,Nabeul,5,Taux de marge,0.135,Pourcentage,Haut,Niveau
2026-12-01,2026,Nabeul,6,Part payée par carte,0.45,Pourcentage,Haut,Niveau
2026-12-01,2026,Nabeul,7,Coût flotte / CA,0.085,Pourcentage,Bas,Niveau
2026-12-01,2026,Nabeul,8,Coût marketing / CA,0.035,Pourcentage,Bas,Niveau
2026-12-01,2026,Djerba,1,Chiffre d’affaires,463.53,TND,Haut,Somme
2026-12-01,2026,Djerba,2,Volume de courses,22.331,Nombre,Haut,Somme
2026-12-01,2026,Djerba,3,Taux de complétion,0.9,Pourcentage,Haut,Niveau
2026-12-01,2026,Djerba,4,Note moyenne client,4.3,Note,Haut,Niveau
2026-12-01,2026,Djerba,5,Taux de marge,0.135,Pourcentage,Haut,Niveau
2026-12-01,2026,Djerba,6,Part payée par carte,0.45,Pourcentage,Haut,Niveau
2026-12-01,2026,Djerba,7,Coût flotte / CA,0.085,Pourcentage,Bas,Niveau
2026-12-01,2026,Djerba,8,Coût marketing / CA,0.035,Pourcentage,Bas,Niveau
2026-12-01,2026,Monastir,1,Chiffre d’affaires,378.97,TND,Haut,Somme
2026-12-01,2026,Monastir,2,Volume de courses,18.257,Nombre,Haut,Somme
2026-12-01,2026,Monastir,3,Taux de complétion,0.9,Pourcentage,Haut,Niveau
2026-12-01,2026,Monastir,4,Note moyenne client,4.3,Note,Haut,Niveau
2026-12-01,2026,Monastir,5,Taux de marge,0.135,Pourcentage,Haut,Niveau
2026-12-01,2026,Monastir,6,Part payée par carte,0.45,Pourcentage,Haut,Niveau
2026-12-01,2026,Monastir,7,Coût flotte / CA,0.085,Pourcentage,Bas,Niveau
2026-12-01,2026,Monastir,8,Coût marketing / CA,0.035,Pourcentage,Bas,Niveau
2026-12-01,2026,Mahdia,1,Chiffre d’affaires,328.91,TND,Haut,Somme
2026-12-01,2026,Mahdia,2,Volume de courses,15.846,Nombre,Haut,Somme
2026-12-01,2026,Mahdia,3,Taux de complétion,0.9,Pourcentage,Haut,Niveau
2026-12-01,2026,Mahdia,4,Note moyenne client,4.3,Note,Haut,Niveau
2026-12-01,2026,Mahdia,5,Taux de marge,0.135,Pourcentage,Haut,Niveau
2026-12-01,2026,Mahdia,6,Part payée par carte,0.45,Pourcentage,Haut,Niveau
2026-12-01,2026,Mahdia,7,Coût flotte / CA,0.085,Pourcentage,Bas,Niveau
2026-12-01,2026,Mahdia,8,Coût marketing / CA,0.035,Pourcentage,Bas,Niveau
2026-12-01,2026,Kairouan,1,Chiffre d’affaires,325.97,TND,Haut,Somme
2026-12-01,2026,Kairouan,2,Volume de courses,15.704,Nombre,Haut,Somme
2026-12-01,2026,Kairouan,3,Taux de complétion,0.9,Pourcentage,Haut,Niveau
2026-12-01,2026,Kairouan,4,Note moyenne client,4.3,Note,Haut,Niveau
2026-12-01,2026,Kairouan,5,Taux de marge,0.135,Pourcentage,Haut,Niveau
2026-12-01,2026,Kairouan,6,Part payée par carte,0.45,Pourcentage,Haut,Niveau
2026-12-01,2026,Kairouan,7,Coût flotte / CA,0.085,Pourcentage,Bas,Niveau
2026-12-01,2026,Kairouan,8,Coût marketing / CA,0.035,Pourcentage,Bas,Niveau
2026-12-01,2026,Manouba,1,Chiffre d’affaires,290.75,TND,Haut,Somme
2026-12-01,2026,Manouba,2,Volume de courses,14.007,Nombre,Haut,Somme
2026-12-01,2026,Manouba,3,Taux de complétion,0.9,Pourcentage,Haut,Niveau
2026-12-01,2026,Manouba,4,Note moyenne client,4.3,Note,Haut,Niveau
2026-12-01,2026,Manouba,5,Taux de marge,0.135,Pourcentage,Haut,Niveau
2026-12-01,2026,Manouba,6,Part payée par carte,0.45,Pourcentage,Haut,Niveau
2026-12-01,2026,Manouba,7,Coût flotte / CA,0.085,Pourcentage,Bas,Niveau
2026-12-01,2026,Manouba,8,Coût marketing / CA,0.035,Pourcentage,Bas,Niveau
2026-12-01,2026,Gabès,1,Chiffre d’affaires,260.18,TND,Haut,Somme
2026-12-01,2026,Gabès,2,Volume de courses,12.534,Nombre,Haut,Somme
2026-12-01,2026,Gabès,3,Taux de complétion,0.9,Pourcentage,Haut,Niveau
2026-12-01,2026,Gabès,4,Note moyenne client,4.3,Note,Haut,Niveau
2026-12-01,2026,Gabès,5,Taux de marge,0.135,Pourcentage,Haut,Niveau
2026-12-01,2026,Gabès,6,Part payée par carte,0.45,Pourcentage,Haut,Niveau
2026-12-01,2026,Gabès,7,Coût flotte / CA,0.085,Pourcentage,Bas,Niveau
2026-12-01,2026,Gabès,8,Coût marketing / CA,0.035,Pourcentage,Bas,Niveau
